Workbook

Sheet Plan for every part
C1: 50 A WEEK | H1: Weekly Demand: | I1: 125 | K1: Batch size in days: | L1: 3
B2: Model: | C2: Operator: | D2: Station: | E2: Cart: | F2: Bin: | G2: Step: | H2: Component: | I2: Quantity: | J2: Process route: | K2: Image: | L2: Widht: | M2: Depth: | N2: Height: | O2: in3: | P2: Storage: | Q2: Bin model: | R2: Bin capacity: | S2: Batch size: | T2: Days of stock: | U2: Required bins | V2: Bin location: | W2: Assembled using: | X2: Tool used to assemble:
B3: ASY-03128-24;A0 | C3: 1 | D3: 1 | E3: C1-B1-PB1-WS#1 | G3: 1 | H3: MTL-02321-01;A0 | I3: 1 | J3: LSR - BRK | L3: 17 | M3: 0.6 | N3: 0.8 | O3: =IFERROR(L3*M3*N3,"") -> 8.16 | P3: Bin | Q3: 1 | R3: =ROUNDUP(IFERROR(VLOOKUP(Q3,$AA$9:$AD$10,4,)/O3,""),0) -> 205 | S3: 100 | T3: =S3/(I3*25) -> 4 | U3: =S3/R3 -> 0.48780488 | W3: Place in fixture | X3: Manually | Z3: Type: | AA3: Part numbers assignment | AB3: Carts needed: | AC3: Cart dimensions: | AD3: Space used:
B4: ASY-03128-24;A0 | C4: 1 | D4: 1 | E4: C5-B2-PB5-WS#1 | G4: 2 | H4: ASY-05258-01;A0 | I4: 1 | J4: TURR - BRK - PEM | L4: 21 | M4: 18.6 | N4: 0.7 | O4: =IFERROR(L4*M4*N4,"") -> 273.42 | P4: Bin | Q4: 2 | R4: =ROUNDUP(IFERROR(VLOOKUP(Q4,$AA$9:$AD$10,4,)/O4,""),0) -> 40 | S4: 80 | T4: =S4/(I4*25) -> 3.2 | U4: =S4/R4 -> 2 | W4: SK41H x6 | X4: Rivet gun | Z4: Cart | AA4: =COUNTIF($P$3:$P$133,"Cart") -> 4
B5: ASY-03128-24;A0 | C5: 1 | D5: 1 | E5: C1-B1-PB1-WS#1 | G5: 3 | H5: GSKT-00352 | I5: 1 | J5: BUY | L5: 10 | M5: 0.5 | N5: 0.5 | O5: =IFERROR(L5*M5*N5,"") -> 2.5 | P5: Bin | Q5: 1 | R5: =ROUNDUP(IFERROR(VLOOKUP(Q5,$AA$9:$AD$10,4,)/O5,""),0) -> 668 | S5: 100 | T5: =S5/(I5*25) -> 4 | U5: =S5/R5 -> 0.1497006 | W5: Stick onto ASY-05258-01;A0 | X5: Manually | Z5: Bin 1 | AA5: =COUNTIF($Q$3:$Q$133,"1") -> 82 | AB5: =81/6 -> 13.5 | AC5: 2.1' x 4.6'
B6: ASY-03128-24;A0 | C6: 1 | D6: 1 | E6: C1-B1-PB1-WS#1 | G6: 3 | H6: GSKT-00353 | I6: 1 | J6: BUY | L6: 10.5 | M6: 0.5 | N6: 0.5 | O6: =IFERROR(L6*M6*N6,"") -> 2.625 | P6: Bin | Q6: 1 | R6: =ROUNDUP(IFERROR(VLOOKUP(Q6,$AA$9:$AD$10,4,)/O6,""),0) -> 637 | S6: 100 | T6: =S6/(I6*25) -> 4 | U6: =S6/R6 -> 0.15698587 | W6: Stick onto ASY-05258-01;A0 | X6: Manually | Z6: Bin 2 | AA6: =COUNTIF($Q$3:$Q$133,"2") -> 36 | AB6: =53/2 -> 26.5 | AC6: 2.1' x 4.6' | AD6: 9 x 3 Array 18.9' x 13.8'
B7: ASY-03128-24;A0 | C7: 1 | D7: 1 | E7: C1-B1-PB1-WS#1 | G7: 4 | H7: MTL-02217-01;A0 | I7: 1 | J7: TURR - BRK | L7: 15.7 | M7: 1.5 | N7: 1.2 | O7: =IFERROR(L7*M7*N7,"") -> 28.26 | P7: Bin | Q7: 1 | R7: =ROUNDUP(IFERROR(VLOOKUP(Q7,$AA$9:$AD$10,4,)/O7,""),0) -> 60 | S7: 120 | T7: =S7/(I7*25) -> 4.8 | U7: =S7/R7 -> 2 | W7: SK41H x14 | X7: Rivet gun
B8: ASY-03128-24;A0 | C8: 1 | D8: 1 | E8: C6-B2-PB6-WS#1 | G8: 4 | H8: ASY-05257-01;A0 | I8: 1 | J8: TURR - BRK - PEM | L8: 21 | M8: 17.5 | N8: 1.2 | O8: =IFERROR(L8*M8*N8,"") -> 441 | P8: Bin | Q8: 2 | R8: =ROUNDUP(IFERROR(VLOOKUP(Q8,$AA$9:$AD$10,4,)/O8,""),0) -> 25 | S8: 50 | T8: =S8/(I8*25) -> 2 | U8: =S8/R8 -> 2 | W8: Assembled to MTL-02217-01;A0 | X8: Rivet gun | Z8: Bin | AA8: Bin ID | AB8: Outter dim | AC8: Inner dim | AD8: Inner vol
B9: ASY-03128-24;A0 | C9: 1 | D9: 2 | E9: C7-B2-PB7-WS#2 | G9: 5 | H9: ASY-05277-02;A0 | I9: 1 | J9: TURR - BRK - PEM | L9: 22.8 | M9: 17.2 | N9: 0.8 | O9: =IFERROR(L9*M9*N9,"") -> 313.728 | P9: Bin | Q9: 2 | R9: =ROUNDUP(IFERROR(VLOOKUP(Q9,$AA$9:$AD$10,4,)/O9,""),0) -> 35 | S9: 70 | T9: =S9/(I9*25) -> 2.8 | U9: =S9/R9 -> 2 | W9: SK41H x14 | X9: Rivet gun | Z9: 42185T92 | AA9: 1 | AB9: 11 x 23.87 x 10 | AC9: 9.4 x 18.7 x 9.5 | AD9: =9.4*18.7*9.5 -> 1669.91
B10: ASY-03128-24;A0 | C10: 1 | D10: 2 | E10: C2-B1-PB2-WS#2 | G10: 6 | H10: MTL-02324-02;A0 | I10: 1 | J10: TURR - BRK | L10: 16.1 | M10: 1.2 | N10: 0.4 | O10: =IFERROR(L10*M10*N10,"") -> 7.728 | P10: Bin | Q10: 1 | R10: =ROUNDUP(IFERROR(VLOOKUP(Q10,$AA$9:$AD$10,4,)/O10,""),0) -> 217 | S10: 100 | T10: =S10/(I10*25) -> 4 | U10: =S10/R10 -> 0.46082949 | W10: SK41H x9 | X10: Rivet gun | Z10: 28765T78 | AA10: 2 | AB10: 23.87 x 35.87 x 17.5 | AC10: 22.4 x 28.3 x 17.2 | AD10: =22.25*28.5*17 -> 10780.125
B11: ASY-03128-24;A0 | C11: 1 | D11: 2 | E11: C2-B1-PB2-WS#2 | G11: 6 | H11: MTL-02214-01;A1 | I11: 1 | J11: LSR - BRK - OSP | L11: 17 | M11: 1.4 | N11: 0.4 | O11: =IFERROR(L11*M11*N11,"") -> 9.52 | P11: Bin | Q11: 1 | R11: =ROUNDUP(IFERROR(VLOOKUP(Q11,$AA$9:$AD$10,4,)/O11,""),0) -> 176 | S11: 100 | T11: =S11/(I11*25) -> 4 | U11: =S11/R11 -> 0.56818182 | W11: Assembled to MTL-02324-02;A0 | X11: Rivet gun
B12: ASY-03128-24;A0 | C12: 1 | D12: 1 | E12: C1-B1-PB1-WS#1 | G12: 9 | H12: MTL-02216-03;A0 | I12: 1 | J12: LSR - BRK | L12: 16.9 | M12: 1.3 | N12: 0.4 | O12: =IFERROR(L12*M12*N12,"") -> 8.788 | P12: Bin | Q12: 1 | R12: =ROUNDUP(IFERROR(VLOOKUP(Q12,$AA$9:$AD$10,4,)/O12,""),0) -> 191 | S12: 100 | T12: =S12/(I12*25) -> 4 | U12: =S12/R12 -> 0.52356021 | W12: SK41H x11 | X12: Rivet gun
B13: ASY-03128-24;A0 | C13: 1 | D13: 1 | E13: C4-B2-PB4-WS#1 | G13: 9 | H13: ASY-05299-02;A0 | I13: 1 | J13: TURR - BRK - PEM | L13: 17.9 | M13: 17.2 | N13: 0.4 | O13: =IFERROR(L13*M13*N13,"") -> 123.152 | P13: Bin | Q13: 2 | R13: =ROUNDUP(IFERROR(VLOOKUP(Q13,$AA$9:$AD$10,4,)/O13,""),0) -> 88 | S13: 89 | T13: =S13/(I13*25) -> 3.56 | U13: =S13/R13 -> 1.0113636 | W13: Assembled to MTL-02216-03;A0 | X13: Rivet gun
B14: ASY-03128-24;A0 | C14: 1 | D14: 2 | E14: C2-B1-PB2-WS#2 | G14: 11 | H14: H FAS-00525 | I14: 6 | J14: BUY | L14: 3 | M14: 0.5 | N14: 0.5 | O14: =IFERROR(L14*M14*N14,"") -> 0.75 | P14: Bin | Q14: 1 | R14: =ROUNDUP(IFERROR(VLOOKUP(Q14,$AA$9:$AD$10,4,)/O14,""),0) -> 2227 | S14: 600 | T14: =S14/(I14*25) -> 4 | U14: =S14/R14 -> 0.26942075 | W14: Assembled into ASY-05275-01;A0 | X14: Manually
B15: ASY-03128-24;A0 | C15: 2 | D15: 3 | E15: C8-B1-PB8 | G15: 12 | H15: MTL-02215-02;A1 | I15: 1 | J15: LSR - BRK - OSP | L15: 17 | M15: 1.5 | N15: 0.4 | O15: =IFERROR(L15*M15*N15,"") -> 10.2 | P15: Bin | Q15: 1 | R15: =ROUNDUP(IFERROR(VLOOKUP(Q15,$AA$9:$AD$10,4,)/O15,""),0) -> 164 | S15: 100 | T15: =S15/(I15*25) -> 4 | U15: =S15/R15 -> 0.6097561 | W15: Assembled to ASY-05299-02;A0 SK41H x25 | X15: Rivet gun
B16: ASY-03128-24;A0 | C16: 2 | D16: 3 | E16: C8-B1-PB8 | G16: 13 | H16: MECH-02707-01;B0 | I16: 1 | J16: BUY | L16: 10.5 | M16: 0.5 | N16: 0.5 | O16: =IFERROR(L16*M16*N16,"") -> 2.625 | P16: Bin | Q16: 1 | R16: =ROUNDUP(IFERROR(VLOOKUP(Q16,$AA$9:$AD$10,4,)/O16,""),0) -> 637 | S16: 100 | T16: =S16/(I16*25) -> 4 | U16: =S16/R16 -> 0.15698587 | W16: Stick onto part | X16: Manually
B17: ASY-03128-24;A0 | C17: 2 | D17: 3 | E17: C8-B1-PB8 | G17: 14 | H17: A MECH-02688-02 | I17: 1 | J17: BUY | L17: 6 | M17: 1.5 | N17: 0.75 | O17: =IFERROR(L17*M17*N17,"") -> 6.75 | P17: Bin | Q17: 1 | R17: =ROUNDUP(IFERROR(VLOOKUP(Q17,$AA$9:$AD$10,4,)/O17,""),0) -> 248 | S17: 100 | T17: =S17/(I17*25) -> 4 | U17: =S17/R17 -> 0.40322581 | W17: Assembled into part | X17: Manually
B18: ASY-03128-24;A0 | C18: 2 | D18: 3 | E18: C8-B1-PB8 | G18: 15 | H18: A MECH-02687-02 | I18: 5 | J18: BUY | L18: 6.75 | M18: 1.25 | N18: 0.375 | O18: =IFERROR(L18*M18*N18,"") -> 3.1640625 | P18: Bin | Q18: 1 | R18: =ROUNDUP(IFERROR(VLOOKUP(Q18,$AA$9:$AD$10,4,)/O18,""),0) -> 528 | S18: 345 | T18: =S18/(I18*25) -> 2.76 | U18: =S18/R18 -> 0.65340909 | W18: Assembled into part | X18: Manually
B19: ASY-03128-24;A0 | C19: 2 | D19: 3 | E19: C8-B1-PB8 | G19: 16 | H19: ASY-03668-01;A0 | I19: 1 | J19: TURR - BRK - PEM | L19: 12.3 | M19: 0.5 | N19: 0.5 | O19: =IFERROR(L19*M19*N19,"") -> 3.075 | P19: Bin | Q19: 1 | R19: =ROUNDUP(IFERROR(VLOOKUP(Q19,$AA$9:$AD$10,4,)/O19,""),0) -> 544 | S19: 100 | T19: =S19/(I19*25) -> 4 | U19: =S19/R19 -> 0.18382353 | W19: Place in fixture | X19: Manually
B20: ASY-03128-24;A0 | C20: 2 | D20: 3 | E20: C9-B2-PB9 | G20: 17 | H20: MTL-02352-04;A0 | I20: 1 | J20: TURR - BRK | L20: 16.7 | M20: 14.2 | N20: 0.5 | O20: =IFERROR(L20*M20*N20,"") -> 118.57 | P20: Bin | Q20: 2 | R20: =ROUNDUP(IFERROR(VLOOKUP(Q20,$AA$9:$AD$10,4,)/O20,""),0) -> 91 | S20: 92 | T20: =S20/(I20*25) -> 3.68 | U20: =S20/R20 -> 1.010989 | W20: Aassembled to ASY-03668-01;A0 SK41H 5x | X20: Rivet gun
B21: ASY-03128-24;A0 | C21: 2 | D21: 3 | E21: C9-B2-PB9 | G21: 19 | H21: ASY-04181-02;A0 | I21: 1 | J21: TURR - BRK - PEM | L21: 17.1 | M21: 3.4 | N21: 3.1 | O21: =IFERROR(L21*M21*N21,"") -> 180.234 | P21: Bin | Q21: 2 | R21: =ROUNDUP(IFERROR(VLOOKUP(Q21,$AA$9:$AD$10,4,)/O21,""),0) -> 60 | S21: 61 | T21: =S21/(I21*25) -> 2.44 | U21: =S21/R21 -> 1.0166667 | W21: SK41H x16 | X21: Rivet gun
B22: ASY-03128-24;A0 | C22: 2 | D22: 3 | E22: C10-B2-PB10 | G22: 21 | H22: ASY-03157-02;A0 | I22: 1 | J22: TURR - BRK - PEM | L22: 17.2 | M22: 6.1 | N22: 4.8 | O22: =IFERROR(L22*M22*N22,"") -> 503.616 | P22: Bin | Q22: 2 | R22: =ROUNDUP(IFERROR(VLOOKUP(Q22,$AA$9:$AD$10,4,)/O22,""),0) -> 22 | S22: 44 | T22: =S22/(I22*25) -> 1.76 | U22: =S22/R22 -> 2 | W22: SK41H x21 | X22: Rivet gun
... B32: ASY-03128-24;A0 | C32: 3 | D32: 5 | E32: C19-B2-PB19 | G32: 31 | H32: MTL-02220-03;A0 | I32: 1 | J32: TURR - BRK | L32: 17.1 | M32: 13.2 | N32: 1.9 | O32: =IFERROR(L32*M32*N32,"") -> 428.868 | P32: Bin | Q32: 2 | R32: =ROUNDUP(IFERROR(VLOOKUP(Q32,$AA$9:$AD$10,4,)/O32,""),0) -> 26 | S32: 52 | T32: =S32/(I32*25) -> 2.08 | U32: =S32/R32 -> 2 | W32: SK41H 12x | X32: Rivet gun
B33: ASY-03128-24;A0 | C33: 3 | D33: 6 | E33: C15-B1-PB15 | G33: 32 | H33: MTL-03697-01;A0 | I33: 1 | J33: LSR - BRK | L33: 16.2 | M33: 3.7 | N33: 0.8 | O33: =IFERROR(L33*M33*N33,"") -> 47.952 | P33: Bin | Q33: 1 | R33: 100 | S33: 100 | T33: =S33/(I33*25) -> 4 | U33: =S33/R33 -> 1 | W33: SK41H 6x | X33: Rivet gun
B34: ASY-03128-24;A0 | C34: 3 | D34: 5 | E34: C20-B2-PB20 | G34: 33 | H34: ASY-03139-03;A0 | I34: 1 | J34: TURR - BRK - PEM | L34: 17.1 | M34: 14.4 | N34: 0.8 | O34: =IFERROR(L34*M34*N34,"") -> 196.992 | P34: Bin | Q34: 2 | R34: =ROUNDUP(IFERROR(VLOOKUP(Q34,$AA$9:$AD$10,4,)/O34,""),0) -> 55 | S34: 100 | T34: =S34/(I34*25) -> 4 | U34: =S34/R34 -> 1.8181818 | W34: SK41H 8x | X34: Rivet gun
B35: ASY-03128-24;A0 | C35: 3 | D35: 6 | E35: C16-B1-PB16 | G35: 35 | H35: MTL-02738-01;A0 | I35: 1 | J35: TURR - BRK | L35: 16.3 | M35: 1.2 | N35: 0.6 | O35: =IFERROR(L35*M35*N35,"") -> 11.736 | P35: Bin | Q35: 1 | R35: =ROUNDUP(IFERROR(VLOOKUP(Q35,$AA$9:$AD$10,4,)/O35,""),0) -> 143 | S35: 93 | T35: =S35/(I35*25) -> 3.72 | U35: =S35/R35 -> 0.65034965 | W35: SK41H 5x | X35: Rivet gun
B36: ASY-03128-24;A0 | C36: 3 | D36: 6 | E36: C16-B1-PB16 | G36: 36 | H36: A GSKT-00349 | I36: 2 | J36: BUY | L36: 17 | M36: 0.5 | N36: 0.2 | O36: =IFERROR(L36*M36*N36,"") -> 1.7 | P36: Bin | Q36: 1 | R36: =ROUNDUP(IFERROR(VLOOKUP(Q36,$AA$9:$AD$10,4,)/O36,""),0) -> 983 | S36: 200 | T36: =S36/(I36*25) -> 4 | U36: =S36/R36 -> 0.2034588 | W36: Stick onto part | X36: Manually
B37: ASY-03128-24;A0 | C37: 3 | D37: 5 | E37: C16-B1-PB16 | G37: 37 | H37: ASY-04776-01;B0 | I37: 1 | J37: N/A | L37: 2.5 | M37: 1 | N37: 0.1 | O37: =IFERROR(L37*M37*N37,"") -> 0.25 | P37: Bin | Q37: 1 | R37: =ROUNDUP(IFERROR(VLOOKUP(Q37,$AA$9:$AD$10,4,)/O37,""),0) -> 6680 | S37: 100 | T37: =S37/(I37*25) -> 4 | U37: =S37/R37 -> 0.01497006 | W37: FAS-00532 15 in/lbs | X37: Atornillador
B38: ASY-03128-24;A0 | C38: 3 | D38: 5 | E38: C16-B1-PB16 | G38: 37 | H38: A MECH-01754-04 | I38: 18 | J38: BUY | L38: 1.2 | M38: 0.7 | N38: 0.6 | O38: =IFERROR(L38*M38*N38,"") -> 0.504 | P38: Bin | Q38: 1 | R38: =ROUNDUP(IFERROR(VLOOKUP(Q38,$AA$9:$AD$10,4,)/O38,""),0) -> 3314 | S38: 1800 | T38: =S38/(I38*25) -> 4 | U38: =S38/R38 -> 0.54315027 | W38: Assembled to ASY-04776-01;B0 | X38: Manually
B39: ASY-03128-24;A0 | C39: 3 | D39: 5 | E39: C16-B1-PB16 | G39: 39 | H39: A CBL-00408-05;B0 | I39: 1 | J39: BUY | L39: 5 | M39: 0.7 | N39: 0.3 | O39: =IFERROR(L39*M39*N39,"") -> 1.05 | P39: Bin | Q39: 1 | R39: =ROUNDUP(IFERROR(VLOOKUP(Q39,$AA$9:$AD$10,4,)/O39,""),0) -> 1591 | S39: 100 | T39: =S39/(I39*25) -> 4 | U39: =S39/R39 -> 0.062853551 | W39: FAS-00381 x4 FAS-00380 x4 | X39: Atornillador 40 in/lbs
B40: ASY-03128-24;A0 | C40: 3 | D40: 5 | G40: 39 | H40: A ASY-03229-07;C0 | I40: 1 | J40: BUY | L40: Pending | M40: - | N40: - | O40: - | P40: Cart | W40: - | X40: -
B41: ASY-03128-24;A0 | C41: 3 | D41: 5 | E41: C16-B1-PB16 | G41: 41 | H41: A MECH-02689-01;B | I41: 1 | J41: BUY | L41: 5 | M41: 0.5 | N41: 0.2 | O41: =IFERROR(L41*M41*N41,"") -> 0.5 | P41: Bin | Q41: 1 | R41: =ROUNDUP(IFERROR(VLOOKUP(Q41,$AA$9:$AD$10,4,)/O41,""),0) -> 3340 | S41: 100 | T41: =S41/(I41*25) -> 4 | U41: =S41/R41 -> 0.02994012 | W41: Stick onto part | X41: Manually
B42: ASY-03128-24;A0 | C42: 4 | D42: 8 | E42: C23-B1-PB23 | G42: 44 | H42: A MECH-01200-02 | I42: 1 | J42: BUY | L42: 5 | M42: 0.5 | N42: 0.2 | O42: =IFERROR(L42*M42*N42,"") -> 0.5 | P42: Bin | Q42: 1 | R42: =ROUNDUP(IFERROR(VLOOKUP(Q42,$AA$9:$AD$10,4,)/O42,""),0) -> 3340 | S42: 100 | T42: =S42/(I42*25) -> 4 | U42: =S42/R42 -> 0.02994012 | W42: Stick onto part | X42: Manually
B43: ASY-03128-24;A0 | C43: 4 | D43: 8 | E43: C24-B2-PB24 | G43: 45 | H43: ASY-03152-06;A0 | I43: 1 | J43: TURR - BRK - PEM | L43: 27 | M43: 22 | N43: 0.4 | O43: =IFERROR(L43*M43*N43,"") -> 237.6 | P43: Bin | Q43: 2 | R43: =ROUNDUP(IFERROR(VLOOKUP(Q43,$AA$9:$AD$10,4,)/O43,""),0) -> 46 | S43: 92 | T43: =S43/(I43*25) -> 3.68 | U43: =S43/R43 -> 2 | W43: SK41H 80x MECH-01196-03 | X43: Rivet gun Aatornillador 15 in/lbs
B44: ASY-03128-24;A0 | C44: 2 | D44: 4 | E44: C-14-B1-PB14 | G44: 46 | H44: MTL-02254-02;A1 | I44: 2 | J44: TURR - BRK | L44: 17.1 | M44: 1.8 | N44: 0.7 | O44: =IFERROR(L44*M44*N44,"") -> 21.546 | P44: Bin | Q44: 1 | R44: =ROUNDUP(IFERROR(VLOOKUP(Q44,$AA$9:$AD$10,4,)/O44,""),0) -> 78 | S44: 200 | T44: =S44/(I44*25) -> 4 | U44: =S44/R44 -> 2.5641026 | W44: Place in fixture | X44: Manually
B45: ASY-03128-24;A0 | C45: 2 | D45: 4 | E45: C-14-B1-PB14 | G45: 47 | H45: ASY-03143-06;A0 | I45: 1 | J45: TURR - BRK - PEM | L45: 17.1 | M45: 14.3 | N45: 0.4 | O45: =IFERROR(L45*M45*N45,"") -> 97.812 | P45: Bin | Q45: 2 | R45: =ROUNDUP(IFERROR(VLOOKUP(Q45,$AA$9:$AD$10,4,)/O45,""),0) -> 111 | S45: 100 | T45: =S45/(I45*25) -> 4 | U45: =S45/R45 -> 0.9009009 | W45: SK41H x20 | X45: Rivet gun
B46: ASY-03128-24;A0 | C46: 3 | D46: 7 | E46: C21-B1-PB21 | G46: 51 | H46: MTL-02226-02;A0 | I46: 1 | J46: LSR - BRK | L46: 17 | M46: 0.7 | N46: 0.8 | O46: =IFERROR(L46*M46*N46,"") -> 9.52 | P46: Bin | Q46: 1 | R46: =ROUNDUP(IFERROR(VLOOKUP(Q46,$AA$9:$AD$10,4,)/O46,""),0) -> 176 | S46: 100 | T46: =S46/(I46*25) -> 4 | U46: =S46/R46 -> 0.56818182 | W46: Place onto part | X46: Manually
B47: ASY-03128-24;A0 | C47: 3 | D47: 7 | E47: C22-B2-PB22 | G47: 51 | H47: ASY-05272-01;A0 | I47: 1 | J47: TURR - PEM - BRK | L47: 18.9 | M47: 15.3 | N47: 0.5 | O47: =IFERROR(L47*M47*N47,"") -> 144.585 | P47: Bin | Q47: 2 | R47: =ROUNDUP(IFERROR(VLOOKUP(Q47,$AA$9:$AD$10,4,)/O47,""),0) -> 75 | S47: 76 | T47: =S47/(I47*25) -> 3.04 | U47: =S47/R47 -> 1.0133333 | W47: SK41H x4 | X47: Rivet gun
B48: ASY-03128-24;A0 | C48: 3 | D48: 7 | E48: C22-B2-PB22 | G48: 52 | H48: MTL-03975-01;A1 | I48: 1 | J48: TURR - BRK | L48: 18.9 | M48: 15.3 | N48: 0.4 | O48: =IFERROR(L48*M48*N48,"") -> 115.668 | P48: Bin | Q48: 2 | R48: =ROUNDUP(IFERROR(VLOOKUP(Q48,$AA$9:$AD$10,4,)/O48,""),0) -> 94 | S48: 94 | T48: =S48/(I48*25) -> 3.76 | U48: =S48/R48 -> 1 | W48: SK41H x22 | X48: Rivet gun
B49: ASY-03128-24;A0 | C49: 3 | D49: 7 | E49: C21-B1-PB21 | G49: 53 | H49: A GSKT-00349 | I49: 1 | J49: N/A | L49: 17 | M49: 0.5 | N49: 0.2 | O49: =IFERROR(L49*M49*N49,"") -> 1.7 | P49: Bin | Q49: 1 | R49: =ROUNDUP(IFERROR(VLOOKUP(Q49,$AA$9:$AD$10,4,)/O49,""),0) -> 983 | S49: 100 | T49: =S49/(I49*25) -> 4 | U49: =S49/R49 -> 0.1017294 | W49: Stick onto part | X49: Manually
B50: ASY-03128-24;A0 | C50: 4 | D50: 8 | E50: C25-B2-PB25 | G50: 55 | H50: ASY-04756-04;A0 | I50: 1 | J50: TURR - BRK - PEM | L50: 27.5 | M50: 13.4 | N50: 1 | O50: =IFERROR(L50*M50*N50,"") -> 368.5 | P50: Bin | Q50: 2 | R50: =ROUNDUP(IFERROR(VLOOKUP(Q50,$AA$9:$AD$10,4,)/O50,""),0) -> 30 | S50: 60 | T50: =S50/(I50*25) -> 2.4 | U50: =S50/R50 -> 2 | W50: SK41H x41 SK42H x10 | X50: Rivet gun
B51: ASY-03128-24;A0 | C51: 4 | D51: 8 | E51: C26-B2-PB26 | G51: 56 | H51: ASY-03156-03;A0 | I51: 1 | J51: TURR - BRK - PEM | L51: 17.1 | M51: 13.4 | N51: 0.5 | O51: =IFERROR(L51*M51*N51,"") -> 114.57 | P51: Bin | Q51: 2 | R51: =ROUNDUP(IFERROR(VLOOKUP(Q51,$AA$9:$AD$10,4,)/O51,""),0) -> 95 | S51: 95 | T51: =S51/(I51*25) -> 3.8 | U51: =S51/R51 -> 1 | W51: SK41H x9 | X51: Rivet gun
B52: ASY-03128-24;A0 | C52: 4 | D52: 8 | E52: C26-B2-PB26 | G52: 57 | H52: ASY-03136-03;A0 | I52: 1 | J52: TURR - BRK - PEM | L52: 17.3 | M52: 15 | N52: 0.4 | O52: =IFERROR(L52*M52*N52,"") -> 103.8 | P52: Bin | Q52: 2 | R52: =ROUNDUP(IFERROR(VLOOKUP(Q52,$AA$9:$AD$10,4,)/O52,""),0) -> 104 | S52: 100 | T52: =S52/(I52*25) -> 4 | U52: =S52/R52 -> 0.96153846 | W52: SK41H x26 | X52: Rivet gun
B53: ASY-03128-24;A0 | C53: 4 | D53: 8 | E53: C27-B2-PB27 | G53: 58 | H53: ASY-03137-03;A0 | I53: 1 | J53: TURR - BRK - PEM | L53: 18.3 | M53: 17.2 | N53: 1.2 | O53: =IFERROR(L53*M53*N53,"") -> 377.712 | P53: Bin | Q53: 2 | R53: =ROUNDUP(IFERROR(VLOOKUP(Q53,$AA$9:$AD$10,4,)/O53,""),0) -> 29 | S53: 58 | T53: =S53/(I53*25) -> 2.32 | U53: =S53/R53 -> 2 | W53: SK41H x36 | X53: Rivet gun
B54: ASY-03128-24;A0 | C54: 4 | D54: 8 | G54: 59 | H54: MTL-02213-05;A0 | I54: 1 | J54: TURR - BRK | L54: 35.8 | M54: 27.5 | N54: 0.8 | O54: =IFERROR(L54*M54*N54,"") -> 787.6 | P54: Cart | W54: SK41H x44 SKK3030PT x23 SK42H x24 | X54: Rivet gun
B55: ASY-03128-24;A0 | C55: 5 | D55: 9 | E55: C28-B1-PB28 | G55: 60 | H55: MTL-02218-01;B0 | I55: 1 | J55: TURR - OSP | L55: 21 | M55: 0.7 | N55: 0.1 | O55: =IFERROR(L55*M55*N55,"") -> 1.47 | P55: Bin | Q55: 1 | R55: =ROUNDUP(IFERROR(VLOOKUP(Q55,$AA$9:$AD$10,4,)/O55,""),0) -> 1136 | S55: 100 | T55: =S55/(I55*25) -> 4 | U55: =S55/R55 -> 0.088028169 | W55: FAS-05905 | X55: Atornillador 6 in/lb
B56: ASY-03128-24;A0 | C56: 5 | D56: 9 | E56: C28-B1-PB28 | G56: 61 | H56: A MECH-01754-04 | I56: 8 | J56: BUY | L56: 1.2 | M56: 0.7 | N56: 0.6 | O56: =IFERROR(L56*M56*N56,"") -> 0.504 | P56: Bin | Q56: 1 | R56: =ROUNDUP(IFERROR(VLOOKUP(Q56,$AA$9:$AD$10,4,)/O56,""),0) -> 3314 | S56: 800 | T56: =S56/(I56*25) -> 4 | U56: =S56/R56 -> 0.24140012 | W56: FAS-00532 15 in/lbs | X56: Atornillador
B57: ASY-03128-24;A0 | C57: 5 | D57: 9 | E57: C28-B1-PB28 | G57: 62 | H57: A MECH-01253-01 | I57: 1 | J57: BUY | L57: 4 | M57: 0.5 | N57: 0.1 | O57: =IFERROR(L57*M57*N57,"") -> 0.2 | P57: Bin | Q57: 1 | R57: =ROUNDUP(IFERROR(VLOOKUP(Q57,$AA$9:$AD$10,4,)/O57,""),0) -> 8350 | S57: 100 | T57: =S57/(I57*25) -> 4 | U57: =S57/R57 -> 0.011976048 | W57: Stick onto part | X57: Manually
B58: ASY-03128-24;A0 | C58: 5 | D58: 9 | E58: C29-B2-PB29 | G58: 63 | H58: ASY-03153-05;A0 | I58: 1 | J58: TURR - BRK - PEM | L58: 27 | M58: 22 | N58: 0.4 | O58: =IFERROR(L58*M58*N58,"") -> 237.6 | P58: Bin | Q58: 2 | R58: =ROUNDUP(IFERROR(VLOOKUP(Q58,$AA$9:$AD$10,4,)/O58,""),0) -> 46 | S58: 92 | T58: =S58/(I58*25) -> 3.68 | U58: =S58/R58 -> 2 | W58: SK41H x99 | X58: Rivet gun
B59: ASY-03128-24;A0 | C59: 5 | D59: 9 | E59: C30-B2-PB30 | G59: 64 | H59: ASY-04757-04;A0 | I59: 1 | J59: TURR - BRK - PEM | L59: 27.5 | M59: 13.4 | N59: 0.9 | O59: =IFERROR(L59*M59*N59,"") -> 331.65 | P59: Bin | Q59: 2 | R59: =ROUNDUP(IFERROR(VLOOKUP(Q59,$AA$9:$AD$10,4,)/O59,""),0) -> 33 | S59: 66 | T59: =S59/(I59*25) -> 2.64 | U59: =S59/R59 -> 2 | W59: SK41H x51 SK42H x10 | X59: Rivet gun
B60: ASY-03128-24;A0 | C60: 5 | D60: 9 | G60: 65 | H60: MTL-02247-05;A0 | I60: 1 | J60: TURR - BRK | L60: 35.8 | M60: 27.4 | N60: 0.8 | O60: =IFERROR(L60*M60*N60,"") -> 784.736 | P60: Cart | W60: SK41H x44 SKK3030PT x27 SK42H x24 | X60: Rivet gun
B61: ASY-03128-24;A0 | C61: 5 | D61: 9 | E61: C28-B1-PB28 | G61: 66 | H61: MTL-02322-03;B0 | I61: 1 | J61: TURR - OSP | L61: 21 | M61: 0.7 | N61: 0.1 | O61: =IFERROR(L61*M61*N61,"") -> 1.47 | P61: Bin | Q61: 1 | R61: =ROUNDUP(IFERROR(VLOOKUP(Q61,$AA$9:$AD$10,4,)/O61,""),0) -> 1136 | S61: 100 | T61: =S61/(I61*25) -> 4 | U61: =S61/R61 -> 0.088028169 | W61: FAS-05905 x2 | X61: Atornillador 6 in/lb
B62: ASY-03128-24;A0 | C62: 5 | D62: 9 | E62: C28-B1-PB28 | G62: 67 | H62: A MECH-01754-04 | I62: 9 | J62: BUY | L62: 1.2 | M62: 0.7 | N62: 0.6 | O62: =IFERROR(L62*M62*N62,"") -> 0.504 | P62: Bin | Q62: 1 | R62: =ROUNDUP(IFERROR(VLOOKUP(Q62,$AA$9:$AD$10,4,)/O62,""),0) -> 3314 | S62: 900 | T62: =S62/(I62*25) -> 4 | U62: =S62/R62 -> 0.27157514 | W62: FAS-00532 15 in/lbs | X62: Atornillador
B63: ASY-03131-08;C0 | C63: 6 | D63: 10 | E63: C31-B2-PB31 | G63: 1 | H63: ASY-03185-02;A0 | I63: 3 | L63: 17.1 | M63: 1.4 | N63: 0.9 | O63: =IFERROR(L63*M63*N63,"") -> 21.546 | P63: Bin | Q63: 2 | R63: =ROUNDUP(IFERROR(VLOOKUP(Q63,$AA$9:$AD$10,4,)/O63,""),0) -> 501 | S63: 300 | T63: =S63/(I63*25) -> 4 | U63: =S63/R63 -> 0.5988024 | W63: Place in fixture | X63: Manually
B64: ASY-03131-08;C0 | C64: 6 | D64: 10 | E64: C31-B2-PB31 | G64: 1 | H64: ASY-04183-01;A0 | I64: 1 | L64: 17.1 | M64: 1.7 | N64: 0.9 | O64: =IFERROR(L64*M64*N64,"") -> 26.163 | P64: Bin | Q64: 2 | R64: =ROUNDUP(IFERROR(VLOOKUP(Q64,$AA$9:$AD$10,4,)/O64,""),0) -> 413 | S64: 100 | T64: =S64/(I64*25) -> 4 | U64: =S64/R64 -> 0.24213075 | W64: Place in fixture | X64: Manually
B65: ASY-03131-08;C0 | C65: 6 | D65: 10 | E65: C32-B2-PB32 | G65: 2 | H65: ASY-03184-05;A0 | I65: 1 | L65: 24.4 | M65: 17 | N65: 1.7 | O65: =IFERROR(L65*M65*N65,"") -> 705.16 | P65: Bin | Q65: 2 | R65: 26 | S65: 52 | T65: =S65/(I65*25) -> 2.08 | U65: =S65/R65 -> 2 | W65: Place in fixture SK41H x58 | X65: Rivet gun
B66: ASY-03131-08;C0 | C66: 6 | D66: 10 | E66: C33-B2-PB33 | G66: 4 | H66: MTL-02258-06;A0 | I66: 10 | L66: 24.7 | M66: 1.6 | N66: 0.1 | O66: =IFERROR(L66*M66*N66,"") -> 3.952 | P66: Bin | Q66: 2 | R66: =ROUNDUP(IFERROR(VLOOKUP(Q66,$AA$9:$AD$10,4,)/O66,""),0) -> 2728 | S66: 1250 | T66: =S66/(I66*25) -> 5 | U66: =S66/R66 -> 0.45821114 | W66: SK3025PT x2 | X66: Rivet gun
B67: ASY-03131-08;C0 | C67: 6 | D67: 10 | E67: C34-B2-PB34 | G67: 6 | H67: ASY-03187-07;A0 | I67: 1 | L67: 28 | M67: 17 | N67: 1.7 | O67: =IFERROR(L67*M67*N67,"") -> 809.2 | P67: Bin | Q67: 2 | R67: 28 | S67: 56 | T67: =S67/(I67*25) -> 2.24 | U67: =S67/R67 -> 2 | W67: SK3030PT x4 | X67: Rivet gun
B68: ASY-03131-08;C0 | C68: 6 | D68: 10 | E68: C35-B1-PB35 | G68: 7 | H68: MTL-02368-02;A0 | I68: 1 | L68: 1.8 | M68: 0.6 | N68: 0.1 | O68: =IFERROR(L68*M68*N68,"") -> 0.108 | P68: Bin | Q68: 1 | R68: =ROUNDUP(IFERROR(VLOOKUP(Q68,$AA$9:$AD$10,4,)/O68,""),0) -> 15463 | S68: 100 | T68: =S68/(I68*25) -> 4 | U68: =S68/R68 -> 0.0064670504 | W68: SK3025PT x2 | X68: Rivet gun
B69: ASY-03131-08;C0 | C69: 6 | D69: 10 | E69: C35-B1-PB35 | G69: 8 | H69: MTL-03292-01;A0 | I69: 2 | L69: 15.1 | M69: 0.6 | N69: 0.3 | O69: =IFERROR(L69*M69*N69,"") -> 2.718 | P69: Bin | Q69: 1 | R69: =ROUNDUP(IFERROR(VLOOKUP(Q69,$AA$9:$AD$10,4,)/O69,""),0) -> 615 | S69: 200 | T69: =S69/(I69*25) -> 4 | U69: =S69/R69 -> 0.32520325 | W69: SK3030PT x12 | X69: Rivet gun
B70: ASY-03131-08;C0 | C70: 6 | D70: 10 | E70: C35-B1-PB35 | G70: 9 | H70: B MTL-03296-02;B0 | I70: 12 | J70: BUY | L70: 2 | M70: 0.5 | N70: 0.5 | O70: =IFERROR(L70*M70*N70,"") -> 0.5 | P70: Bin | Q70: 1 | R70: =ROUNDUP(IFERROR(VLOOKUP(Q70,$AA$9:$AD$10,4,)/O70,""),0) -> 3340 | S70: 1200 | T70: =S70/(I70*25) -> 4 | U70: =S70/R70 -> 0.35928144 | W70: FAS-00617 | X70: Atornillador 6 in/lb
B71: ASY-03131-08;C0 | C71: 6 | D71: 10 | G71: 12 | H71: ASY-03188-06;A0 | I71: 1 | L71: 29.1 | M71: 17.1 | N71: 3.4 | O71: =IFERROR(L71*M71*N71,"") -> 1691.874 | P71: Cart
B72: ASY-03131-08;C0 | C72: 6 | D72: 10 | E72: C33-B2-PB33 | G72: 13 | H72: ASY-03189-05;A0 | I72: 1 | L72: 17.1 | M72: 2 | N72: 1.8 | O72: =IFERROR(L72*M72*N72,"") -> 61.56 | P72: Bin | Q72: 2 | R72: =ROUNDUP(IFERROR(VLOOKUP(Q72,$AA$9:$AD$10,4,)/O72,""),0) -> 176 | S72: 100 | T72: =S72/(I72*25) -> 4 | U72: =S72/R72 -> 0.56818182 | W72: SK41H x4 | X72: Rivet gun
B73: ASY-03131-08;C0 | C73: 6 | D73: 10 | E73: C35-B1-PB35 | G73: 16 | H73: MTL-03292-01;A0 | I73: 1 | L73: 15.1 | M73: 0.6 | N73: 0.3 | O73: =IFERROR(L73*M73*N73,"") -> 2.718 | P73: Bin | Q73: 1 | R73: =ROUNDUP(IFERROR(VLOOKUP(Q73,$AA$9:$AD$10,4,)/O73,""),0) -> 615 | S73: 100 | T73: =S73/(I73*25) -> 4 | U73: =S73/R73 -> 0.16260163 | W73: SK3030PT x12 | X73: Rivet gun
B74: ASY-03131-08;C0 | C74: 6 | D74: 10 | E74: C35-B1-PB35 | G74: 17 | H74: MTL-02844-02;A0 | I74: 2 | L74: 0.75 | M74: 3 | N74: 0.75 | O74: =IFERROR(L74*M74*N74,"") -> 1.6875 | P74: Bin | Q74: 1 | R74: =ROUNDUP(IFERROR(VLOOKUP(Q74,$AA$9:$AD$10,4,)/O74,""),0) -> 990 | S74: 200 | T74: =S74/(I74*25) -> 4 | U74: =S74/R74 -> 0.2020202
B75: ASY-03131-08;C0 | C75: 6 | D75: 10 | E75: C35-B1-PB35 | G75: 17 | H75: A MECH-01645-02A0 | I75: 2 | J75: BUY | L75: 0.5 | M75: 0.5 | N75: 1.5 | O75: =IFERROR(L75*M75*N75,"") -> 0.375 | P75: Bin | Q75: 1 | R75: =ROUNDUP(IFERROR(VLOOKUP(Q75,$AA$9:$AD$10,4,)/O75,""),0) -> 4454 | S75: 200 | T75: =S75/(I75*25) -> 4 | U75: =S75/R75 -> 0.044903458 | W75: Assembly | X75: Manually
B76: ASY-03278-05;A0 | C76: 2 | D76: 4 | E76: C11-B2-PB11 | G76: 1 | H76: MTL-02356-04;B0 | I76: 4 | L76: 6.8 | M76: 5.2 | N76: 1.4 | O76: =IFERROR(L76*M76*N76,"") -> 49.504 | P76: Bin | Q76: 2 | R76: =ROUNDUP(IFERROR(VLOOKUP(Q76,$AA$9:$AD$10,4,)/O76,""),0) -> 218 | S76: 400 | T76: =S76/(I76*25) -> 4 | U76: =S76/R76 -> 1.8348624 | W76: Place on fixture | X76: Manually
B77: ASY-03278-05;A0 | C77: 2 | D77: 4 | E77: C-13-B1-PB13 | G77: 3 | H77: MTL-02357-02;A0 | I77: 8 | L77: 3.7 | M77: 0.6 | N77: 0.2 | O77: =IFERROR(L77*M77*N77,"") -> 0.444 | P77: Bin | Q77: 1 | R77: =ROUNDUP(IFERROR(VLOOKUP(Q77,$AA$9:$AD$10,4,)/O77,""),0) -> 3762 | S77: 800 | T77: =S77/(I77*25) -> 4 | U77: =S77/R77 -> 0.21265284 | W77: SK41H x4 | X77: Rivet gun
B78: ASY-03278-05;A0 | C78: 2 | D78: 4 | E78: C-13-B1-PB13 | G78: 4 | H78: MTL-02358-03;A3 | I78: 8 | L78: 1.5 | M78: 0.6 | N78: 0.1 | O78: =IFERROR(L78*M78*N78,"") -> 0.09 | P78: Bin | Q78: 1 | R78: =ROUNDUP(IFERROR(VLOOKUP(Q78,$AA$9:$AD$10,4,)/O78,""),0) -> 18555 | S78: 800 | T78: =S78/(I78*25) -> 4 | U78: =S78/R78 -> 0.043115063 | W78: SK42H x4 | X78: Rivet gun
B79: ASY-03278-05;A0 | C79: 2 | D79: 4 | E79: C-13-B1-PB13 | G79: 5 | H79: H FAS-00797 (SPRING) | I79: 4 | J79: BUY | L79: 3 | M79: 0.5 | N79: 0.5 | O79: =IFERROR(L79*M79*N79,"") -> 0.75 | P79: Bin | Q79: 1 | R79: =ROUNDUP(IFERROR(VLOOKUP(Q79,$AA$9:$AD$10,4,)/O79,""),0) -> 2227 | S79: 400 | T79: =S79/(I79*25) -> 4 | U79: =S79/R79 -> 0.17961383 | W79: Assembly | X79: Manually
B80: ASY-03278-05;A0 | C80: 2 | D80: 4 | E80: C-13-B1-PB13 | G80: 6 | H80: MTL-02360-06;A0 | I80: 4 | L80: 1.8 | M80: 1.2 | N80: 0.1 | O80: =IFERROR(L80*M80*N80,"") -> 0.216 | P80: Bin | Q80: 1 | R80: =ROUNDUP(IFERROR(VLOOKUP(Q80,$AA$9:$AD$10,4,)/O80,""),0) -> 7732 | S80: 400 | T80: =S80/(I80*25) -> 4 | U80: =S80/R80 -> 0.051733057 | W80: Assembly | X80: Manually
B81: ASY-03278-05;A0 | C81: 2 | D81: 4 | E81: C12-B2-PB12 | G81: 7-8 | H81: MTL-02362-04;B0 | I81: 4 | L81: 6.6 | M81: 4.3 | N81: 0.8 | O81: =IFERROR(L81*M81*N81,"") -> 22.704 | P81: Bin | Q81: 2 | R81: =ROUNDUP(IFERROR(VLOOKUP(Q81,$AA$9:$AD$10,4,)/O81,""),0) -> 475 | S81: 400 | T81: =S81/(I81*25) -> 4 | U81: =S81/R81 -> 0.84210526 | W81: Place on fixture SK42H x2 | X81: Rivet gun
B82: ASY-03278-05;A0 | C82: 2 | D82: 4 | E82: C-13-B1-PB13 | G82: 9 | H82: MTL-02363-03;A0 | I82: 4 | L82: 3.5 | M82: 1.1 | N82: 0.4 | O82: =IFERROR(L82*M82*N82,"") -> 1.54 | P82: Bin | Q82: 1 | R82: =ROUNDUP(IFERROR(VLOOKUP(Q82,$AA$9:$AD$10,4,)/O82,""),0) -> 1085 | S82: 400 | T82: =S82/(I82*25) -> 4 | U82: =S82/R82 -> 0.36866359 | W82: SK42H x4 | X82: Rivet gun
B83: ASY-03278-05;A0 | C83: 2 | D83: 4 | E83: C12-B2-PB12 | G83: 10 | H83: H MECH-02436-01 | I83: 4 | J83: BUY | L83: 4 | M83: 4 | N83: 0.5 | O83: =IFERROR(L83*M83*N83,"") -> 8 | P83: Bin | Q83: 2 | R83: =ROUNDUP(IFERROR(VLOOKUP(Q83,$AA$9:$AD$10,4,)/O83,""),0) -> 1348 | S83: 400 | T83: =S83/(I83*25) -> 4 | U83: =S83/R83 -> 0.29673591 | W83: Assembly | X83: Manually
B84: ASY-08774-01;A0 | G84: 1 | H84: A MECH-01883-01 | I84: 2 | J84: BUY | L84: 2 | M84: 2 | N84: 0.5 | O84: =IFERROR(L84*M84*N84,"") -> 2 | P84: Bin | Q84: 1 | R84: =ROUNDUP(IFERROR(VLOOKUP(Q84,$AA$9:$AD$10,4,)/O84,""),0) -> 835 | S84: 200 | T84: =S84/(I84*25) -> 4 | U84: =S84/R84 -> 0.23952096 | W84: Assembly | X84: Manually
B85: ASY-08774-01;A0 | G85: 1 | H85: A MECH-02488-04A1 | I85: 2 | J85: BUY | L85: 2 | M85: 2 | N85: 0.5 | O85: =IFERROR(L85*M85*N85,"") -> 2 | P85: Bin | Q85: 1 | R85: =ROUNDUP(IFERROR(VLOOKUP(Q85,$AA$9:$AD$10,4,)/O85,""),0) -> 835 | S85: 200 | T85: =S85/(I85*25) -> 4 | U85: =S85/R85 -> 0.23952096 | W85: Assembly | X85: Manually
B86: ASY-04138-02 | G86: 1 | H86: MECH-01827-01;B0 | I86: 2 | J86: BUY | L86: 0.5 | M86: 0.5 | N86: 0.5 | O86: =IFERROR(L86*M86*N86,"") -> 0.125 | P86: Bin | Q86: 1 | R86: =ROUNDUP(IFERROR(VLOOKUP(Q86,$AA$9:$AD$10,4,)/O86,""),0) -> 13360 | S86: 200 | T86: =S86/(I86*25) -> 4 | U86: =S86/R86 -> 0.01497006 | W86: Assembly | X86: Manually
B87: ASY-04138-02 | G87: 1 | H87: A MECH-01820-02 | I87: 2 | J87: N/A | L87: 5 | M87: 3 | N87: 0.5 | O87: =IFERROR(L87*M87*N87,"") -> 7.5 | P87: Bin | Q87: 1 | R87: 200 | S87: 2 | T87: =S87/(I87*25) -> 0.04 | U87: =S87/R87 -> 0.01 | W87: Assembly | X87: Manually
B88: ASY-05275-01;A0 | C88: 1 | D88: 1 | E88: C3-B2-PB3-WS#1 | G88: 1 | H88: MTL-03976-01;B0 | I88: 6 | L88: 21 | M88: 5.8 | N88: 0.4 | O88: =IFERROR(L88*M88*N88,"") -> 48.72 | P88: Bin | Q88: 2 | R88: =ROUNDUP(IFERROR(VLOOKUP(Q88,$AA$9:$AD$10,4,)/O88,""),0) -> 222 | S88: 448 | T88: =S88/(I88*25) -> 2.9866667 | U88: =S88/R88 -> 2.018018 | W88: Place on fixture | X88: Manually
B89: ASY-05275-01;A0 | C89: 1 | D89: 1 | E89: C4-B2-PB4-WS#1 | G89: 2 | H89: MTL-03977-01;A0 | I89: 6 | L89: 20.6 | M89: 2.5 | N89: 0.2 | O89: =IFERROR(L89*M89*N89,"") -> 10.3 | P89: Bin | Q89: 2 | R89: =ROUNDUP(IFERROR(VLOOKUP(Q89,$AA$9:$AD$10,4,)/O89,""),0) -> 1047 | S89: 600 | T89: =S89/(I89*25) -> 4 | U89: =S89/R89 -> 0.5730659 | W89: Place on fixture | X89: Manually
B90: ASY-05275-01;A0 | C90: 1 | D90: 1 | E90: C1-B1-PB1-WS#1 | G90: 3 4 5 6 | H90: B MTL-03978-01;C0 | I90: 12 | J90: N/A | L90: 10 | M90: 0.2 | N90: 0.2 | O90: =IFERROR(L90*M90*N90,"") -> 0.4 | P90: Bin | Q90: 1 | R90: =ROUNDUP(IFERROR(VLOOKUP(Q90,$AA$9:$AD$10,4,)/O90,""),0) -> 4175 | S90: 1200 | T90: =S90/(I90*25) -> 4 | U90: =S90/R90 -> 0.28742515 | W90: Insert into assembly | X90: Manually
B91: ASY-03727-27;A0 | C91: 7 | D91: 11 | E91: C36-B1-PB36 | G91: 1 | H91: A PCA-01083-05;A0 | I91: 1 | J91: BUY | L91: 6 | M91: 8 | N91: 0.5 | O91: =IFERROR(L91*M91*N91,"") -> 24 | P91: Bin | Q91: 1 | R91: =ROUNDUP(IFERROR(VLOOKUP(Q91,$AA$9:$AD$10,4,)/O91,""),0) -> 70 | S91: 46 | T91: =S91/(I91*25) -> 1.84 | U91: =S91/R91 -> 0.65714286
B92: ASY-03727-27;A0 | C92: 7 | D92: 11 | E92: C36-B1-PB36 | G92: 1 | H92: A PCA-01084-02;A0 | I92: 1 | J92: BUY | L92: 8 | M92: 2.5 | N92: 0.5 | O92: =IFERROR(L92*M92*N92,"") -> 10 | P92: Bin | Q92: 1 | R92: =ROUNDUP(IFERROR(VLOOKUP(Q92,$AA$9:$AD$10,4,)/O92,""),0) -> 167 | S92: 100 | T92: =S92/(I92*25) -> 4 | U92: =S92/R92 -> 0.5988024
B93: ASY-03727-27;A0 | C93: 7 | D93: 11 | E93: C36-B1-PB36 | G93: 1 | H93: A PCA-01086-03;A0 | I93: 2 | J93: BUY | L93: 8 | M93: 2.5 | N93: 0.5 | O93: =IFERROR(L93*M93*N93,"") -> 10 | P93: Bin | Q93: 1 | R93: =ROUNDUP(IFERROR(VLOOKUP(Q93,$AA$9:$AD$10,4,)/O93,""),0) -> 167 | S93: 100 | T93: =S93/(I93*25) -> 2 | U93: =S93/R93 -> 0.5988024
B94: ASY-03727-27;A0 | C94: 7 | D94: 11 | E94: C36-B1-PB36 | G94: 1 | H94: A LBL-00849-02 | I94: 1 | J94: BUY | L94: 0.5 | M94: 15 | N94: 0.1 | O94: =IFERROR(L94*M94*N94,"") -> 0.75 | P94: Bin | Q94: 1 | R94: =ROUNDUP(IFERROR(VLOOKUP(Q94,$AA$9:$AD$10,4,)/O94,""),0) -> 2227 | S94: 100 | T94: =S94/(I94*25) -> 4 | U94: =S94/R94 -> 0.044903458
B95: ASY-03727-27;A0 | C95: 7 | D95: 11 | E95: C37-B1-PB37 | G95: 5 | H95: ASY-03183-03;A0 | I95: 1 | L95: 15 | M95: 1 | N95: 0.5 | O95: =IFERROR(L95*M95*N95,"") -> 7.5 | P95: Bin | Q95: 1 | R95: =ROUNDUP(IFERROR(VLOOKUP(Q95,$AA$9:$AD$10,4,)/O95,""),0) -> 223 | S95: 100 | T95: =S95/(I95*25) -> 4 | U95: =S95/R95 -> 0.44843049
B96: ASY-03727-27;A0 | C96: 7 | D96: 11 | E96: C36-B1-PB36 | G96: 6 | H96: A PCA-01305-03 | I96: 2 | L96: 2 | M96: 1 | N96: 0.1 | O96: =IFERROR(L96*M96*N96,"") -> 0.2 | P96: Bin | Q96: 1 | R96: =ROUNDUP(IFERROR(VLOOKUP(Q96,$AA$9:$AD$10,4,)/O96,""),0) -> 8350 | S96: 200 | T96: =S96/(I96*25) -> 4 | U96: =S96/R96 -> 0.023952096
B97: ASY-03727-27;A0 | C97: 7 | D97: 11 | E97: C37-B1-PB37 | G97: 10 | H97: MTL-05286-01;A0 | I97: 1 | L97: 3.5 | M97: 0.5 | N97: 1.5 | O97: =IFERROR(L97*M97*N97,"") -> 2.625 | P97: Bin | Q97: 1 | R97: =ROUNDUP(IFERROR(VLOOKUP(Q97,$AA$9:$AD$10,4,)/O97,""),0) -> 637 | S97: 100 | T97: =S97/(I97*25) -> 4 | U97: =S97/R97 -> 0.15698587
B98: ASY-03727-27;A0 | C98: 7 | D98: 11 | E98: C36-B1-PB36 | G98: 17 | H98: A MECH-03518-01 | I98: 1 | L98: 5 | M98: 4 | N98: 0.1 | O98: =IFERROR(L98*M98*N98,"") -> 2 | P98: Bin | Q98: 1 | R98: =ROUNDUP(IFERROR(VLOOKUP(Q98,$AA$9:$AD$10,4,)/O98,""),0) -> 835 | S98: 100 | T98: =S98/(I98*25) -> 4 | U98: =S98/R98 -> 0.11976048
B99: ASY-03727-27;A0 | C99: 7 | D99: 11 | E99: C38-B2-PB38 | G99: 20 | H99: ASY-03138-03;A0 | I99: 1 | L99: 17.3 | M99: 4.3 | N99: 0.6 | O99: =IFERROR(L99*M99*N99,"") -> 44.634 | P99: Bin | Q99: 2 | R99: =ROUNDUP(IFERROR(VLOOKUP(Q99,$AA$9:$AD$10,4,)/O99,""),0) -> 242 | S99: 100 | T99: =S99/(I99*25) -> 4 | U99: =S99/R99 -> 0.41322314
B100: ASY-03727-27;A0 | C100: 7 | D100: 11 | E100: C37-B1-PB37 | G100: 22 | H100: A MECH-01253-01 | I100: 1 | L100: 4 | M100: 0.5 | N100: 0.1 | O100: =IFERROR(L100*M100*N100,"") -> 0.2 | P100: Bin | Q100: 1 | R100: =ROUNDUP(IFERROR(VLOOKUP(Q100,$AA$9:$AD$10,4,)/O100,""),0) -> 8350 | S100: 100 | T100: =S100/(I100*25) -> 4 | U100: =S100/R100 -> 0.011976048
B101: ASY-03727-27;A0 | C101: 7 | D101: 11 | E101: C37-B1-PB37 | G101: 22 | H101: ASY-03333-04;A0 | I101: 1 | L101: 4.4 | M101: 1.5 | N101: 0.5 | O101: =IFERROR(L101*M101*N101,"") -> 3.3 | P101: Bin | Q101: 1 | R101: =ROUNDUP(IFERROR(VLOOKUP(Q101,$AA$9:$AD$10,4,)/O101,""),0) -> 507 | S101: 100 | T101: =S101/(I101*25) -> 4 | U101: =S101/R101 -> 0.19723866
B102: ASY-03727-27;A0 | C102: 7 | D102: 11 | E102: C37-B1-PB37 | G102: 24 | H102: A LBL-00890-02 | I102: 2 | L102: 3 | M102: 3 | N102: 0.1 | O102: =IFERROR(L102*M102*N102,"") -> 0.9 | P102: Bin | Q102: 1 | R102: =ROUNDUP(IFERROR(VLOOKUP(Q102,$AA$9:$AD$10,4,)/O102,""),0) -> 1856 | S102: 200 | T102: =S102/(I102*25) -> 4 | U102: =S102/R102 -> 0.10775862
B103: ASY-03727-27;A0 | C103: 7 | D103: 11 | E103: C37-B1-PB37 | G103: 24 | H103: ASY-03327-02;A0 | I103: 2 | L103: 4 | M103: 2.1 | N103: 0.8 | O103: =IFERROR(L103*M103*N103,"") -> 6.72 | P103: Bin | Q103: 1 | R103: =ROUNDUP(IFERROR(VLOOKUP(Q103,$AA$9:$AD$10,4,)/O103,""),0) -> 249 | S103: 163 | T103: =S103/(I103*25) -> 3.26 | U103: =S103/R103 -> 0.65461847
B104: ASY-03727-27;A0 | C104: 7 | D104: 11 | G104: 26 | H104: A ASY-03230-06;A0 | I104: 1 | K104: BUSBAR | O104: =IFERROR(L104*M104*N104,"") -> 0 | R104: =ROUNDUP(IFERROR(VLOOKUP(Q104,$AA$9:$AD$10,4,)/O104,""),0) -> #VALUE! | T104: =S104/(I104*25) -> 0 | U104: =S104/R104 -> #VALUE!
B105: ASY-03727-27;A0 | C105: 7 | D105: 11 | G105: 26 | H105: ASY-03330-03;A0 | I105: 2 | K105: PENDING | O105: =IFERROR(L105*M105*N105,"") -> 0 | R105: =ROUNDUP(IFERROR(VLOOKUP(Q105,$AA$9:$AD$10,4,)/O105,""),0) -> #VALUE! | T105: =S105/(I105*25) -> 0 | U105: =S105/R105 -> #VALUE!
B106: ASY-03727-27;A0 | C106: 7 | D106: 11 | E106: C39-B1-PB39 | G106: 27 | H106: A CBL-00407-05;D0 | I106: 1 | J106: BUY | L106: 10 | M106: 0.2 | N106: 0.2 | O106: =IFERROR(L106*M106*N106,"") -> 0.4 | P106: Bin | Q106: 1 | R106: =ROUNDUP(IFERROR(VLOOKUP(Q106,$AA$9:$AD$10,4,)/O106,""),0) -> 4175 | S106: 100 | T106: =S106/(I106*25) -> 4 | U106: =S106/R106 -> 0.023952096
B107: ASY-03727-27;A0 | C107: 7 | D107: 11 | E107: C39-B1-PB39 | G107: 32 | H107: A CT4BK18-C | I107: 1 | J107: BUY | L107: 10 | M107: 0.2 | N107: 0.2 | O107: =IFERROR(L107*M107*N107,"") -> 0.4 | P107: Bin | Q107: 1 | R107: =ROUNDUP(IFERROR(VLOOKUP(Q107,$AA$9:$AD$10,4,)/O107,""),0) -> 4175 | S107: 100 | T107: =S107/(I107*25) -> 4 | U107: =S107/R107 -> 0.023952096
B108: ASY-03727-27;A0 | C108: 8 | D108: 12 | G108: 33 | H108: A ASY-03248-06;A0 | I108: 1 | J108: BUY | K108: BUSBAR | O108: =IFERROR(L108*M108*N108,"") -> 0 | R108: =ROUNDUP(IFERROR(VLOOKUP(Q108,$AA$9:$AD$10,4,)/O108,""),0) -> #VALUE! | T108: =S108/(I108*25) -> 0 | U108: =S108/R108 -> #VALUE!
B109: ASY-03727-27;A0 | C109: 8 | D109: 12 | E109: C40-B2-PB40 | G109: 34 | H109: ASY-04184-02;A0 | I109: 2 | L109: 8.9 | M109: 2.8 | N109: 2.2 | O109: =IFERROR(L109*M109*N109,"") -> 54.824 | P109: Bin | Q109: 2 | R109: =ROUNDUP(IFERROR(VLOOKUP(Q109,$AA$9:$AD$10,4,)/O109,""),0) -> 197 | S109: 199 | T109: =S109/(I109*25) -> 3.98 | U109: =S109/R109 -> 1.0101523
...

Sheet Cart-PN Matrix
B1: Carts for operator 1
U2: Blue bin for make items
B3: Bin compartment: | D3: C1-B1-PB1-WS#1 | F3: C2-B1-PB2-WS#2 | H3: C3-B2-PB3-WS#1 | J3: C4-B2-PB4-WS#1 | L3: C5-B2-PB5-WS#1 | N3: C6-B2-PB6-WS#1 | P3: C7-B2-PB7-WS#2 | U3: Yellow bin for buy items
B4: 1 | D4: {=_xlfn._xlws.FILTER('Plan for every part'!$H$3:$H$127,('Plan for every part'!$E$3:$E$127='Cart-PN Matrix'!D3))} -> MTL-02321-01;A0 | F4: {=_xlfn._xlws.FILTER('Plan for every part'!$H$3:$H$127,('Plan for every part'!$E$3:$E$127='Cart-PN Matrix'!F3))} -> MTL-02324-02;A0 | H4: {=_xlfn._xlws.FILTER('Plan for every part'!$H$3:$H$127,('Plan for every part'!$E$3:$E$127='Cart-PN Matrix'!H3))} -> MTL-03976-01;B0 | I4: * | J4: {=_xlfn._xlws.FILTER('Plan for every part'!$H$3:$H$127,('Plan for every part'!$E$3:$E$127='Cart-PN Matrix'!J3))} -> ASY-05299-02;A0 | L4: {=_xlfn._xlws.FILTER('Plan for every part'!$H$3:$H$127,('Plan for every part'!$E$3:$E$127='Cart-PN Matrix'!L3))} -> ASY-05258-01;A0 | N4: {=_xlfn._xlws.FILTER('Plan for every part'!$H$3:$H$127,('Plan for every part'!$E$3:$E$127='Cart-PN Matrix'!N3))} -> ASY-05257-01;A0 | P4: {=_xlfn._xlws.FILTER('Plan for every part'!$H$3:$H$127,('Plan for every part'!$E$3:$E$127='Cart-PN Matrix'!P3))} -> ASY-05277-02;A0
B5: 2 | D5: GSKT-00352 | F5: MTL-02214-01;A1 | H5: MTL-03976-01;B0 | I5: * | J5: MTL-03977-01;A0 | L5: ASY-05258-01;A0 | N5: ASY-05257-01;A0 | P5: ASY-05277-02;A0
B6: 3 | D6: GSKT-00353 | F6: H FAS-00525
B7: 4 | D7: MTL-02217-01;A0
B8: 5 | D8: MTL-02216-03;A0
B9: 6 | D9: B MTL-03978-01;C0
B11: Carts for operator 2
B13: Bin compartment: | D13: C8-B1-PB8 | F13: C9-B2-PB9 | H13: C10-B2-PB10 | J13: C11-B2-PB11 | L13: C12-B2-PB12 | N13: C-13-B1-PB13 | P13: C-14-B1-PB14
B14: 1 | D14: {=_xlfn._xlws.FILTER('Plan for every part'!$H$3:$H$127,('Plan for every part'!$E$3:$E$127='Cart-PN Matrix'!D13))} -> MTL-02215-02;A1 | E14: * | F14: {=_xlfn._xlws.FILTER('Plan for every part'!$H$3:$H$127,('Plan for every part'!$E$3:$E$127='Cart-PN Matrix'!F13))} -> MTL-02352-04;A0 | H14: {=_xlfn._xlws.FILTER('Plan for every part'!$H$3:$H$127,('Plan for every part'!$E$3:$E$127='Cart-PN Matrix'!H13))} -> ASY-03157-02;A0 | J14: {=_xlfn._xlws.FILTER('Plan for every part'!$H$3:$H$127,('Plan for every part'!$E$3:$E$127='Cart-PN Matrix'!J13))} -> MTL-02356-04;B0 | L14: {=_xlfn._xlws.FILTER('Plan for every part'!$H$3:$H$127,('Plan for every part'!$E$3:$E$127='Cart-PN Matrix'!L13))} -> MTL-02362-04;B0 | N14: {=_xlfn._xlws.FILTER('Plan for every part'!$H$3:$H$127,('Plan for every part'!$E$3:$E$127='Cart-PN Matrix'!N13))} -> MTL-02357-02;A0 | O14: * | P14: {=_xlfn._xlws.FILTER('Plan for every part'!$H$3:$H$127,('Plan for every part'!$E$3:$E$127='Cart-PN Matrix'!P13))} -> MTL-02254-02;A1
B15: 2 | D15: MECH-02707-01;B0 | E15: * | F15: ASY-04181-02;A0 | H15: ASY-03157-02;A0 | J15: MTL-02356-04;B0 | L15: H MECH-02436-01 | N15: MTL-02358-03;A3 | O15: * | P15: ASY-03143-06;A0
B16: 3 | D16: A MECH-02688-02 | N16: H FAS-00797 (SPRING)
B17: 4 | D17: A MECH-02687-02 | N17: MTL-02360-06;A0
B18: 5 | D18: ASY-03668-01;A0 | N18: MTL-02363-03;A0
B19: 6 | D19: A LBL-00829-03;B0
B21: Carts for operator 3
B23: Bin compartment: | D23: C15-B1-PB15 | F23: C16-B1-PB16 | H23: C17-B2-PB17 | J23: C18-B2-PB18 | L23: C19-B2-PB19 | N23: C20-B2-PB20 | P23: C21-B1-PB21 | R23: C22-B2-PB22
B24: 1 | D24: {=_xlfn._xlws.FILTER('Plan for every part'!$H$3:$H$127,('Plan for every part'!$E$3:$E$127='Cart-PN Matrix'!D23))} -> MTL-02239-01;A0 | F24: {=_xlfn._xlws.FILTER('Plan for every part'!$H$3:$H$127,('Plan for every part'!$E$3:$E$127='Cart-PN Matrix'!F23))} -> MTL-02738-01;A0 | G24: * | H24: {=_xlfn._xlws.FILTER('Plan for every part'!$H$3:$H$127,('Plan for every part'!$E$3:$E$127='Cart-PN Matrix'!H23))} -> MTL-02237-04;A0 | J24: {=_xlfn._xlws.FILTER('Plan for every part'!$H$3:$H$127,('Plan for every part'!$E$3:$E$127='Cart-PN Matrix'!J23))} -> B ASY-05269-03;B0 (FRAME) | L24: {=_xlfn._xlws.FILTER('Plan for every part'!$H$3:$H$127,('Plan for every part'!$E$3:$E$127='Cart-PN Matrix'!L23))} -> MTL-02220-03;A0 | N24: {=_xlfn._xlws.FILTER('Plan for every part'!$H$3:$H$127,('Plan for every part'!$E$3:$E$127='Cart-PN Matrix'!N23))} -> ASY-03139-03;A0 | P24: {=_xlfn._xlws.FILTER('Plan for every part'!$H$3:$H$127,('Plan for every part'!$E$3:$E$127='Cart-PN Matrix'!P23))} -> MTL-02226-02;A0 | Q24: * | R24: {=_xlfn._xlws.FILTER('Plan for every part'!$H$3:$H$127,('Plan for every part'!$E$3:$E$127='Cart-PN Matrix'!R23))} -> ASY-05272-01;A0
B25: 2 | D25: ASY-03145-02;A0 | F25: A GSKT-00349 | G25: * | H25: MTL-02236-04;A0 | J25: B ASY-05269-03;B0 (FRAME) | L25: MTL-02220-03;A0 | N25: ASY-03139-03;A0 | P25: A GSKT-00349 | Q25: * | R25: MTL-03975-01;A1
B26: 3 | D26: MTL-02434-01;A0 | F26: ASY-04776-01;B0
B27: 4 | D27: ASY-03135-03;A0 | F27: A MECH-01754-04
B28: 5 | D28: MTL-02212-01;A0 | F28: A CBL-00408-05;B0
B29: 6 | D29: MTL-03697-01;A0 | F29: A MECH-02689-01;B
B31: Carts for operator 4 | N31: Carts for operator 5
B33: Bin compartment: | D33: C23-B1-PB23 | F33: C24-B2-PB24 | H33: C25-B2-PB25 | J33: C26-B2-PB26 | L33: C27-B2-PB27 | N33: C28-B1-PB28 | P33: C29-B2-PB29 | R33: C30-B2-PB30
B34: 1 | D34: {=_xlfn._xlws.FILTER('Plan for every part'!$H$3:$H$127,('Plan for every part'!$E$3:$E$127='Cart-PN Matrix'!D33))} -> A MECH-01200-02 | F34: {=_xlfn._xlws.FILTER('Plan for every part'!$H$3:$H$127,('Plan for every part'!$E$3:$E$127='Cart-PN Matrix'!F33))} -> ASY-03152-06;A0 | H34: {=_xlfn._xlws.FILTER('Plan for every part'!$H$3:$H$127,('Plan for every part'!$E$3:$E$127='Cart-PN Matrix'!H33))} -> ASY-04756-04;A0 | I34: * | J34: {=_xlfn._xlws.FILTER('Plan for every part'!$H$3:$H$127,('Plan for every part'!$E$3:$E$127='Cart-PN Matrix'!J33))} -> ASY-03156-03;A0 | L34: {=_xlfn._xlws.FILTER('Plan for every part'!$H$3:$H$127,('Plan for every part'!$E$3:$E$127='Cart-PN Matrix'!L33))} -> ASY-03137-03;A0 | N34: {=_xlfn._xlws.FILTER('Plan for every part'!$H$3:$H$127,('Plan for every part'!$E$3:$E$127='Cart-PN Matrix'!N33))} -> MTL-02218-01;B0 | P34: {=_xlfn._xlws.FILTER('Plan for every part'!$H$3:$H$127,('Plan for every part'!$E$3:$E$127='Cart-PN Matrix'!P33))} -> ASY-03153-05;A0 | R34: {=_xlfn._xlws.FILTER('Plan for every part'!$H$3:$H$127,('Plan for every part'!$E$3:$E$127='Cart-PN Matrix'!R33))} -> ASY-04757-04;A0
B35: 2 | F35: ASY-03152-06;A0 | H35: ASY-04756-04;A0 | I35: * | J35: ASY-03136-03;A0 | L35: ASY-03137-03;A0 | N35: A MECH-01754-04 | P35: ASY-03153-05;A0 | R35: ASY-04757-04;A0
B36: 3 | N36: A MECH-01253-01
B37: 4 | N37: MTL-02322-03;B0
B38: 5 | N38: A MECH-01754-04
B39: 6
B41: Carts for operator 7
B43: Bin compartment: | D43: C31-B2-PB31 | F43: C32-B2-PB32 | H43: C33-B2-PB33 | J43: C34-B2-PB34 | L43: C35-B1-PB35
B44: 1 | C44: * | D44: {=_xlfn._xlws.FILTER('Plan for every part'!$H$3:$H$127,('Plan for every part'!$E$3:$E$127='Cart-PN Matrix'!D43))} -> ASY-03185-02;A0 | F44: {=_xlfn._xlws.FILTER('Plan for every part'!$H$3:$H$127,('Plan for every part'!$E$3:$E$127='Cart-PN Matrix'!F43))} -> ASY-03184-05;A0 | G44: * | H44: {=_xlfn._xlws.FILTER('Plan for every part'!$H$3:$H$127,('Plan for every part'!$E$3:$E$127='Cart-PN Matrix'!H43))} -> MTL-02258-06;A0 | J44: {=_xlfn._xlws.FILTER('Plan for every part'!$H$3:$H$127,('Plan for every part'!$E$3:$E$127='Cart-PN Matrix'!J43))} -> ASY-03187-07;A0 | L44: {=_xlfn._xlws.FILTER('Plan for every part'!$H$3:$H$127,('Plan for every part'!$E$3:$E$127='Cart-PN Matrix'!L43))} -> MTL-02368-02;A0
B45: 2 | C45: * | D45: ASY-04183-01;A0 | F45: ASY-03184-05;A0 | G45: * | H45: ASY-03189-05;A0 | J45: ASY-03187-07;A0 | L45: MTL-03292-01;A0
B46: 3 | L46: B MTL-03296-02;B0
B47: 4 | L47: MTL-03292-01;A0
B48: 5 | L48: MTL-02844-02;A0
B49: 6 | L49: A MECH-01645-02A0
B51: Carts for operator 8
B53: Bin compartment: | D53: C36-B1-PB36 | F53: C37-B1-PB37 | H53: C38-B2-PB38 | J53: C39-B1-PB39 | L53: C40-B2-PB40 | N53: C41-B1-PB41 | P53: C42-B1-PB42
B54: 1 | D54: {=_xlfn._xlws.FILTER('Plan for every part'!$H$3:$H$127,('Plan for every part'!$E$3:$E$127='Cart-PN Matrix'!D53))} -> A PCA-01083-05;A0 | F54: {=_xlfn._xlws.FILTER('Plan for every part'!$H$3:$H$127,('Plan for every part'!$E$3:$E$127='Cart-PN Matrix'!F53))} -> ASY-03183-03;A0 | H54: {=_xlfn._xlws.FILTER('Plan for every part'!$H$3:$H$127,('Plan for every part'!$E$3:$E$127='Cart-PN Matrix'!H53))} -> ASY-03138-03;A0 | J54: {=_xlfn._xlws.FILTER('Plan for every part'!$H$3:$H$127,('Plan for every part'!$E$3:$E$127='Cart-PN Matrix'!J53))} -> A CBL-00407-05;D0 | K54: * | L54: {=_xlfn._xlws.FILTER('Plan for every part'!$H$3:$H$127,('Plan for every part'!$E$3:$E$127='Cart-PN Matrix'!L53))} -> ASY-04184-02;A0 | N54: {=_xlfn._xlws.FILTER('Plan for every part'!$H$3:$H$127,('Plan for every part'!$E$3:$E$127='Cart-PN Matrix'!N53))} -> A LBL-00990-02;A1 | P54: {=_xlfn._xlws.FILTER('Plan for every part'!$H$3:$H$127,('Plan for every part'!$E$3:$E$127='Cart-PN Matrix'!P53))} -> A LBL-01010-01
B55: 2 | D55: A PCA-01084-02;A0 | F55: MTL-05286-01;A0 | J55: A CT4BK18-C | K55: * | L55: ASY-03158-05;A0 | N55: A LBL-00991-03;A0 | P55: A LBL-01322-01;A0
B56: 3 | D56: A PCA-01086-03;A0 | F56: A MECH-01253-01 | J56: A MECH-01540-06A0 | N56: A LBL-00992-04;A0 | P56: A LBL-01363-01;A0
B57: 4 | D57: A LBL-00849-02 | F57: ASY-03333-04;A0 | J57: A MECH-01566-05A0 | N57: A LBL-00961-02;A1 | P57: A LBL-01364-01;A0
B58: 5 | D58: A PCA-01305-03 | F58: A LBL-00890-02 | J58: A MECH-01563-05A0 | N58: A LBL-00918-07;A1 | P58: A LBL-01002-02;A0
B59: 6 | D59: A MECH-03518-01 | F59: ASY-03327-02;A0 | J59: A MECH-01567-05A0 | N59: A LBL-00960-02;A0 | P59: A LBL-01268-01;B0

Sheet Cart nomenclature

Sheet Process map
B2: Assembly line staff | D2: Supermarket staff | F2: Midfield area | H2: Primary operations

Sheet BOM
A1: M/B | B1: LEVEL | C1: PARENT | D1: BACKLOG | E1: COMPONENT | F1: STATUS | G1: PROCESO INICIAL | H1: DESCRIPTION1 | I1: REQ | J1: U/M | K1: ON HAND | L1: ON ORD | M1: COMM | N1: AVAIL | O1: LEAD TIME | P1: VENDOR NAME | Q1: TYPE | R1: PROGRAMA
A2: B | B2: ___3 | C2: ASY-53727-127;A0 | D2: 1000 | E2: A ASY-03229-07;C0 | F2: B | H2: ASY,DN8,BUSBAR,MAIN 1 | I2: 1 | J2: EA | K2: 366 | L2: 618 | M2: 230 | N2: 754 | O2: 120 | P2: INTERPLEX (SUZHOU) PRECISION | R2: ARISTA NETWORKS, INC
A3: B | B3: __2 | C3: ASY-53727-127;A0 | D3: 1000 | E3: A ASY-03230-06;A0 | F3: B | H3: ASY,DN8,BUSBAR,HORIZON | I3: 1 | J3: EA | K3: 329 | L3: 647 | M3: 246 | N3: 730 | O3: 120 | P3: INTERPLEX (SUZHOU) PRECISION | R3: ARISTA NETWORKS, INC
A4: B | B4: __2 | C4: ASY-53727-127;A0 | D4: 1000 | E4: A ASY-03248-06;A0 | F4: B | H4: ASY,DN8,BUSBAR,HORIZON | I4: 1 | J4: EA | K4: 303 | L4: 673 | M4: 246 | N4: 730 | O4: 120 | P4: INTERPLEX (SUZHOU) PRECISION | R4: ARISTA NETWORKS, INC
A5: B | B5: ___3 | C5: ASY-53727-127;A0 | D5: 1000 | E5: A ASY-04714-01;A1 | F5: B | H5: ASY,DNNALI,RACK,BASKET | I5: 1 | J5: EA | K5: 758 | L5: 1000 | M5: 264 | N5: 1494 | O5: 50 | P5: HUANJOW KNITTING CO., LTD. | R5: ARISTA NETWORKS, INC
A6: B | B6: __2 | C6: ASY-53727-127;A0 | D6: 1000 | E6: A CBL-00407-05;D0 | H6: CABLE ASY, BUSBAR, VSE | I6: 1 | J6: EA | K6: 467 | L6: 529 | M6: 246 | N6: 750 | O6: 120 | P6: GREAT ASIA TAI TECH CO LTD | R6: ARISTA NETWORKS, INC
A7: B | B7: ___3 | C7: ASY-53727-127;A0 | D7: 1000 | E7: A CBL-00408-05;B0 | F7: B | H7: CABLE ASY, BUSBAR, SUP | I7: 1 | J7: EA | K7: 1312 | L7: 21 | M7: 404 | N7: 929 | O7: 110 | P7: GREAT ASIA TAI TECH CO LTD | R7: ARISTA NETWORKS, INC
A8: B | B8: __2 | C8: ASY-53727-127;A0 | D8: 1000 | E8: A CBL-00711-01;A0 | F8: B | H8: POWER CORD, SAF-D GRID | I8: 16 | J8: EA | K8: 9247 | L8: 17800 | M8: 10272 | N8: 16775 | O8: 70 | P8: IDEAL ANDERSON ASIA PACIFIC LT | R8: ARISTA NETWORKS, INC
A9: B | B9: __2 | C9: ASY-53727-127;A0 | D9: 1000 | E9: A CT4BK18-C | F9: B | H9: WIRE_ZIP_TIE 4" | I9: 1 | J9: EA | K9: 7165.95 | L9: 1000 | M9: 4901.65 | N9: 3264.3 | O9: 55 | P9: D B ROBERTS COMPANY | R9: ARISTA NETWORKS, INC
A10: B | B10: ___3 | C10: ASY-53727-127;A0 | D10: 1000 | E10: A GSKT-00349 | F10: B | H10: GASKET,EMI,FOF,D-SHAPE | I10: 2 | J10: EA | K10: 1705 | L10: 0 | M10: 1539 | N10: 166 | O10: 25 | P10: SCHLEGEL ELECTRONIC MATERIALS | R10: ARISTA NETWORKS, INC
A11: B | B11: ___3 | C11: ASY-53727-127;A0 | D11: 1000 | E11: A GSKT-00352 | F11: B | H11: GASKET,EMI,FOF,D-SHAPE | I11: 1 | J11: EA | K11: 1773 | L11: 0 | M11: 464 | N11: 1309 | O11: 25 | P11: SCHLEGEL ELECTRONIC MATERIALS | R11: ARISTA NETWORKS, INC
A12: B | B12: ___3 | C12: ASY-53727-127;A0 | D12: 1000 | E12: A GSKT-00353 | F12: B | H12: GASKET,EMI,FOF,D-SHAPE | I12: 1 | J12: EA | K12: 430 | L12: 1000 | M12: 230 | N12: 1200 | O12: 79 | P12: SCHLEGEL ELECTRONIC MATERIALS | R12: ARISTA NETWORKS, INC
A13: B | B13: __2 | C13: ASY-53727-127;A0 | D13: 1000 | E13: A LBL-00112 | F13: B | H13: 1.000 IN W X 0.25 IN H | I13: 3 | J13: EA | K13: 5464 | L13: 0 | M13: 1827 | N13: 3637 | O13: 15 | P13: BRADLEY NAMEPLATE CORPORATION | R13: ARISTA NETWORKS, INC
A14: B | B14: __2 | C14: ASY-53727-127;A0 | D14: 1000 | E14: A LBL-00212-01 | F14: B | H14: LBL,ASY NUMBER | I14: 1 | J14: EA | K14: 4704.45 | L14: 0 | M14: 563.5 | N14: 4140.95 | O14: 15 | P14: LUSTRE-CAL NAMEPLATE | R14: ARISTA NETWORKS, INC
A15: B | B15: ___3 | C15: ASY-53727-127;A0 | D15: 1000 | E15: A LBL-00829-03;B0 | F15: B | H15: INSULATOR,DN8,CHASSIS, | I15: 1 | J15: EA | K15: 980 | L15: 0 | M15: 230 | N15: 750 | O15: 30 | P15: CYMMETRIK PRINTING CO, LTD | R15: ARISTA NETWORKS, INC
A16: B | B16: ____4 | C16: ASY-53727-127;A0 | D16: 1000 | E16: A LBL-00890-02 | F16: B | H16: INSULATOR,DN8,OOB,MP,R | I16: 2 | J16: EA | K16: 1956 | L16: 0 | M16: 308 | N16: 1648 | O16: 97 | P16: BOYD CORPORATION | R16: ARISTA NETWORKS, INC
A17: B | B17: __2 | C17: ASY-53727-127;A0 | D17: 1000 | E17: A LBL-00918-07;A1 | F17: B | H17: LBL, DENALI PSU CAGE | I17: 1 | J17: EA | K17: 996 | L17: 0 | M17: 246 | N17: 750 | O17: 30 | P17: CYMMETRIK PRINTING CO, LTD | R17: ARISTA NETWORKS, INC
A18: B | B18: __2 | C18: ASY-53727-127;A0 | D18: 1000 | E18: A LBL-00960-02;A0 | F18: B | H18: LBL,DN8,PSU CAGE,LWR R | I18: 1 | J18: EA | K18: 496 | L18: 100 | M18: 246 | N18: 350 | O18: 30 | P18: CYMMETRIK PRINTING CO, LTD | R18: ARISTA NETWORKS, INC
... A53: B | B53: __2 | C53: ASY-53727-127;A0 | D53: 1000 | E53: A PDOC-00036-12A0 | F53: B | H53: DOCUMENT, GETTING STA | I53: 1 | J53: EA | K53: 218 | L53: 700 | M53: 523 | N53: 395 | O53: 10 | P53: (D)GAMA ETIQUETAS SA DE CV | R53: ARISTA NETWORKS, INC
A54: B | B54: ___3 | C54: ASY-53727-127;A0 | D54: 1000 | E54: B ASY-05269-03;B0 | H54: ASY, DN8, CHASSIS, FRA | I54: 1 | J54: EA | K54: 480 | L54: 500 | M54: 230 | N54: 750 | O54: 100 | P54: W&B TECHNOLOGY LTD | R54: ARISTA NETWORKS, INC
A55: B | B55: ___3 | C55: ASY-53727-127;A0 | D55: 1000 | E55: B MTL-03296-02;B0 | F55: B | H55: MTL;,PSU CAGE CATCH,1. | I55: 12 | J55: EA | K55: 13448 | L55: 2500 | M55: 2748 | N55: 13200 | O55: 154 | P55: LEMTECH INTERNATIONAL LTD | R55: ARISTA NETWORKS, INC
A56: B | B56: ____4 | C56: ASY-53727-127;A0 | D56: 1000 | E56: B MTL-03978-01;C0 | F56: B | H56: MTL, DN, CHASSIS, DIVI | I56: 12 | J56: EA | K56: 8604 | L56: 18500 | M56: 7442 | N56: 19662 | O56: 75 | P56: LEMTECH INTERNATIONAL LTD | R56: ARISTA NETWORKS, INC
A57: B | B57: ____4 | C57: ASY-53727-127;A0 | D57: 1000 | E57: H FAS-00525 | F57: B | H57: SPRING CENTURY #80506 | I57: 6.6 | J57: EA | K57: 937.1 | L57: 10528 | M57: 5995.3 | N57: 5469.8 | O57: 55 | P57: CENTURY SPRING CORP | R57: ARISTA NETWORKS, INC
A58: B | B58: ____4 | C58: ASY-53727-127;A0 | D58: 1000 | E58: H FAS-00797 | F58: B | H58: SPRING,EXT.,0.188" OD, | I58: 4.4 | J58: EA | K58: 4164.5 | L58: 1200 | M58: 1876.6 | N58: 3487.9 | O58: 55 | P58: CENTURY SPRING CORP | R58: ARISTA NETWORKS, INC
A59: B | B59: ___3 | C59: ASY-53727-127;A0 | D59: 1000 | E59: H MECH-01196-03 | F59: B | H59: MECH, DN8, MAIN BUSBAR | I59: 12 | J59: EA | K59: 7914.05 | L59: 18000 | M59: 8215.75 | N59: 17698.3 | O59: 70 | P59: PENCOM-SO CA | R59: ARISTA NETWORKS, INC
A60: B | B60: ____4 | C60: ASY-53727-127;A0 | D60: 1000 | E60: H MECH-01254-01 | F60: B | H60: SELF CLINCH KEYHOLE3.5 | I60: 8 | J60: EA | K60: 2552 | L60: 10000 | M60: 504 | N60: 12048 | O60: 104 | P60: PENCOM-SO CA | R60: ARISTA NETWORKS, INC
A61: B | B61: ____4 | C61: ASY-53727-127;A0 | D61: 1000 | E61: H MECH-01254-01 | F61: B | H61: SELF CLINCH KEYHOLE3.5 | I61: 8 | J61: EA | K61: 2552 | L61: 10000 | M61: 504 | N61: 12048 | O61: 104 | P61: PENCOM-SO CA | R61: ARISTA NETWORKS, INC
A62: B | B62: ____4 | C62: ASY-53727-127;A0 | D62: 1000 | E62: H MECH-02384-02 | F62: B | H62: MECH, DENALI, FACEPLAT | I62: 1 | J62: EA | K62: 14557 | L62: 0 | M62: 150 | N62: 14407 | O62: 120 | P62: D B ROBERTS COMPANY | R62: ARISTA NETWORKS, INC
A63: B | B63: ____4 | C63: ASY-53727-127;A0 | D63: 1000 | E63: H MECH-02384-02 | F63: B | H63: MECH, DENALI, FACEPLAT | I63: 1 | J63: EA | K63: 14557 | L63: 0 | M63: 150 | N63: 14407 | O63: 120 | P63: D B ROBERTS COMPANY | R63: ARISTA NETWORKS, INC
A64: B | B64: ____4 | C64: ASY-53727-127;A0 | D64: 1000 | E64: H MECH-02436-01 | F64: B | H64: MECH,DN,CHASSIS,HANDLE | I64: 4.4 | J64: EA | K64: 2611.5 | L64: 2500 | M64: 1876.6 | N64: 3234.9 | O64: 45 | P64: LEMTECH INTERNATIONAL LTD | R64: ARISTA NETWORKS, INC
A65: B | B65: ____4 | C65: ASY-53727-127;A0 | D65: 1000 | E65: H MECH-03876-01 | F65: B | H65: MECH, DENALI, FACEPLAT | I65: 6 | J65: EA | K65: 24566.6 | L65: 10500 | M65: 2868 | N65: 32198.6 | O65: 30 | P65: AFAR TECHNOLOGY (HK) LIMITED | R65: ARISTA NETWORKS, INC
A66: B | B66: ____4 | C66: ASY-53727-127;A0 | D66: 1000 | E66: H MECH-03876-01 | F66: B | H66: MECH, DENALI, FACEPLAT | I66: 6 | J66: EA | K66: 24566.6 | L66: 10500 | M66: 2868 | N66: 32198.6 | O66: 30 | P66: AFAR TECHNOLOGY (HK) LIMITED | R66: ARISTA NETWORKS, INC
... A77: B | B77: __2 | C77: ASY-53727-127;A0 | D77: 1000 | E77: P S-948 | F77: B | H77: ULINE S-948 5 X 7" BOL | I77: 2 | J77: EA | K77: 886 | L77: 1000 | M77: 1767 | N77: 119 | O77: 20 | P77: (D)ULINE SHIPPING SUPPLIES | R77: ARISTA NETWORKS, INC
A78: M | B78: __2 | C78: ASY-53727-127;A0 | D78: 1000 | E78: ASY-03128-24;A0 | F78: S | G78: 6AARI | H78: ASY, DN, BASE LEVEL, C | I78: 1 | J78: EA | K78: 16 | L78: 230 | M78: 246 | N78: 0 | O78: 3 | R78: ARISTA NETWORKS, INC
A79: M | B79: __2 | C79: ASY-53727-127;A0 | D79: 1000 | E79: ASY-03131-08;C0 | F79: S | G79: 6AARI | H79: ASY,CZ,PSU CAGE ENSAMB | I79: 1 | J79: EA | K79: 17 | L79: 229 | M79: 246 | N79: 0 | O79: 3 | R79: ARISTA NETWORKS, INC
A80: M | B80: ___3 | C80: ASY-53727-127;A0 | D80: 1000 | E80: ASY-03135-03;A0 | F80: S | G80: 6N02 | H80: ASY DN8 CHASSIS BULKHE | I80: 1 | J80: EA | K80: 241 | L80: 0 | M80: 230 | N80: 11 | O80: 1 | R80: ARISTA NETWORKS, INC
A81: M | B81: ___3 | C81: ASY-53727-127;A0 | D81: 1000 | E81: ASY-03136-03;A0 | F81: S | G81: 6N045 | H81: ASY DN8 CHASSIS TOP FR | I81: 1 | J81: EA | K81: 182 | L81: 62 | M81: 330 | N81: -86 | O81: 1 | R81: ARISTA NETWORKS, INC
A82: M | B82: ___3 | C82: ASY-53727-127;A0 | D82: 1000 | E82: ASY-03137-03;A0 | F82: S | G82: 6N04 | H82: ASY DN8 CHASSIS TOP RE | I82: 1 | J82: EA | K82: 111 | L82: 152 | M82: 230 | N82: 33 | O82: 1 | R82: ARISTA NETWORKS, INC
A83: M | B83: __2 | C83: ASY-53727-127;A0 | D83: 1000 | E83: ASY-03138-03;A0 | F83: S | G83: 6N04 | H83: ASY,DN8,CHASSIS,TOP,CO | I83: 1 | J83: EA | K83: 308 | L83: 0 | M83: 346 | N83: -38 | O83: 1 | R83: ARISTA NETWORKS, INC
A84: M | B84: ___3 | C84: ASY-53727-127;A0 | D84: 1000 | E84: ASY-03139-03;A0 | F84: S | G84: 6N04 | H84: ASY, DN8, CHASSIS, TOP | I84: 1 | J84: EA | K84: 234 | L84: 0 | M84: 230 | N84: 4 | O84: 1 | R84: ARISTA NETWORKS, INC
A85: M | B85: ___3 | C85: ASY-53727-127;A0 | D85: 1000 | E85: ASY-03143-06;A0 | F85: S | G85: 6N041 | H85: ASY,DN8,CHASSIS,SHELF, | I85: 1 | J85: EA | K85: 216 | L85: 60 | M85: 330 | N85: -54 | O85: 1 | R85: ARISTA NETWORKS, INC
A86: M | B86: ___3 | C86: ASY-53727-127;A0 | D86: 1000 | E86: ASY-03145-02;A0 | F86: S | G86: 6N042 | H86: ASY DN8 CHASSIS SUP DI | I86: 1 | J86: EA | K86: 218 | L86: 60 | M86: 330 | N86: -52 | O86: 1 | R86: ARISTA NETWORKS, INC
A87: M | B87: ___3 | C87: ASY-53727-127;A0 | D87: 1000 | E87: ASY-03152-06;A0 | F87: S | G87: 6N042 | H87: ASY,DN8,CHASSIS,CCB,IN | I87: 1 | J87: EA | K87: 226 | L87: 12 | M87: 230 | N87: 8 | O87: 1 | R87: ARISTA NETWORKS, INC
A88: M | B88: ___3 | C88: ASY-53727-127;A0 | D88: 1000 | E88: ASY-03153-05;A0 | F88: S | G88: 6N042 | H88: ASY,DN8,CHASSIS,CCB,IN | I88: 1 | J88: EA | K88: 245 | L88: 0 | M88: 230 | N88: 15 | O88: 1 | R88: ARISTA NETWORKS, INC
A89: M | B89: ___3 | C89: ASY-53727-127;A0 | D89: 1000 | E89: ASY-03156-03;A0 | F89: S | G89: 6N042 | H89: ASY, DN8, CHASSIS, BOT | I89: 1 | J89: EA | K89: 260 | L89: 0 | M89: 230 | N89: 30 | O89: 1 | R89: ARISTA NETWORKS, INC
... A111: M | B111: ___3 | C111: ASY-53727-127;A0 | D111: 1000 | E111: ASY-04776-01;B0 | F111: S | G111: 6SLK | H111: ASY,DN8,SUP DIVDR,EJEC | I111: 1 | J111: EA | K111: 118 | L111: 227 | M111: 593 | N111: -248 | O111: 1 | R111: ARISTA NETWORKS, INC
A112: M | B112: __2 | C112: ASY-53727-127;A0 | D112: 1000 | E112: ASY-04780-05;B0 | F112: S | G112: 6APEM | H112: ASY, DENALI, RACK KIT, | I112: 1 | K112: 73 | L112: 278 | M112: 531 | N112: -180 | O112: 0 | R112: ARISTA NETWORKS, INC
A113: M | B113: ___3 | C113: ASY-53727-127;A0 | D113: 1000 | E113: ASY-05257-01;A0 | F113: S | G113: 6N043 | H113: ASY,DN8,CHASSIS,CARD C | I113: 1 | J113: EA | K113: 262 | L113: 0 | M113: 230 | N113: 32 | O113: 1 | R113: ARISTA NETWORKS, INC
A114: M | B114: ___3 | C114: ASY-53727-127;A0 | D114: 1000 | E114: ASY-05258-01;A0 | F114: S | G114: 6N043 | H114: ASY,DN8,CHASSIS,CARD C | I114: 1 | J114: EA | K114: 250 | L114: 2 | M114: 230 | N114: 22 | O114: 1 | R114: ARISTA NETWORKS, INC
A115: M | B115: ___3 | C115: ASY-53727-127;A0 | D115: 1000 | E115: ASY-05271-01;A0 | F115: S | G115: 6AARI | H115: ASY,DN8,CHASSIS,SHELF, | I115: 1 | J115: EA | K115: 0 | L115: 230 | M115: 230 | N115: 0 | O115: 3 | R115: ARISTA NETWORKS, INC
A116: M | B116: ____4 | C116: ASY-53727-127;A0 | D116: 1000 | E116: ASY-05272-01;A0 | F116: S | G116: 6N041 | H116: ASY, DN8, CHASSIS, SHE | I116: 1 | J116: EA | K116: 208 | L116: 84 | M116: 230 | N116: 62 | O116: 1 | R116: ARISTA NETWORKS, INC
A117: M | B117: ___3 | C117: ASY-53727-127;A0 | D117: 1000 | E117: ASY-05275-01;A0 | F117: S | G117: 6AARI | H117: ASY,CZ,CHASSIS,FABRIC | I117: 6 | J117: EA | K117: 71 | L117: 3283 | M117: 3354 | N117: 0 | O117: 3 | R117: ARISTA NETWORKS, INC
A118: M | B118: ___3 | C118: ASY-53727-127;A0 | D118: 1000 | E118: ASY-05277-02;A0 | F118: S | G118: 6N042 | H118: ASY,DN8,CHASSIS,CARDCA | I118: 1 | J118: EA | K118: 67 | L118: 176 | M118: 230 | N118: 13 | O118: 1 | R118: ARISTA NETWORKS, INC
A119: M | B119: ___3 | C119: ASY-53727-127;A0 | D119: 1000 | E119: ASY-05299-02;A0 | F119: S | G119: 6N042 | H119: ASY,DN8,CHASSIS,CARDCA | I119: 1 | J119: EA | K119: 178 | L119: 60 | M119: 230 | N119: 8 | O119: 1 | R119: ARISTA NETWORKS, INC
A120: M | B120: __2 | C120: ASY-53727-127;A0 | D120: 1000 | E120: ASY-08774-01;A0 | F120: S | G120: 6AARI | H120: ASY,DN EJECTOR,TOOL,KI | I120: 2 | J120: EA | K120: 26 | L120: 1186 | M120: 1428 | N120: -216 | O120: 3 | R120: ARISTA NETWORKS, INC
A121: M | B121: 0 | C121: ASY-53727-127;A0 | D121: 1000 | E121: ASY-53727-127;A0 | F121: S | G121: 6AARI | H121: ASY, DN, TOP LEVEL, CH | I121: 1 | K121: 0 | L121: 250 | M121: 1000 | N121: -750 | O121: 3 | R121: ARISTA NETWORKS, INC
A122: M | B122: ____4 | C122: ASY-53727-127;A0 | D122: 1000 | E122: MECH-01827-01;B0 | F122: S | G122: 6N03 | H122: MECH,DN,EJECTOR,TOOL,C | I122: 2 | J122: EA | K122: 1392 | L122: 220 | M122: 904 | N122: 708 | O122: 5 | R122: ARISTA NETWORKS, INC
A123: M | B123: ___3 | C123: ASY-53727-127;A0 | D123: 1000 | E123: MTL-02212-01;A0 | F123: S | G123: 6N03 | H123: MTL, DN8, CHASSIS, STI | I123: 2 | J123: EA | K123: 563 | L123: 0 | M123: 460 | N123: 103 | O123: 1 | R123: ARISTA NETWORKS, INC
A124: M | B124: ___3 | C124: ASY-53727-127;A0 | D124: 1000 | E124: MTL-02213-05;A0 | F124: S | G124: 6N045 | H124: MTL,DN8,CHASSIS,SIDE,R | I124: 1 | J124: EA | K124: 194 | L124: 100 | M124: 230 | N124: 64 | O124: 1 | R124: ARISTA NETWORKS, INC
A125: M | B125: ___3 | C125: ASY-53727-127;A0 | D125: 1000 | E125: MTL-02214-01;A1 | F125: S | G125: 6N03 | H125: MTL,DN8,CHASSIS,FABRIC | I125: 1 | J125: EA | K125: 273 | L125: 108 | M125: 330 | N125: 51 | O125: 5 | R125: ARISTA NETWORKS, INC
A126: M | B126: ___3 | C126: ASY-53727-127;A0 | D126: 1000 | E126: MTL-02215-02;A1 | F126: S | G126: 6N03 | H126: MTL,DN8,CHASSIS,FABRIC | I126: 1 | J126: EA | K126: 243 | L126: 108 | M126: 330 | N126: 21 | O126: 5 | R126: ARISTA NETWORKS, INC
A127: M | B127: ___3 | C127: ASY-53727-127;A0 | D127: 1000 | E127: MTL-02216-03;A0 | F127: S | G127: 6N03 | H127: MTL,DN8,CHASSIS,CCB,BR | I127: 1 | J127: EA | K127: 249 | L127: 0 | M127: 230 | N127: 19 | O127: 1 | R127: ARISTA NETWORKS, INC
A128: M | B128: ___3 | C128: ASY-53727-127;A0 | D128: 1000 | E128: MTL-02217-01;A0 | F128: S | G128: 6N04 | H128: MTL, DN8, CHASSIS, HAN | I128: 1 | J128: EA | K128: 405 | L128: 0 | M128: 230 | N128: 175 | O128: 1 | R128: ARISTA NETWORKS, INC
A129: M | B129: ___3 | C129: ASY-53727-127;A0 | D129: 1000 | E129: MTL-02218-01;B0 | F129: S | G129: 6N04 | H129: MTL, DN8, CHASSIS, RAC | I129: 1 | J129: EA | K129: 220 | L129: 210 | M129: 230 | N129: 200 | O129: 5 | R129: ARISTA NETWORKS, INC
A130: M | B130: ___3 | C130: ASY-53727-127;A0 | D130: 1000 | E130: MTL-02220-03;A0 | F130: S | G130: 6N041 | H130: MTL, DN8, CHASSIS, LOW | I130: 1 | J130: EA | K130: 188 | L130: 60 | M130: 230 | N130: 18 | O130: 1 | R130: ARISTA NETWORKS, INC
A131: M | B131: ____4 | C131: ASY-53727-127;A0 | D131: 1000 | E131: MTL-02226-02;A0 | F131: S | G131: 6P25C | H131: MTL, DN8, CHASSIS, SH | I131: 1 | J131: EA | K131: 587 | L131: 11 | M131: 740 | N131: -142 | O131: 1 | R131: ARISTA NETWORKS, INC
A132: M | B132: ___3 | C132: ASY-53727-127;A0 | D132: 1000 | E132: MTL-02236-04;A0 | F132: S | G132: 6N041 | H132: MTL, DN8, CHASSIS, SHE | I132: 1 | J132: EA | K132: 352 | L132: 0 | M132: 330 | N132: 22 | O132: 1 | R132: ARISTA NETWORKS, INC
A133: M | B133: ___3 | C133: ASY-53727-127;A0 | D133: 1000 | E133: MTL-02237-04;A0 | F133: S | G133: 6N04 | H133: MTL, DN8, CHASSIS, SHE | I133: 1 | J133: EA | K133: 279 | L133: 122 | M133: 413 | N133: -12 | O133: 1 | R133: ARISTA NETWORKS, INC
... A163: M | B163: __2 | C163: ASY-53727-127;A0 | D163: 1000 | E163: MTL-05286-01;A0 | F163: S | G163: 6N03 | H163: MTL,CHAS,AIR BLOCKER,J | I163: 1 | J163: EA | K163: 362 | L163: 0 | M163: 246 | N163: 116 | O163: 1 | R163: ARISTA NETWORKS, INC

Sheet Leadtimes
A2: Weekly demand: | B2: 400
E3: Primary operations: | H3: Brake - Pem | K3: Press:
A4: Area: | B4: Hours available: | C4: Leadtime: | E4: Workcenter: | F4: ∑ Hours: | H4: Workcenter: | I4: ∑ Hours: | K4: Workcenter: | L4: ∑ Hours:
A5: Primary ops: | B5: =21*6*B10 -> 378 | C5: =SUM(F5:F12) -> 719.30942 | E5: 6N02 | F5: =SUMIF($D$15:$D$302,E5,$K$15:$K$302) -> 7.0175439 | H5: BR130 | I5: =SUMIF($D$15:$D$302,H5,$K$15:$K$302) -> 25 | K5: 6P200 | L5: =SUMIF($D$15:$D$302,K5,$K$15:$K$302) -> 9.3333333
A6: Midfield: | B6: =21*6*B11 -> 1134 | C6: =SUM(I5:I12)+SUM(L12) -> 2099.2743 | E6: 6N03 | F6: =SUMIF($D$15:$D$302,E6,$K$15:$K$302) -> 90.648883 | H6: BRK80 | I6: =SUMIF($D$15:$D$302,H6,$K$15:$K$302) -> 62.5 | K6: 6P20C | L6: =SUMIF($D$15:$D$302,K6,$K$15:$K$302) -> 35.692308
A7: Press | B7: =21*6*B12 -> 126 | C7: =SUM(L5:L9) -> 117.02326 | E7: 6N04 | F7: =SUMIF($D$15:$D$302,E7,$K$15:$K$302) -> 248.6808 | H7: RG100 | I7: =SUMIF($D$15:$D$302,H7,$K$15:$K$302) -> 35.666667 | K7: 6P250 | L7: =SUMIF($D$15:$D$302,K7,$K$15:$K$302) -> 32.114833
E8: 6N041 | F8: =SUMIF($D$15:$D$302,E8,$K$15:$K$302) -> 43.528191 | H8: 6BATC | I8: =SUMIF($D$15:$D$302,H8,$K$15:$K$302) -> 27.764706 | K8: 6P25C | L8: =SUMIF($D$15:$D$302,K8,$K$15:$K$302) -> 26.549451
A9: Area: | B9: Machines: | E9: 6N042 | F9: =SUMIF($D$15:$D$302,E9,$K$15:$K$302) -> 229.74297 | H9: 6BRG | I9: =SUMIF($D$15:$D$302,H9,$K$15:$K$302) -> 12.8 | K9: 6MACH | L9: =SUMIF($D$15:$D$302,K9,$K$15:$K$302) -> 13.333333
A10: Primary ops: | B10: 3 | E10: 6N043 | F10: =SUMIF($D$15:$D$302,E10,$K$15:$K$302) -> 26.666667 | H10: 6BRK | I10: =SUMIF($D$15:$D$302,H10,$K$15:$K$302) -> 569.6515
A11: Midfield: | B11: 9 | E11: 6N044 | F11: =SUMIF($D$15:$D$302,E11,$K$15:$K$302) -> 22.222222 | H11: 6APEM | I11: =SUMIF($D$15:$D$302,H11,$K$15:$K$302) -> 1028.8915 | K11: Midfield:
A12: Press | B12: 1 | E12: 6N045 | F12: =SUMIF($D$15:$D$302,E12,$K$15:$K$302) -> 50.802139 | H12: 6DBR | I12: =SUMIF($D$15:$D$302,H12,$K$15:$K$302) -> 318.66667 | K12: 6SLK | L12: =SUMIF($D$15:$D$302,K12,$K$15:$K$302) -> 18.333333
A14: Process Sheet Number | B14: End Item Part Number | C14: Quantity: | D14: Work Center/Vendor | E14: Step Number | F14: Run/Setup | G14: Description 11 | H14: Standard Rate | I14: Lead Time | J14: Crew Size | K14: 1W batch hours:
A15: ASY-03128-24;A0 | B15: ASY-03128-24;A0 | C15: 1 | D15: 6AARI | E15: 00110 | F15: R | G15: ENSAMBLE SEGUN DIBUJO | H15: 0.667 | I15: 0 | J15: 4 | K15: =(C15*$B$2)/(H15/J15) -> 2398.8006
A16: ASY-03131-08;C0 | B16: ASY-03131-08;C0 | C16: 1 | D16: 6AARI | E16: 00100 | F16: R | G16: ENSAMBLE SEGUN DIBUJO | H16: 1.25 | I16: 0 | J16: 1 | K16: =(C16*$B$2)/(H16/J16) -> 320
A17: ASY-03135-03;A0 | B17: ASY-03135-03;A0 | C17: 1 | D17: 6N02 | E17: 00110 | F17: R | G17: PUNZONADO EN TORRETA | H17: 57 | I17: 0 | J17: 1 | K17: =(C17*$B$2)/(H17/J17) -> 7.0175439
A18: ASY-03135-03;A0 | B18: ASY-03135-03;A0 | C18: 1 | D18: 6DBR | E18: 00120 | F18: R | G18: REBABEO PARA MANEJO | H18: 100 | I18: 0 | J18: 1 | K18: =(C18*$B$2)/(H18/J18) -> 4
A19: ASY-03135-03;A0 | B19: ASY-03135-03;A0 | C19: 1 | D19: 6BRK | E19: 00140 | F19: R | G19: DOBLADORA AMADA | H19: 250 | I19: 0 | J19: 1 | K19: =(C19*$B$2)/(H19/J19) -> 1.6
A20: ASY-03135-03;A0 | B20: ASY-03135-03;A0 | C20: 1 | D20: 6APEM | E20: 00160 | F20: R | G20: INSERCION DE PEM | H20: 11 | I20: 0 | J20: 1 | K20: =(C20*$B$2)/(H20/J20) -> 36.363636
A21: ASY-03136-03;A0 | B21: ASY-03136-03;A0 | C21: 1 | D21: 6N045 | E21: 00110 | F21: R | G21: PUNZONADO EN TORRETA | H21: 55 | I21: 0 | J21: 1 | K21: =(C21*$B$2)/(H21/J21) -> 7.2727273
A22: ASY-03136-03;A0 | B22: ASY-03136-03;A0 | C22: 1 | D22: 6DBR | E22: 00120 | F22: R | G22: REBABEO PARA MANEJO | H22: 100 | I22: 0 | J22: 1 | K22: =(C22*$B$2)/(H22/J22) -> 4
A23: ASY-03136-03;A0 | B23: ASY-03136-03;A0 | C23: 1 | D23: 6BRK | E23: 00140 | F23: R | G23: DOBLADORA AMADA | H23: 25 | I23: 0 | J23: 1 | K23: =(C23*$B$2)/(H23/J23) -> 16
A24: ASY-03136-03;A0 | B24: ASY-03136-03;A0 | C24: 1 | D24: 6APEM | E24: 00160 | F24: R | G24: INSERCION DE PEM | H24: 20 | I24: 0 | J24: 1 | K24: =(C24*$B$2)/(H24/J24) -> 20
A25: ASY-03137-03;A0 | B25: ASY-03137-03;A0 | C25: 1 | D25: 6N04 | E25: 00110 | F25: R | G25: PUNZONADO EN TORRETA | H25: 44 | I25: 0 | J25: 1 | K25: =(C25*$B$2)/(H25/J25) -> 9.0909091
A26: ASY-03137-03;A0 | B26: ASY-03137-03;A0 | C26: 1 | D26: 6DBR | E26: 00120 | F26: R | G26: REBABEO PARA MANEJO | H26: 100 | I26: 0 | J26: 1 | K26: =(C26*$B$2)/(H26/J26) -> 4
... A179: MECH-01827-01;B0 | B179: MECH-01827-01;B0 | C179: 2 | D179: RG100 | E179: 00140 | F179: R | G179: DOBLADORA AMADA | H179: 32 | I179: 0 | J179: 1 | K179: =(C179*$B$2)/(H179/J179) -> 25
A180: MECH-01827-01;B0 | B180: MECH-01827-01;B0 | C180: 2 | D180: 232625 | E180: 00150 | G180: MECH-01827-01 REV B0 | H180: 0 | I180: 5 | J180: 1 | K180: =(C180*$B$2)/(H180/J180) -> #DIV/0!
A181: MTL-02212-01;A0 | B181: MTL-02212-01;A0 | C181: 2 | D181: 6N03 | E181: 00110 | F181: R | G181: CORTE LASER AMADA | H181: 456 | I181: 0 | J181: 1 | K181: =(C181*$B$2)/(H181/J181) -> 1.754386
A182: MTL-02213-05;A0 | B182: MTL-02213-05;A0 | C182: 1 | D182: 6N045 | E182: 00110 | F182: R | G182: PUNZONADO EN TORRETA | H182: 17 | I182: 0 | J182: 1 | K182: =(C182*$B$2)/(H182/J182) -> 23.529412
A183: MTL-02213-05;A0 | B183: MTL-02213-05;A0 | C183: 1 | D183: 6DBR | E183: 00120 | F183: R | G183: REBABEO PARA MANEJO | H183: 100 | I183: 0 | J183: 1 | K183: =(C183*$B$2)/(H183/J183) -> 4
A184: MTL-02213-05;A0 | B184: MTL-02213-05;A0 | C184: 1 | D184: 6BATC | E184: 00140 | F184: R | G184: DOBLADORA AMADA | H184: 25 | I184: 0 | J184: 1 | K184: =(C184*$B$2)/(H184/J184) -> 16
A185: MTL-02214-01;A1 | B185: MTL-02214-01;A1 | C185: 1 | D185: 6N03 | E185: 00110 | F185: R | G185: CORTE LASER AMADA | H185: 54 | I185: 0 | J185: 1 | K185: =(C185*$B$2)/(H185/J185) -> 7.4074074
A186: MTL-02214-01;A1 | B186: MTL-02214-01;A1 | C186: 1 | D186: 6MACH | E186: 00130 | F186: R | G186: MAQUINADO | H186: 60 | I186: 0 | J186: 1 | K186: =(C186*$B$2)/(H186/J186) -> 6.6666667
A187: MTL-02214-01;A1 | B187: MTL-02214-01;A1 | C187: 1 | D187: 6BRK | E187: 00160 | F187: R | G187: DOBLADORA AMADA | H187: 35 | I187: 0 | J187: 1 | K187: =(C187*$B$2)/(H187/J187) -> 11.428571
A188: MTL-02214-01;A1 | B188: MTL-02214-01;A1 | C188: 1 | D188: 6BRK | E188: 00180 | F188: R | G188: DOBLADORA AMADA | H188: 300 | I188: 0 | J188: 1 | K188: =(C188*$B$2)/(H188/J188) -> 1.3333333
A189: MTL-02214-01;A1 | B189: MTL-02214-01;A1 | C189: 1 | D189: 232625 | E189: 00190 | G189: MTL-02214-01 REV A1 | H189: 0 | I189: 5 | J189: 1 | K189: =(C189*$B$2)/(H189/J189) -> #DIV/0!
A190: MTL-02215-02;A1 | B190: MTL-02215-02;A1 | C190: 1 | D190: 6N03 | E190: 00110 | F190: R | G190: CORTE LASER AMADA | H190: 54 | I190: 0 | J190: 1 | K190: =(C190*$B$2)/(H190/J190) -> 7.4074074
A191: MTL-02215-02;A1 | B191: MTL-02215-02;A1 | C191: 1 | D191: 6BRK | E191: 00140 | F191: R | G191: DOBLADORA AMADA | H191: 35 | I191: 0 | J191: 1 | K191: =(C191*$B$2)/(H191/J191) -> 11.428571
A192: MTL-02215-02;A1 | B192: MTL-02215-02;A1 | C192: 1 | D192: 6BRK | E192: 00160 | F192: R | G192: DOBLADORA AMADA | H192: 300 | I192: 0 | J192: 1 | K192: =(C192*$B$2)/(H192/J192) -> 1.3333333
A193: MTL-02215-02;A1 | B193: MTL-02215-02;A1 | C193: 1 | D193: 232625 | E193: 00170 | G193: MTL-02215-02 REV A1 | H193: 0 | I193: 5 | J193: 1 | K193: =(C193*$B$2)/(H193/J193) -> #DIV/0!
A194: MTL-02216-03;A0 | B194: MTL-02216-03;A0 | C194: 1 | D194: 6N03 | E194: 00110 | F194: R | G194: CORTE LASER AMADA | H194: 52 | I194: 0 | J194: 1 | K194: =(C194*$B$2)/(H194/J194) -> 7.6923077
A195: MTL-02216-03;A0 | B195: MTL-02216-03;A0 | C195: 1 | D195: 6BRG | E195: 00140 | F195: R | G195: ESTAMPADO DE NUMERO DE | H195: 250 | I195: 0 | J195: 1 | K195: =(C195*$B$2)/(H195/J195) -> 1.6
A196: MTL-02216-03;A0 | B196: MTL-02216-03;A0 | C196: 1 | D196: 6BRK | E196: 00160 | F196: R | G196: DOBLADORA AMADA | H196: 156 | I196: 0 | J196: 1 | K196: =(C196*$B$2)/(H196/J196) -> 2.5641026
A197: MTL-02217-01;A0 | B197: MTL-02217-01;A0 | C197: 1 | D197: 6N04 | E197: 00110 | F197: R | G197: PUNZONADO EN TORRETA | H197: 196 | I197: 0 | J197: 1 | K197: =(C197*$B$2)/(H197/J197) -> 2.0408163
A198: MTL-02217-01;A0 | B198: MTL-02217-01;A0 | C198: 1 | D198: 6DBR | E198: 00120 | F198: R | G198: REBABEO PARA MANEJO | H198: 100 | I198: 0 | J198: 1 | K198: =(C198*$B$2)/(H198/J198) -> 4
A199: MTL-02217-01;A0 | B199: MTL-02217-01;A0 | C199: 1 | D199: 6BRK | E199: 00140 | F199: R | G199: DOBLADORA AMADA | H199: 79 | I199: 0 | J199: 1 | K199: =(C199*$B$2)/(H199/J199) -> 5.0632911
A200: MTL-02218-01;B0 | B200: MTL-02218-01;B0 | C200: 1 | D200: 6N04 | E200: 00110 | F200: R | G200: PUNZONADO EN TORRETA | H200: 175 | I200: 0 | J200: 1 | K200: =(C200*$B$2)/(H200/J200) -> 2.2857143
A201: MTL-02218-01;B0 | B201: MTL-02218-01;B0 | C201: 1 | D201: 6DBR | E201: 00120 | F201: R | G201: REBABEO PARA MANEJO | H201: 100 | I201: 0 | J201: 1 | K201: =(C201*$B$2)/(H201/J201) -> 4
A202: MTL-02218-01;B0 | B202: MTL-02218-01;B0 | C202: 1 | D202: 465250 | E202: 00130 | G202: MTL-02218-01 REV B0 | H202: 0 | I202: 7 | J202: 1 | K202: =(C202*$B$2)/(H202/J202) -> #DIV/0!
A203: MTL-02218-01;B0 | B203: MTL-02218-01;B0 | C203: 1 | D203: 745150 | E203: 00140 | G203: MTL-02218-01 REV B0 | H203: 0 | I203: 5 | J203: 0 | K203: =(C203*$B$2)/(H203/J203) -> #DIV/0!
A204: MTL-02220-03;A0 | B204: MTL-02220-03;A0 | C204: 1 | D204: 6N041 | E204: 00110 | F204: R | G204: PUNZONADO EN TORRETA | H204: 30.5 | I204: 0 | J204: 1 | K204: =(C204*$B$2)/(H204/J204) -> 13.114754
A205: MTL-02220-03;A0 | B205: MTL-02220-03;A0 | C205: 1 | D205: 6DBR | E205: 00120 | F205: R | G205: REBABEO PARA MANEJO | H205: 100 | I205: 0 | J205: 1 | K205: =(C205*$B$2)/(H205/J205) -> 4
A206: MTL-02220-03;A0 | B206: MTL-02220-03;A0 | C206: 1 | D206: 6BRK | E206: 00140 | F206: R | G206: DOBLADORA AMADA | H206: 19 | I206: 0 | J206: 1 | K206: =(C206*$B$2)/(H206/J206) -> 21.052632
A207: MTL-02226-02;A0 | B207: MTL-02226-02;A0 | C207: 1 | D207: 6P25C | E207: 00110 | F207: R | G207: TROQUELADO | H207: 325 | I207: 0 | J207: 1 | K207: =(C207*$B$2)/(H207/J207) -> 1.2307692
A208: MTL-02226-02;A0 | B208: MTL-02226-02;A0 | C208: 1 | D208: 6P250 | E208: 00130 | F208: R | G208: TROQUELADO | H208: 275 | I208: 0 | J208: 1 | K208: =(C208*$B$2)/(H208/J208) -> 1.4545455
A209: MTL-02236-04;A0 | B209: MTL-02236-04;A0 | C209: 1 | D209: 6N041 | E209: 00110 | F209: R | G209: PUNZONADO EN TORRETA | H209: 43 | I209: 0 | J209: 1 | K209: =(C209*$B$2)/(H209/J209) -> 9.3023256
A210: MTL-02236-04;A0 | B210: MTL-02236-04;A0 | C210: 1 | D210: 6DBR | E210: 00120 | F210: R | G210: REBABEO PARA MANEJO | H210: 100 | I210: 0 | J210: 1 | K210: =(C210*$B$2)/(H210/J210) -> 4
A211: MTL-02236-04;A0 | B211: MTL-02236-04;A0 | C211: 1 | D211: 6BRK | E211: 00140 | F211: R | G211: DOBLADORA AMADA | H211: 79 | I211: 0 | J211: 1 | K211: =(C211*$B$2)/(H211/J211) -> 5.0632911
A212: MTL-02237-04;A0 | B212: MTL-02237-04;A0 | C212: 1 | D212: 6N04 | E212: 00110 | F212: R | G212: PUNZONADO EN TORRETA | H212: 53 | I212: 0 | J212: 1 | K212: =(C212*$B$2)/(H212/J212) -> 7.5471698
A213: MTL-02237-04;A0 | B213: MTL-02237-04;A0 | C213: 1 | D213: 6DBR | E213: 00120 | F213: R | G213: REBABEO PARA MANEJO | H213: 100 | I213: 0 | J213: 1 | K213: =(C213*$B$2)/(H213/J213) -> 4
A214: MTL-02237-04;A0 | B214: MTL-02237-04;A0 | C214: 1 | D214: 6BATC | E214: 00140 | F214: R | G214: DOBLADORA AMADA | H214: 34 | I214: 0 | J214: 1 | K214: =(C214*$B$2)/(H214/J214) -> 11.764706
A215: MTL-02239-01;A0 | B215: MTL-02239-01;A0 | C215: 1 | D215: 6N042 | E215: 00110 | F215: R | G215: PUNZONADO EN TORRETA | H215: 166 | I215: 0 | J215: 1 | K215: =(C215*$B$2)/(H215/J215) -> 2.4096386
... A230: MTL-02322-03;B0 | B230: MTL-02322-03;B0 | C230: 1 | D230: 6DBR | E230: 00120 | F230: R | G230: REBABEO PARA MANEJO | H230: 100 | I230: 0 | J230: 1 | K230: =(C230*$B$2)/(H230/J230) -> 4
A231: MTL-02322-03;B0 | B231: MTL-02322-03;B0 | C231: 1 | D231: 465250 | E231: 00130 | G231: MTL-02322-03 REV B0 | H231: 0 | I231: 7 | J231: 1 | K231: =(C231*$B$2)/(H231/J231) -> #DIV/0!
A232: MTL-02322-03;B0 | B232: MTL-02322-03;B0 | C232: 1 | D232: 745150 | E232: 00140 | G232: MTL-02322-03 REV B0 | H232: 0 | I232: 5 | J232: 0 | K232: =(C232*$B$2)/(H232/J232) -> #DIV/0!
A233: MTL-02324-02;A0 | B233: MTL-02324-02;A0 | C233: 1 | D233: 6N04 | E233: 00110 | F233: R | G233: PUNZONADO EN TORRETA | H233: 220 | I233: 0 | J233: 1 | K233: =(C233*$B$2)/(H233/J233) -> 1.8181818
A234: MTL-02324-02;A0 | B234: MTL-02324-02;A0 | C234: 1 | D234: 6DBR | E234: 00120 | F234: R | G234: REBABEO PARA MANEJO | H234: 100 | I234: 0 | J234: 1 | K234: =(C234*$B$2)/(H234/J234) -> 4
A235: MTL-02324-02;A0 | B235: MTL-02324-02;A0 | C235: 1 | D235: 6BRK | E235: 00140 | F235: R | G235: DOBLADORA AMADA | H235: 250 | I235: 0 | J235: 1 | K235: =(C235*$B$2)/(H235/J235) -> 1.6
A236: MTL-02325-02;A0 | B236: MTL-02325-02;A0 | C236: 1 | D236: 6P25C | E236: 00110 | F236: R | G236: TROQUELADO | H236: 325 | I236: 0 | J236: 1 | K236: =(C236*$B$2)/(H236/J236) -> 1.2307692
A237: MTL-02325-02;A0 | B237: MTL-02325-02;A0 | C237: 1 | D237: 232625 | E237: 00200 | G237: MTL-02325-02 A0 | H237: 0 | I237: 5 | J237: 0 | K237: =(C237*$B$2)/(H237/J237) -> #DIV/0!
A238: MTL-02352-04;A0 | B238: MTL-02352-04;A0 | C238: 1 | D238: 6N04 | E238: 00110 | F238: R | G238: PUNZONADO EN TORRETA | H238: 78 | I238: 0 | J238: 1 | K238: =(C238*$B$2)/(H238/J238) -> 5.1282051
A239: MTL-02352-04;A0 | B239: MTL-02352-04;A0 | C239: 1 | D239: 6DBR | E239: 00120 | F239: R | G239: REBABEO PARA MANEJO | H239: 100 | I239: 0 | J239: 1 | K239: =(C239*$B$2)/(H239/J239) -> 4
A240: MTL-02352-04;A0 | B240: MTL-02352-04;A0 | C240: 1 | D240: 6BRK | E240: 00140 | F240: R | G240: DOBLADORA AMADA | H240: 40 | I240: 0 | J240: 1 | K240: =(C240*$B$2)/(H240/J240) -> 10
A241: MTL-02356-04;B0 | B241: MTL-02356-04;B0 | C241: 4 | D241: 6P25C | E241: 00110 | F241: R | G241: TROQUELADO | H241: 325 | I241: 0 | J241: 1 | K241: =(C241*$B$2)/(H241/J241) -> 4.9230769
A242: MTL-02356-04;B0 | B242: MTL-02356-04;B0 | C242: 4 | D242: 6P250 | E242: 00130 | F242: R | G242: TROQUELADO | H242: 95 | I242: 0 | J242: 1 | K242: =(C242*$B$2)/(H242/J242) -> 16.842105
A243: MTL-02356-04;B0 | B243: MTL-02356-04;B0 | C243: 4 | D243: 232625 | E243: 00200 | G243: MTL-02356-04 B0 | H243: 0 | I243: 5 | J243: 1 | K243: =(C243*$B$2)/(H243/J243) -> #DIV/0!
A244: MTL-02357-02;A0 | B244: MTL-02357-02;A0 | C244: 8 | D244: 6P20C | E244: 00110 | F244: R | G244: TROQUELADO | H244: 325 | I244: 0 | J244: 1 | K244: =(C244*$B$2)/(H244/J244) -> 9.8461538
A245: MTL-02358-03;A3 | B245: MTL-02358-03;A3 | C245: 8 | D245: 6P20C | E245: 00110 | F245: R | G245: TROQUELADO | H245: 325 | I245: 0 | J245: 1 | K245: =(C245*$B$2)/(H245/J245) -> 9.8461538
A246: MTL-02358-03;A3 | B246: MTL-02358-03;A3 | C246: 8 | D246: 232625 | E246: 00200 | G246: MTL-02358-03 A3 | H246: 0 | I246: 5 | J246: 1 | K246: =(C246*$B$2)/(H246/J246) -> #DIV/0!
A247: MTL-02360-06;A0 | B247: MTL-02360-06;A0 | C247: 4 | D247: 6P20C | E247: 00110 | F247: R | G247: TROQUELADO | H247: 325 | I247: 0 | J247: 1 | K247: =(C247*$B$2)/(H247/J247) -> 4.9230769
A248: MTL-02362-04;B0 | B248: MTL-02362-04;B0 | C248: 4 | D248: 6N04 | E248: 00110 | F248: R | G248: PUNZONADO EN TORRETA | H248: 128 | I248: 0 | J248: 1 | K248: =(C248*$B$2)/(H248/J248) -> 12.5
A249: MTL-02362-04;B0 | B249: MTL-02362-04;B0 | C249: 4 | D249: 6DBR | E249: 00120 | F249: R | G249: REBABEO PARA MANEJO | H249: 100 | I249: 0 | J249: 1 | K249: =(C249*$B$2)/(H249/J249) -> 16
A250: MTL-02362-04;B0 | B250: MTL-02362-04;B0 | C250: 4 | D250: BRK80 | E250: 00140 | F250: R | G250: DOBLADORA AMADA | H250: 32 | I250: 0 | J250: 1 | K250: =(C250*$B$2)/(H250/J250) -> 50
A251: MTL-02362-04;B0 | B251: MTL-02362-04;B0 | C251: 4 | D251: 232625 | E251: 00150 | G251: MTL-02362-04 REV B0 | H251: 0 | I251: 7 | J251: 1 | K251: =(C251*$B$2)/(H251/J251) -> #DIV/0!
A252: MTL-02363-03;A0 | B252: MTL-02363-03;A0 | C252: 4 | D252: 6N04 | E252: 00110 | F252: R | G252: PUNZONADO EN TORRETA | H252: 230 | I252: 0 | J252: 1 | K252: =(C252*$B$2)/(H252/J252) -> 6.9565217
A253: MTL-02363-03;A0 | B253: MTL-02363-03;A0 | C253: 4 | D253: 6DBR | E253: 00120 | F253: R | G253: REBABEO PARA MANEJO | H253: 100 | I253: 0 | J253: 1 | K253: =(C253*$B$2)/(H253/J253) -> 16
A254: MTL-02363-03;A0 | B254: MTL-02363-03;A0 | C254: 4 | D254: RG100 | E254: 00140 | F254: R | G254: DOBLADORA AMADA | H254: 150 | I254: 0 | J254: 1 | K254: =(C254*$B$2)/(H254/J254) -> 10.666667
A255: MTL-02368-02;A0 | B255: MTL-02368-02;A0 | C255: 1 | D255: 6N03 | E255: 00110 | F255: R | G255: CORTE LASER AMADA | H255: 295 | I255: 0 | J255: 1 | K255: =(C255*$B$2)/(H255/J255) -> 1.3559322
A256: MTL-02368-02;A0 | B256: MTL-02368-02;A0 | C256: 1 | D256: 6MACH | E256: 00130 | F256: R | G256: MAQUINADO | H256: 60 | I256: 0 | J256: 1 | K256: =(C256*$B$2)/(H256/J256) -> 6.6666667
A257: MTL-02368-02;A0 | B257: MTL-02368-02;A0 | C257: 1 | D257: 6BRK | E257: 00160 | F257: R | G257: DOBLADORA AMADA | H257: 400 | I257: 0 | J257: 1 | K257: =(C257*$B$2)/(H257/J257) -> 1
A258: MTL-02368-02;A0 | B258: MTL-02368-02;A0 | C258: 1 | D258: 232625 | E258: 00170 | G258: MTL-02368-02 REV A0 | H258: 0 | I258: 5 | J258: 1 | K258: =(C258*$B$2)/(H258/J258) -> #DIV/0!
A259: MTL-02434-01;A0 | B259: MTL-02434-01;A0 | C259: 1 | D259: 6P20C | E259: 00110 | F259: R | G259: TROQUELADO | H259: 325 | I259: 0 | J259: 1 | K259: =(C259*$B$2)/(H259/J259) -> 1.2307692
A260: MTL-02434-01;A0 | B260: MTL-02434-01;A0 | C260: 1 | D260: 6BRK | E260: 00140 | F260: R | G260: DOBLADORA AMADA | H260: 156 | I260: 0 | J260: 1 | K260: =(C260*$B$2)/(H260/J260) -> 2.5641026
A261: MTL-02738-01;A0 | B261: MTL-02738-01;A0 | C261: 1 | D261: 6N04 | E261: 00110 | F261: R | G261: PUNZONADO EN TORRETA | H261: 156 | I261: 0 | J261: 1 | K261: =(C261*$B$2)/(H261/J261) -> 2.5641026
A262: MTL-02738-01;A0 | B262: MTL-02738-01;A0 | C262: 1 | D262: 6DBR | E262: 00120 | F262: R | G262: REBABEO PARA MANEJO | H262: 100 | I262: 0 | J262: 1 | K262: =(C262*$B$2)/(H262/J262) -> 4
A263: MTL-02738-01;A0 | B263: MTL-02738-01;A0 | C263: 1 | D263: 6BRK | E263: 00140 | F263: R | G263: DOBLADORA AMADA | H263: 250 | I263: 0 | J263: 1 | K263: =(C263*$B$2)/(H263/J263) -> 1.6
A264: MTL-02844-02;A0 | B264: MTL-02844-02;A0 | C264: 2 | D264: 6P20C | E264: 00110 | F264: R | G264: TROQUELADO | H264: 325 | I264: 0 | J264: 1 | K264: =(C264*$B$2)/(H264/J264) -> 2.4615385
A265: MTL-02844-02;A0 | B265: MTL-02844-02;A0 | C265: 2 | D265: 6P200 | E265: 00130 | F265: R | G265: TROQUELADO | H265: 100 | I265: 0 | J265: 1 | K265: =(C265*$B$2)/(H265/J265) -> 8
A266: MTL-02844-02;A0 | B266: MTL-02844-02;A0 | C266: 2 | D266: 232625 | E266: 00200 | G266: MTL-02844-02 REV A0 | H266: 0 | I266: 5 | J266: 1 | K266: =(C266*$B$2)/(H266/J266) -> #DIV/0!
A267: MTL-03292-01;A0 | B267: MTL-03292-01;A0 | C267: 2 | D267: 6N03 | E267: 00110 | F267: R | G267: CORTE LASER AMADA | H267: 225 | I267: 0 | J267: 1 | K267: =(C267*$B$2)/(H267/J267) -> 3.5555556
A268: MTL-03292-01;A0 | B268: MTL-03292-01;A0 | C268: 2 | D268: 6DBR | E268: 00120 | F268: R | G268: REBABEO PARA MANEJO | H268: 100 | I268: 0 | J268: 1 | K268: =(C268*$B$2)/(H268/J268) -> 8
...

Sheet Assy WC
A1: Process Sheet Number | B1: EndItemPartNumber | C1: Parent: | D1: Work Center/Vendor | E1: Description 1 | F1: Description 2 | G1: Step Number | H1: Run/Setup | I1: Operation Code | J1: Component Part Number | K1: Description 11 | L1: Description 21 | M1: Standard Rate | N1: Lead Time | O1: Crew Size | P1: Overlap Step Number | Q1: Overlap Quantity
A2: ASY-03128-24;A0 | B2: ASY-03128-24;A0 | C2: ASY-53727-127;A0 | D2: 6AARI | E2: JCG 20 08 24 | G2: 00110 | H2: R | I2: 801 | K2: ENSAMBLE SEGUN DIBUJO | M2: 0.667 | N2: 0 | O2: 4 | Q2: 0
A3: ASY-03131-08;C0 | B3: ASY-03131-08;C0 | C3: ASY-53727-127;A0 | D3: 6AARI | E3: JCG 05 28 20 | G3: 00100 | H3: R | I3: 801 | K3: ENSAMBLE SEGUN DIBUJO | M3: 1.25 | N3: 0 | O3: 1 | Q3: 0
A4: ASY-03135-03;A0 | B4: ASY-03135-03;A0 | C4: ASY-53727-127;A0 | D4: 6N02 | E4: KSS 05 14 19 | G4: 00110 | H4: R | I4: 102 | K4: PUNZONADO EN TORRETA | M4: 57 | N4: 0 | O4: 1 | Q4: 0
A5: ASY-03135-03;A0 | B5: ASY-03135-03;A0 | C5: ASY-53727-127;A0 | D5: 6DBR | E5: KSS 05 14 19 | G5: 00120 | H5: R | I5: 200 | K5: REBABEO PARA MANEJO | L5: SEGURO | M5: 100 | N5: 0 | O5: 1 | Q5: 0
A6: ASY-03135-03;A0 | B6: ASY-03135-03;A0 | C6: ASY-53727-127;A0 | D6: 6BRK | E6: KSS 05 14 19 | G6: 00140 | H6: R | I6: 302 | K6: DOBLADORA AMADA | M6: 250 | N6: 0 | O6: 1 | Q6: 0
A7: ASY-03135-03;A0 | B7: ASY-03135-03;A0 | C7: ASY-53727-127;A0 | D7: 6APEM | E7: KSS 05 14 19 | G7: 00160 | H7: R | I7: 400 | K7: INSERCION DE PEM | L7: FEOX-M3(11X) | M7: 11 | N7: 0 | O7: 1 | Q7: 0
A8: ASY-03136-03;A0 | B8: ASY-03136-03;A0 | C8: ASY-53727-127;A0 | D8: 6N045 | E8: KSS 01 23 19 | G8: 00110 | H8: R | I8: 102 | K8: PUNZONADO EN TORRETA | M8: 55 | N8: 0 | O8: 1 | Q8: 0
A9: ASY-03136-03;A0 | B9: ASY-03136-03;A0 | C9: ASY-53727-127;A0 | D9: 6DBR | E9: KSS 01 23 19 | G9: 00120 | H9: R | I9: 200 | K9: REBABEO PARA MANEJO | L9: SEGURO | M9: 100 | N9: 0 | O9: 1 | Q9: 0
A10: ASY-03136-03;A0 | B10: ASY-03136-03;A0 | C10: ASY-53727-127;A0 | D10: 6BRK | E10: KSS 01 23 19 | G10: 00140 | H10: R | I10: 302 | K10: DOBLADORA AMADA | M10: 25 | N10: 0 | O10: 1 | Q10: 0
A11: ASY-03136-03;A0 | B11: ASY-03136-03;A0 | C11: ASY-53727-127;A0 | D11: 6APEM | E11: KSS 01 23 19 | G11: 00160 | H11: R | I11: 400 | K11: INSERCION DE PEM | L11: CLS-M3-1 (11X) | M11: 20 | N11: 0 | O11: 1 | Q11: 0
A12: ASY-03137-03;A0 | B12: ASY-03137-03;A0 | C12: ASY-53727-127;A0 | D12: 6N04 | E12: KSS 01 23 19 | G12: 00110 | H12: R | I12: 102 | K12: PUNZONADO EN TORRETA | M12: 44 | N12: 0 | O12: 1 | Q12: 0
A13: ASY-03137-03;A0 | B13: ASY-03137-03;A0 | C13: ASY-53727-127;A0 | D13: 6DBR | E13: KSS 01 23 19 | G13: 00120 | H13: R | I13: 200 | K13: REBABEO PARA MANEJO | L13: SEGURO | M13: 100 | N13: 0 | O13: 1 | Q13: 0
A14: ASY-03137-03;A0 | B14: ASY-03137-03;A0 | C14: ASY-53727-127;A0 | D14: 6BRK | E14: KSS 01 23 19 | G14: 00140 | H14: R | I14: 302 | K14: DOBLADORA AMADA | M14: 25 | N14: 0 | O14: 1 | Q14: 0
A15: ASY-03137-03;A0 | B15: ASY-03137-03;A0 | C15: ASY-53727-127;A0 | D15: 6APEM | E15: KSS 01 23 19 | G15: 00160 | H15: R | I15: 400 | K15: INSERCION DE PEM | L15: MECH-05243 | M15: 200 | N15: 0 | O15: 1 | Q15: 0
A16: ASY-03137-03;A0 | B16: ASY-03137-03;A0 | C16: ASY-53727-127;A0 | D16: 6APEM | E16: KSS 01 23 19 | G16: 00180 | H16: R | I16: 400 | K16: INSERCION DE PEM | L16: CLS-M4-1 (4X) | M16: 62 | N16: 0 | O16: 1 | Q16: 0
A17: ASY-03137-03;A0 | B17: ASY-03137-03;A0 | C17: ASY-53727-127;A0 | D17: 6APEM | E17: KSS 01 23 19 | G17: 00200 | H17: R | I17: 400 | K17: INSERCION DE PEM | L17: CLS-M3-1(11X) | M17: 23 | N17: 0 | O17: 1 | Q17: 0
A18: ASY-03138-03;A0 | B18: ASY-03138-03;A0 | C18: ASY-53727-127;A0 | D18: 6N04 | E18: JCG 10 28 20 | G18: 00110 | H18: R | I18: 102 | K18: PUNZONADO EN TORRETA | M18: 76 | N18: 0 | O18: 1 | Q18: 0
A19: ASY-03138-03;A0 | B19: ASY-03138-03;A0 | C19: ASY-53727-127;A0 | D19: 6DBR | E19: JCG 10 28 20 | G19: 00120 | H19: R | I19: 200 | K19: REBABEO PARA MANEJO | L19: SEGURO | M19: 100 | N19: 0 | O19: 1 | Q19: 0
A20: ASY-03138-03;A0 | B20: ASY-03138-03;A0 | C20: ASY-53727-127;A0 | D20: 6BRK | E20: JCG 10 28 20 | G20: 00140 | H20: R | I20: 302 | K20: DOBLADORA AMADA | M20: 40 | N20: 0 | O20: 1 | Q20: 0
A21: ASY-03138-03;A0 | B21: ASY-03138-03;A0 | C21: ASY-53727-127;A0 | D21: 6APEM | E21: JCG 10 28 20 | G21: 00160 | H21: R | I21: 400 | K21: INSERCION DE PEM | L21: CLS-M3-1 (6X) | M21: 20 | N21: 0 | O21: 1 | Q21: 0
A22: ASY-03139-03;A0 | B22: ASY-03139-03;A0 | C22: ASY-53727-127;A0 | D22: 6N04 | E22: KSS 01 23 19 | G22: 00110 | H22: R | I22: 102 | K22: PUNZONADO EN TORRETA | M22: 48 | N22: 0 | O22: 1 | Q22: 0
A23: ASY-03139-03;A0 | B23: ASY-03139-03;A0 | C23: ASY-53727-127;A0 | D23: 6DBR | E23: KSS 01 23 19 | G23: 00120 | H23: R | I23: 200 | K23: REBABEO PARA MANEJO | L23: SEGURO | M23: 100 | N23: 0 | O23: 1 | Q23: 0
A24: ASY-03139-03;A0 | B24: ASY-03139-03;A0 | C24: ASY-53727-127;A0 | D24: 6BRK | E24: KSS 01 23 19 | G24: 00140 | H24: R | I24: 302 | K24: DOBLADORA AMADA | M24: 25 | N24: 0 | O24: 1 | Q24: 0
A25: ASY-03139-03;A0 | B25: ASY-03139-03;A0 | C25: ASY-53727-127;A0 | D25: 6APEM | E25: KSS 01 23 19 | G25: 00160 | H25: R | I25: 400 | K25: INSERCION DE PEM | L25: MECH-05243 | M25: 120 | N25: 0 | O25: 1 | Q25: 0
A26: ASY-03139-03;A0 | B26: ASY-03139-03;A0 | C26: ASY-53727-127;A0 | D26: 6APEM | E26: KSS 01 23 19 | G26: 00180 | H26: R | I26: 400 | K26: INSERCION DE PEM | L26: CLS-M4-1 (4X) | M26: 30 | N26: 0 | O26: 1 | Q26: 0
A27: ASY-03143-06;A0 | B27: ASY-03143-06;A0 | C27: ASY-53727-127;A0 | D27: 6N041 | E27: JCG 11 09 19 | G27: 00110 | H27: R | I27: 102 | K27: PUNZONADO EN TORRETA | M27: 36 | N27: 0 | O27: 1 | Q27: 0
A28: ASY-03143-06;A0 | B28: ASY-03143-06;A0 | C28: ASY-53727-127;A0 | D28: 6DBR | E28: JCG 11 09 19 | G28: 00120 | H28: R | I28: 200 | K28: REBABEO PARA MANEJO | L28: SEGURO | M28: 100 | N28: 0 | O28: 1 | Q28: 0
A29: ASY-03143-06;A0 | B29: ASY-03143-06;A0 | C29: ASY-53727-127;A0 | D29: 6BRK | E29: JCG 11 09 19 | G29: 00140 | H29: R | I29: 302 | K29: DOBLADORA AMADA | M29: 25 | N29: 0 | O29: 1 | Q29: 0
A30: ASY-03143-06;A0 | B30: ASY-03143-06;A0 | C30: ASY-53727-127;A0 | D30: 6APEM | E30: JCG 11 09 19 | G30: 00160 | H30: R | I30: 400 | K30: INSERCION DE PEM | L30: CLS-M3-0 (9X) | M30: 22 | N30: 0 | O30: 1 | Q30: 0
A31: ASY-03143-06;A0 | B31: ASY-03143-06;A0 | C31: ASY-53727-127;A0 | D31: 6APEM | E31: JCG 11 09 19 | G31: 00180 | H31: R | I31: 400 | K31: INSERCION DE PEM | L31: PEM GPSS-M3-6 (6) | M31: 40 | N31: 0 | O31: 1 | Q31: 0
A32: ASY-03145-02;A0 | B32: ASY-03145-02;A0 | C32: ASY-53727-127;A0 | D32: 6N042 | E32: JCG 11 09 19 | G32: 00110 | H32: R | I32: 102 | K32: PUNZONADO EN TORRETA | M32: 100 | N32: 0 | O32: 1 | Q32: 0
A33: ASY-03145-02;A0 | B33: ASY-03145-02;A0 | C33: ASY-53727-127;A0 | D33: 6DBR | E33: JCG 11 09 19 | G33: 00120 | H33: R | I33: 200 | K33: REBABEO PARA MANEJO | L33: SEGURO | M33: 100 | N33: 0 | O33: 1 | Q33: 0
A34: ASY-03145-02;A0 | B34: ASY-03145-02;A0 | C34: ASY-53727-127;A0 | D34: 6BRK | E34: JCG 11 09 19 | G34: 00140 | H34: R | I34: 302 | K34: DOBLADORA AMADA | M34: 44.25 | N34: 0 | O34: 1 | Q34: 0
A35: ASY-03145-02;A0 | B35: ASY-03145-02;A0 | C35: ASY-53727-127;A0 | D35: 6APEM | E35: JCG 11 09 19 | G35: 00160 | H35: R | I35: 400 | K35: INSERCION DE PEM | L35: CLS-M3-1 (2X) | M35: 60 | N35: 0 | O35: 1 | Q35: 0
A36: ASY-03152-06;A0 | B36: ASY-03152-06;A0 | C36: ASY-53727-127;A0 | D36: 6N042 | E36: JCG 11 10 19 | G36: 00110 | H36: R | I36: 102 | K36: PUNZONADO EN TORRETA | L36: CON ALIMENTADOR | M36: 24 | N36: 0 | O36: 1 | Q36: 0
A37: ASY-03152-06;A0 | B37: ASY-03152-06;A0 | C37: ASY-53727-127;A0 | D37: 6DBR | E37: JCG 11 10 19 | G37: 00120 | H37: R | I37: 200 | K37: REBABEO PARA MANEJO | L37: SEGURO | M37: 100 | N37: 0 | O37: 1 | Q37: 0
A38: ASY-03152-06;A0 | B38: ASY-03152-06;A0 | C38: ASY-53727-127;A0 | D38: 6BRK | E38: JCG 11 10 19 | G38: 00140 | H38: R | I38: 302 | K38: DOBLADORA AMADA | M38: 60 | N38: 0 | O38: 1 | Q38: 0
A39: ASY-03152-06;A0 | B39: ASY-03152-06;A0 | C39: ASY-53727-127;A0 | D39: 6APEM | E39: JCG 11 10 19 | G39: 00160 | H39: R | I39: 400 | K39: INSERCION DE PEM | L39: PEM MECH-02384-02 | M39: 120 | N39: 0 | O39: 1 | Q39: 0
A40: ASY-03152-06;A0 | B40: ASY-03152-06;A0 | C40: ASY-53727-127;A0 | D40: 6APEM | E40: JCG 11 10 19 | G40: 00180 | H40: R | I40: 400 | K40: INSERCION DE PEM | L40: GPSS-M3-6-P (2X) | M40: 60 | N40: 0 | O40: 1 | Q40: 0
A41: ASY-03152-06;A0 | B41: ASY-03152-06;A0 | C41: ASY-53727-127;A0 | D41: 6APEM | E41: JCG 11 10 19 | G41: 00200 | H41: R | I41: 400 | K41: INSERCION DE PEM | L41: CLS-M4-1 (2X) | M41: 60 | N41: 0 | O41: 1 | Q41: 0
A42: ASY-03153-05;A0 | B42: ASY-03153-05;A0 | C42: ASY-53727-127;A0 | D42: 6N042 | E42: JCG 11 10 19 | G42: 00110 | H42: R | I42: 102 | K42: PUNZONADO EN TORRETA | L42: CON CARGADOR | M42: 24 | N42: 0 | O42: 1 | Q42: 0
A43: ASY-03153-05;A0 | B43: ASY-03153-05;A0 | C43: ASY-53727-127;A0 | D43: 6DBR | E43: JCG 11 10 19 | G43: 00120 | H43: R | I43: 200 | K43: REBABEO PARA MANEJO | L43: SEGURO | M43: 100 | N43: 0 | O43: 1 | Q43: 0
A44: ASY-03153-05;A0 | B44: ASY-03153-05;A0 | C44: ASY-53727-127;A0 | D44: 6BRK | E44: JCG 11 10 19 | G44: 00140 | H44: R | I44: 302 | K44: DOBLADORA AMADA | M44: 60 | N44: 0 | O44: 1 | Q44: 0
A45: ASY-03153-05;A0 | B45: ASY-03153-05;A0 | C45: ASY-53727-127;A0 | D45: 6APEM | E45: JCG 11 10 19 | G45: 00160 | H45: R | I45: 400 | K45: INSERCION DE PEM | L45: MECH-02384-02 | M45: 150 | N45: 0 | O45: 1 | Q45: 0
A46: ASY-03153-05;A0 | B46: ASY-03153-05;A0 | C46: ASY-53727-127;A0 | D46: 6APEM | E46: JCG 11 10 19 | G46: 00180 | H46: R | I46: 400 | K46: INSERCION DE PEM | L46: GPSS-M3-6-P (2X) | M46: 80 | N46: 0 | O46: 1 | Q46: 0
A47: ASY-03153-05;A0 | B47: ASY-03153-05;A0 | C47: ASY-53727-127;A0 | D47: 6APEM | E47: JCG 11 10 19 | G47: 00200 | H47: R | I47: 400 | K47: INSERCION DE PEM | L47: TPS-3MM-10 | M47: 150 | N47: 0 | O47: 1 | Q47: 0
A48: ASY-03153-05;A0 | B48: ASY-03153-05;A0 | C48: ASY-53727-127;A0 | D48: 6APEM | E48: JCG 11 10 19 | G48: 00220 | H48: R | I48: 400 | K48: INSERCION DE PEM | L48: SO-3.5M3-6ZI (5X) | M48: 40 | N48: 0 | O48: 1 | Q48: 0
A49: ASY-03156-03;A0 | B49: ASY-03156-03;A0 | C49: ASY-53727-127;A0 | D49: 6N042 | E49: KSS 01 23 19 | G49: 00110 | H49: R | I49: 102 | K49: PUNZONADO EN TORRETA | L49: CON ALIMENTADOR | M49: 60 | N49: 0 | O49: 1 | Q49: 0
A50: ASY-03156-03;A0 | B50: ASY-03156-03;A0 | C50: ASY-53727-127;A0 | D50: 6DBR | E50: KSS 01 23 19 | G50: 00120 | H50: R | I50: 200 | K50: REBABEO PARA MANEJO | L50: SEGURO | M50: 100 | N50: 0 | O50: 1 | Q50: 0
A51: ASY-03156-03;A0 | B51: ASY-03156-03;A0 | C51: ASY-53727-127;A0 | D51: 6BRK | E51: KSS 01 23 19 | G51: 00140 | H51: R | I51: 302 | K51: DOBLADORA AMADA | M51: 20 | N51: 0 | O51: 1 | Q51: 0
A52: ASY-03156-03;A0 | B52: ASY-03156-03;A0 | C52: ASY-53727-127;A0 | D52: 6APEM | E52: KSS 01 23 19 | G52: 00160 | H52: R | I52: 400 | K52: INSERCION DE PEM | L52: CLS-M3-0 (22X) | M52: 20 | N52: 0 | O52: 1 | Q52: 0
A53: ASY-03157-02;A0 | B53: ASY-03157-02;A0 | C53: ASY-53727-127;A0 | D53: 6N044 | E53: KSS 01 23 19 | G53: 00110 | H53: R | I53: 102 | K53: PUNZONADO EN TORRETA | M53: 18 | N53: 0 | O53: 1 | Q53: 0
A54: ASY-03157-02;A0 | B54: ASY-03157-02;A0 | C54: ASY-53727-127;A0 | D54: 6DBR | E54: KSS 01 23 19 | G54: 00120 | H54: R | I54: 200 | K54: REBABEO PARA MANEJO | L54: SEGURO | M54: 100 | N54: 0 | O54: 1 | Q54: 0
A55: ASY-03157-02;A0 | B55: ASY-03157-02;A0 | C55: ASY-53727-127;A0 | D55: 6BRK | E55: KSS 01 23 19 | G55: 00140 | H55: R | I55: 302 | K55: DOBLADORA AMADA | M55: 12 | N55: 0 | O55: 1 | Q55: 0
A56: ASY-03157-02;A0 | B56: ASY-03157-02;A0 | C56: ASY-53727-127;A0 | D56: 6APEM | E56: KSS 01 23 19 | G56: 00160 | H56: R | I56: 400 | K56: INSERCION DE PEM | L56: CLS-M3-1 (11X) | M56: 20 | N56: 0 | O56: 1 | Q56: 0
A57: ASY-03158-05;A0 | B57: ASY-03158-05;A0 | C57: ASY-53727-127;A0 | D57: 6N04 | E57: JCG 10 28 20 | G57: 00110 | H57: R | I57: 102 | K57: PUNZONADO EN TORRETA | M57: 26 | N57: 0 | O57: 1 | Q57: 0
A58: ASY-03158-05;A0 | B58: ASY-03158-05;A0 | C58: ASY-53727-127;A0 | D58: 6DBR | E58: JCG 10 28 20 | G58: 00120 | H58: R | I58: 200 | K58: REBABEO PARA MANEJO | L58: SEGURO | M58: 60 | N58: 0 | O58: 1 | Q58: 0
A59: ASY-03158-05;A0 | B59: ASY-03158-05;A0 | C59: ASY-53727-127;A0 | D59: 6BRK | E59: JCG 10 28 20 | G59: 00140 | H59: R | I59: 302 | K59: DOBLADORA AMADA | M59: 15.15 | N59: 0 | O59: 1 | Q59: 0
A60: ASY-03158-05;A0 | B60: ASY-03158-05;A0 | C60: ASY-53727-127;A0 | D60: 6APEM | E60: JCG 10 28 20 | G60: 00160 | H60: R | I60: 400 | K60: INSERCION DE PEM | L60: CLS-M3-0 (22X) | M60: 5.62 | N60: 0 | O60: 1 | Q60: 0
A61: ASY-03183-03;A0 | B61: ASY-03183-03;A0 | C61: ASY-53727-127;A0 | D61: 6N03 | E61: JCG 11 11 19 | G61: 00110 | H61: R | I61: 104 | K61: CORTE LASER AMADA | M61: 114 | N61: 0 | O61: 1 | Q61: 0
A62: ASY-03183-03;A0 | B62: ASY-03183-03;A0 | C62: ASY-53727-127;A0 | D62: 6DBR | E62: JCG 11 11 19 | G62: 00120 | H62: R | I62: 200 | K62: REBABEO DE FILOS | M62: 120 | N62: 0 | O62: 1 | Q62: 0
A63: ASY-03183-03;A0 | B63: ASY-03183-03;A0 | C63: ASY-53727-127;A0 | D63: 6BRG | E63: JCG 11 11 19 | G63: 00140 | H63: R | I63: 303 | K63: ESTAMPADO NO PARTE | M63: 250 | N63: 0 | O63: 1 | Q63: 0
A64: ASY-03183-03;A0 | B64: ASY-03183-03;A0 | C64: ASY-53727-127;A0 | D64: 6BRK | E64: JCG 11 11 19 | G64: 00160 | H64: R | I64: 302 | K64: DOBLADORA AMADA | M64: 105 | N64: 0 | O64: 1 | Q64: 0
A65: ASY-03183-03;A0 | B65: ASY-03183-03;A0 | C65: ASY-53727-127;A0 | D65: 6APEM | E65: JCG 11 11 19 | G65: 00180 | H65: R | I65: 400 | K65: INSERCION DE PEM | L65: CLS-M3-1 (8X) | M65: 40 | N65: 0 | O65: 1 | Q65: 0
A66: ASY-03184-05;A0 | B66: ASY-03184-05;A0 | C66: ASY-53727-127;A0 | D66: 6N04 | E66: JCG 10 18 19 | G66: 00110 | H66: R | I66: 102 | K66: PUNZONADO EN TORRETA | M66: 24 | N66: 0 | O66: 1 | Q66: 0
A67: ASY-03184-05;A0 | B67: ASY-03184-05;A0 | C67: ASY-53727-127;A0 | D67: 6DBR | E67: JCG 10 18 19 | G67: 00120 | H67: R | I67: 200 | K67: REBABEO PARA MANEJO | L67: SEGURO | M67: 60 | N67: 0 | O67: 1 | Q67: 0
A68: ASY-03184-05;A0 | B68: ASY-03184-05;A0 | C68: ASY-53727-127;A0 | D68: 6BRK | E68: JCG 10 18 19 | G68: 00140 | H68: R | I68: 302 | K68: DOBLADORA AMADA | M68: 40 | N68: 0 | O68: 1 | Q68: 0
A69: ASY-03184-05;A0 | B69: ASY-03184-05;A0 | C69: ASY-53727-127;A0 | D69: 6BRK | E69: JCG 10 18 19 | G69: 00160 | H69: R | I69: 302 | K69: DOBLADORA AMADA | M69: 35 | N69: 0 | O69: 1 | Q69: 0
A70: ASY-03184-05;A0 | B70: ASY-03184-05;A0 | C70: ASY-53727-127;A0 | D70: 6APEM | E70: JCG 10 18 19 | G70: 00180 | H70: R | I70: 400 | K70: INSERCION DE PEM | L70: CLS-M3-1 | M70: 13 | N70: 0 | O70: 1 | Q70: 0
A71: ASY-03185-02;A0 | B71: ASY-03185-02;A0 | C71: ASY-53727-127;A0 | D71: 6N03 | E71: KSS 01 24 19 | F71: KSS 03 13 19 | G71: 00110 | H71: R | I71: 104 | K71: CORTE LASER AMADA | M71: 42.3 | N71: 0 | O71: 0 | Q71: 0
A72: ASY-03185-02;A0 | B72: ASY-03185-02;A0 | C72: ASY-53727-127;A0 | D72: 6BRG | E72: KSS 01 24 19 | F72: KSS 03 13 19 | G72: 00130 | H72: R | I72: 303 | K72: ESTAMPADO DE NUMERO DE | L72: PARTE | M72: 250 | N72: 0 | O72: 1 | Q72: 0
A73: ASY-03185-02;A0 | B73: ASY-03185-02;A0 | C73: ASY-53727-127;A0 | D73: 6BRK | E73: KSS 01 24 19 | F73: KSS 03 13 19 | G73: 00150 | H73: R | I73: 302 | K73: DOBLADORA AMADA | M73: 40 | N73: 0 | O73: 1 | Q73: 0
A74: ASY-03185-02;A0 | B74: ASY-03185-02;A0 | C74: ASY-53727-127;A0 | D74: 6APEM | E74: KSS 01 24 19 | F74: KSS 03 13 19 | G74: 00170 | H74: R | I74: 400 | K74: INSERCION DE PEM | L74: CLS-M3-1 (7X) | M74: 15 | N74: 0 | O74: 1 | Q74: 0
A75: ASY-03185-02;A0 P | B75: ASY-03185-02;A0 | C75: ASY-53727-127;A0 | D75: 6P250 | E75: ERD 08 24 2022 | G75: 00110 | H75: R | I75: 300 | K75: TROQUELADO | M75: 325 | N75: 0 | O75: 1 | Q75: 0
A76: ASY-03185-02;A0 P | B76: ASY-03185-02;A0 | C76: ASY-53727-127;A0 | D76: 6APEM | E76: ERD 08 24 2022 | G76: 00210 | H76: R | I76: 400 | K76: INSERCION DE PEM | L76: CLS-M3-1 (7X) | M76: 15 | N76: 0 | O76: 1 | Q76: 0
A77: ASY-03185-02;A0 S | B77: ASY-03185-02;A0 | C77: ASY-53727-127;A0 | D77: 6N03 | E77: JCG 11 01 22 | G77: 00110 | H77: R | I77: 104 | K77: CORTE LASER AMADA | M77: 42.3 | N77: 0 | O77: 1 | Q77: 0
A78: ASY-03185-02;A0 S | B78: ASY-03185-02;A0 | C78: ASY-53727-127;A0 | D78: 6BRG | E78: JCG 11 01 22 | G78: 00130 | H78: R | I78: 303 | K78: ESTAMPADO DE NUMERO DE | L78: PARTE | M78: 250 | N78: 0 | O78: 1 | Q78: 0
A79: ASY-03185-02;A0 S | B79: ASY-03185-02;A0 | C79: ASY-53727-127;A0 | D79: 6BRK | E79: JCG 11 01 22 | G79: 00150 | H79: R | I79: 302 | K79: DOBLADORA AMADA | M79: 40 | N79: 0 | O79: 1 | Q79: 0
A80: ASY-03185-02;A0 S | B80: ASY-03185-02;A0 | C80: ASY-53727-127;A0 | D80: 6APEM | E80: JCG 11 01 22 | G80: 00170 | H80: R | I80: 400 | K80: INSERCION DE PEM | L80: CLS-M3-1 (7X) | M80: 15 | N80: 0 | O80: 1 | Q80: 0
A81: ASY-03187-07;A0 | B81: ASY-03187-07;A0 | C81: ASY-53727-127;A0 | D81: 6N04 | E81: JCG 05 28 20 | G81: 00110 | H81: R | I81: 102 | K81: PUNZONADO EN TORRETA | M81: 15 | N81: 0 | O81: 1 | Q81: 0
A82: ASY-03187-07;A0 | B82: ASY-03187-07;A0 | C82: ASY-53727-127;A0 | D82: 6DBR | E82: JCG 05 28 20 | G82: 00120 | H82: R | I82: 200 | K82: REBABEO PARA MANEJO | L82: SEGURO | M82: 100 | N82: 0 | O82: 1 | Q82: 0
A83: ASY-03187-07;A0 | B83: ASY-03187-07;A0 | C83: ASY-53727-127;A0 | D83: 6BRK | E83: JCG 05 28 20 | G83: 00140 | H83: R | I83: 302 | K83: DOBLADORA AMADA | M83: 60 | N83: 0 | O83: 1 | Q83: 0
A84: ASY-03187-07;A0 | B84: ASY-03187-07;A0 | C84: ASY-53727-127;A0 | D84: 6APEM | E84: JCG 05 28 20 | G84: 00160 | H84: R | I84: 400 | K84: INSERCION DE PEM | L84: GPSS-M3-6 | M84: 120 | N84: 0 | O84: 1 | Q84: 0
A85: ASY-03187-07;A0 | B85: ASY-03187-07;A0 | C85: ASY-53727-127;A0 | D85: 6APEM | E85: JCG 05 28 20 | G85: 00180 | H85: R | I85: 400 | K85: INSERCION DE PEM | L85: H MECH-01254-01 (8X) | M85: 12 | N85: 0 | O85: 1 | Q85: 0
A86: ASY-03187-07;A0 | B86: ASY-03187-07;A0 | C86: ASY-53727-127;A0 | D86: 6APEM | E86: JCG 05 28 20 | G86: 00200 | H86: R | I86: 400 | K86: INSERCION DE PEM | L86: CLS M4X0.7 (2X) | M86: 50 | N86: 0 | O86: 1 | Q86: 0
A87: ASY-03187-07;A0 | B87: ASY-03187-07;A0 | C87: ASY-53727-127;A0 | D87: 6ASB | E87: JCG 05 28 20 | G87: 00210 | H87: R | I87: 801 | K87: ENSAMBLE SEGUN DIBUJO | M87: 150 | N87: 0 | O87: 1 | Q87: 0
A88: ASY-03188-06;A0 | B88: ASY-03188-06;A0 | C88: ASY-53727-127;A0 | D88: 6N042 | E88: JCG 06 01 20 | G88: 00110 | H88: R | I88: 102 | K88: PUNZONADO EN TORRETA | L88: CON ALIMENTADOR | M88: 12 | N88: 0 | O88: 1 | Q88: 0
A89: ASY-03188-06;A0 | B89: ASY-03188-06;A0 | C89: ASY-53727-127;A0 | D89: 6DBR | E89: JCG 06 01 20 | G89: 00120 | H89: R | I89: 200 | K89: REBABEO PARA MANEJO | L89: SEGURO | M89: 60 | N89: 0 | O89: 1 | Q89: 0
A90: ASY-03188-06;A0 | B90: ASY-03188-06;A0 | C90: ASY-53727-127;A0 | D90: 6BRK | E90: JCG 06 01 20 | G90: 00140 | H90: R | I90: 302 | K90: DOBLADORA AMADA | M90: 20 | N90: 0 | O90: 1 | Q90: 0
A91: ASY-03188-06;A0 | B91: ASY-03188-06;A0 | C91: ASY-53727-127;A0 | D91: 6BRK | E91: JCG 06 01 20 | G91: 00160 | H91: R | I91: 302 | K91: DOBLADORA AMADA | M91: 20 | N91: 0 | O91: 1 | Q91: 0
A92: ASY-03188-06;A0 | B92: ASY-03188-06;A0 | C92: ASY-53727-127;A0 | D92: 6APEM | E92: JCG 06 01 20 | G92: 00180 | H92: R | I92: 400 | K92: INSERCION DE PEM | L92: MECH-01254-01 (8X) | M92: 13 | N92: 0 | O92: 1 | Q92: 0
A93: ASY-03188-06;A0 | B93: ASY-03188-06;A0 | C93: ASY-53727-127;A0 | D93: 6APEM | E93: JCG 06 01 20 | G93: 00200 | H93: R | I93: 400 | K93: INSERCION DE PEM | L93: CLS-M4-1 (2X) | M93: 30 | N93: 0 | O93: 1 | Q93: 0
A94: ASY-03189-05;A0 | B94: ASY-03189-05;A0 | C94: ASY-53727-127;A0 | D94: 6N04 | E94: JCG 11 10 19 | G94: 00110 | H94: R | I94: 102 | K94: PUNZONADO EN TORRETA | M94: 55 | N94: 0 | O94: 1 | Q94: 0
A95: ASY-03189-05;A0 | B95: ASY-03189-05;A0 | C95: ASY-53727-127;A0 | D95: 6DBR | E95: JCG 11 10 19 | G95: 00120 | H95: R | I95: 200 | K95: REBABEO PARA MANEJO | L95: SEGURO | M95: 100 | N95: 0 | O95: 1 | Q95: 0
A96: ASY-03189-05;A0 | B96: ASY-03189-05;A0 | C96: ASY-53727-127;A0 | D96: 6BRK | E96: JCG 11 10 19 | G96: 00140 | H96: R | I96: 302 | K96: DOBLADORA AMADA | M96: 25 | N96: 0 | O96: 1 | Q96: 0
A97: ASY-03189-05;A0 | B97: ASY-03189-05;A0 | C97: ASY-53727-127;A0 | D97: 6APEM | E97: JCG 11 10 19 | G97: 00160 | H97: R | I97: 400 | K97: INSERCION DE PEM | L97: CLS-M3-1 (4X) | M97: 30 | N97: 0 | O97: 1 | Q97: 0
A98: ASY-03278-05;A0 | B98: ASY-03278-05;A0 | C98: ASY-53727-127;A0 | D98: 6AARI | E98: JCG 10 04 19 | G98: 00110 | H98: R | I98: 801 | K98: ENSAMBLE SEGUN DIBUJO | M98: 8 | N98: 0 | O98: 1 | Q98: 0
A99: ASY-03327-02;A0 | B99: ASY-03327-02;A0 | C99: ASY-53727-127;A0 | D99: 6N03 | E99: KSS 01 24 19 | G99: 00110 | H99: R | I99: 104 | K99: CORTE LASER AMADA | M99: 180 | N99: 0 | O99: 0 | Q99: 0
A100: ASY-03327-02;A0 | B100: ASY-03327-02;A0 | C100: ASY-53727-127;A0 | D100: 6BRG | E100: KSS 01 24 19 | G100: 00130 | H100: R | I100: 303 | K100: ESTAMPADO NO PARTE | M100: 250 | N100: 0 | O100: 1 | Q100: 0
...
