Workbook

Sheet SIOP File
G1: Ensamble días por año | I1: 202 | J1: 2025 | M1: 2023 | N1: 2024 | O1: 2024 | P1: 2024 | Q1: 2024 | R1: 2024 | S1: 2024 | T1: 2024 | U1: 2024 | V1: 2024 | W1: 2024 | X1: 2024 | Y1: 2024 | Z1: 2025 | AA1: 2025 | AB1: 2025 | AC1: 2025 | AD1: 2025 | AF1: 2023 | AG1: 2024 | AH1: 2024 | AI1: 2024 | AJ1: 2024 | AK1: 2024 | AL1: 2024 | AM1: 2024 | AN1: 2024 | AO1: 2024 | AP1: 2024 | AQ1: 2024 | AR1: 2024 | AS1: 2025 | AT1: 2025 | AU1: 2025 | AV1: 2025 | AW1: 2025
G2: Fabricación días por año | I2: 307
AX3: Punzonado | AZ3: Corte Laser | BA3: Estampado | BE3: Platinado (Externo) | BF3: Maquinado | BG3: Rebabeo Por Vibracion | BH3: Rebabeo Manual | BI3: Lijado (Time saber) | BJ3: Insercion PEM | BK3: Doblado Amada | BN3: Insercion PEM | BO3: Platinado (Externo) | BP3: Soldadura | BU3: Prep Pintura (Enmascarillado) | BV3: Pintura | BX3: Serigrafía | BY3: Ensamble Final | CH3: INSPECCION | CI3: Ensamble Final
G4: 2024 | AX4: Torreta | AY4: Combo | BA4: 110 | BB4: 200 | BC4: 250 | BD4: 300 | BK4: ----- | BL4: ATC | BM4: RG | BP4: Perno | BQ4: MicroAlam | BR4: Punto | BS4: TIG | BT4: Robot | BV4: PNT | BW4: VRNP | BY4: Amphenol | BZ4: Arista | CA4: Friedrich | CB4: Hyperscale | CC4: Linecards | CD4: Sanmina | CE4: AFL ASCN | CF4: AFL NO/ASCND | CG4: Otros Ensam | CI4: 335 - 224 | CJ4: 223 - 156 | CK4: 155 - 124 | CL4: 123 - 98 | CM4: 97 - 70 | CN4: 69 - 49 | CO4: 48 - 35 | CP4: 34 - 23 | CQ4: 22 - 15 | CR4: 14 - 10 | CS4: '9 - 6 | CT4: ´5 - 3 | CU4: 2 - 0.25 | DP4: # Procesos | DQ4: Total Work Content
A5: Loc | B5: Cust. Code | C5: Program | D5: Part Number | E5: Description | F5: Price | G5: Total Revenue | H5: Total Volume | I5: Monthly Avg. Volume | J5: Total Revenue | K5: Total Volume | L5: Monthly Avg. Volume | M5: 12 | N5: 1 | O5: 2 | P5: 3 | Q5: 4 | R5: 5 | S5: 6 | T5: 7 | U5: 8 | V5: 9 | W5: 10 | X5: 11 | Y5: 12 | Z5: 1 | AA5: 2 | AB5: 3 | AC5: 4 | AD5: 5 | AE5: x | AF5: 12 | AG5: 1 | AH5: 2 | AI5: 3 | AJ5: 4 | AK5: 5 | AL5: 6 | AM5: 7 | AN5: 8 | AO5: 9 | AP5: 10 | AQ5: 11 | AR5: 12 | AS5: 1 | AT5: 2 | AU5: 3 | AV5: 4 | AW5: 5 | AX5: 3 | AY5: 2 | AZ5: 1 | BA5: 2 | BB5: 1 | BC5: 6 | BD5: 3 | BE5: ? | BF5: 1 | BG5: 1 | BH5: 10 | BI5: 1 | BJ5: 1 | BK5: 7 | BL5: 1 | BM5: 3 | BN5: 1 | BO5: ? | BP5: ? | BQ5: ? | BR5: ? | BS5: ? | BT5: ? | BU5: ? | BV5: 1 | BW5: 1 | BX5: 1
A6: MX | B6: AFL | C6: 864CABINET | D6: EA000461;7 | E6: CABINET WELDMENT EDC 8 | F6: 725.43 | G6: =F6*H6 -> 0 | H6: =SUM(N6:Y6) -> 0 | I6: =ROUNDUP(H6/12,0) -> 0 | J6: =K6*F6 -> 0 | K6: =SUM(Z6:AD6) -> 0 | L6: =ROUNDUP(K6/5,0) -> 0 | M6: 0 | N6: 0 | O6: 0 | P6: 0 | Q6: 0 | R6: 0 | S6: 0 | T6: 0 | U6: 0 | V6: 0 | W6: 0 | X6: 0 | Y6: 0 | Z6: 0 | AA6: 0 | AB6: 0 | AC6: 0 | AD6: 0 | AF6: 0 | AG6: 0 | AH6: 0 | AI6: 0 | AJ6: 0 | AK6: 0 | AL6: 0 | AM6: 0 | AN6: 0 | AO6: 0 | AP6: 0 | AQ6: 0 | AR6: 0 | AS6: 0 | AT6: 0 | AU6: 0 | AV6: 0 | AW6: 0 | CI6: 120
A7: MX | B7: AFL | C7: 864CABINET | D7: EA000464;4 | E7: SIDE, TRANSITION AREA, | F7: 8.65 | G7: =F7*H7 -> 0 | H7: =SUM(N7:Y7) -> 0 | I7: =ROUNDUP(H7/12,0) -> 0 | J7: =K7*F7 -> 0 | K7: =SUM(Z7:AD7) -> 0 | L7: =ROUNDUP(K7/5,0) -> 0 | M7: 0 | N7: 0 | O7: 0 | P7: 0 | Q7: 0 | R7: 0 | S7: 0 | T7: 0 | U7: 0 | V7: 0 | W7: 0 | X7: 0 | Y7: 0 | Z7: 0 | AA7: 0 | AB7: 0 | AC7: 0 | AD7: 0 | AF7: 0 | AG7: 0 | AH7: 0 | AI7: 0 | AJ7: 0 | AK7: 0 | AL7: 0 | AM7: 0 | AN7: 0 | AO7: 0 | AP7: 0 | AQ7: 0 | AR7: 0 | AS7: 0 | AT7: 0 | AU7: 0 | AV7: 0 | AW7: 0 | CI7: 120
A8: MX | B8: AFL | C8: AFL | D8: FM004071;2 | E8: SPLICE ONLY COVER, LL- | F8: 7.34 | G8: =F8*H8 -> 0 | H8: =SUM(N8:Y8) -> 0 | I8: =ROUNDUP(H8/12,0) -> 0 | J8: =K8*F8 -> 0 | K8: =SUM(Z8:AD8) -> 0 | L8: =ROUNDUP(K8/5,0) -> 0 | M8: 74 | N8: 0 | O8: 0 | P8: 0 | Q8: 0 | R8: 0 | S8: 0 | T8: 0 | U8: 0 | V8: 0 | W8: 0 | X8: 0 | Y8: 0 | Z8: 0 | AA8: 0 | AB8: 0 | AC8: 0 | AD8: 0 | AF8: 793.28 | AG8: 0 | AH8: 0 | AI8: 0 | AJ8: 0 | AK8: 0 | AL8: 0 | AM8: 0 | AN8: 0 | AO8: 0 | AP8: 0 | AQ8: 0 | AR8: 0 | AS8: 0 | AT8: 0 | AU8: 0 | AV8: 0 | AW8: 0 | CI8: #N/A
A9: MX | B9: AFL | C9: AFL HYPER | D9: HCF-48U-ODF-003;5 | E9: 48U ODF WITH SPLICE CA | F9: 3298.43 | G9: =F9*H9 -> 946649.41 | H9: =SUM(N9:Y9) -> 287 | I9: =ROUNDUP(H9/12,0) -> 24 | J9: =K9*F9 -> 0 | K9: =SUM(Z9:AD9) -> 0 | L9: =ROUNDUP(K9/5,0) -> 0 | M9: 0 | N9: 0 | O9: 0 | P9: 28 | Q9: 28 | R9: 35 | S9: 28 | T9: 35 | U9: 28 | V9: 28 | W9: 35 | X9: 28 | Y9: 14 | Z9: 0 | AA9: 0 | AB9: 0 | AC9: 0 | AD9: 0 | AF9: 0 | AG9: 0 | AH9: 0 | AI9: 92356.04 | AJ9: 92356.04 | AK9: 115445.05 | AL9: 92356.04 | AM9: 115445.05 | AN9: 92356.04 | AO9: 92356.04 | AP9: 115445.05 | AQ9: 92356.04 | AR9: 46178.02 | AS9: 0 | AT9: 0 | AU9: 0 | AV9: 0 | AW9: 0 | AX9: X | AY9: X | AZ9: X | BF9: X | BH9: X | BK9: X | BN9: X | BP9: X | BU9: X | BV9: X | BX9: X | CB9: X | CH9: X | DP9: =COUNTIF(AX9:DO9,"x") -> 13
A10: MX | B10: AFL | C10: AFL HYPER | D10: HCF-48U-SPL-001;6 | E10: 48U ODF - SIDE PANEL K | F10: 640.07 | G10: =F10*H10 -> 312994.23 | H10: =SUM(N10:Y10) -> 489 | I10: =ROUNDUP(H10/12,0) -> 41 | J10: =K10*F10 -> 179219.6 | K10: =SUM(Z10:AD10) -> 280 | L10: =ROUNDUP(K10/5,0) -> 56 | M10: 8 | N10: 5 | O10: 0 | P10: 60 | Q10: 80 | R10: 80 | S10: 64 | T10: 60 | U10: 40 | V10: 40 | W10: 0 | X10: 0 | Y10: 60 | Z10: 80 | AA10: 60 | AB10: 60 | AC10: 40 | AD10: 40 | AF10: 5120.56 | AG10: 3200.35 | AH10: 0 | AI10: 38404.2 | AJ10: 51205.6 | AK10: 51205.6 | AL10: 40964.48 | AM10: 38404.2 | AN10: 25602.8 | AO10: 25602.8 | AP10: 0 | AQ10: 0 | AR10: 38404.2 | AS10: 51205.6 | AT10: 38404.2 | AU10: 38404.2 | AV10: 25602.8 | AW10: 25602.8 | AY10: X | AZ10: X | BH10: X | BK10: X | BN10: X | BU10: X | BV10: X | CB10: X | CH10: X | DP10: =COUNTIF(AX10:DO10,"x") -> 9
A11: MX | B11: AFL | C11: AFL-TMX | D11: OCM-12;4 | E11: OCM-12 BRACKET KIT WIT | F11: 18.5 | G11: =F11*H11 -> 0 | H11: =SUM(N11:Y11) -> 0 | I11: =ROUNDUP(H11/12,0) -> 0 | J11: =K11*F11 -> 0 | K11: =SUM(Z11:AD11) -> 0 | L11: =ROUNDUP(K11/5,0) -> 0 | M11: 0 | N11: 0 | O11: 0 | P11: 0 | Q11: 0 | R11: 0 | S11: 0 | T11: 0 | U11: 0 | V11: 0 | W11: 0 | X11: 0 | Y11: 0 | Z11: 0 | AA11: 0 | AB11: 0 | AC11: 0 | AD11: 0 | AF11: 0 | AG11: 0 | AH11: 0 | AI11: 0 | AJ11: 0 | AK11: 0 | AL11: 0 | AM11: 0 | AN11: 0 | AO11: 0 | AP11: 0 | AQ11: 0 | AR11: 0 | AS11: 0 | AT11: 0 | AU11: 0 | AV11: 0 | AW11: 0 | CI11: 19
A12: MX | B12: AFL | C12: ASCEND | D12: ASCND-1RU-12RT;23 | E12: 1RU BASE 12 RT ASCEND | F12: 255.84 | G12: =F12*H12 -> 174482.88 | H12: =SUM(N12:Y12) -> 682 | I12: =ROUNDUP(H12/12,0) -> 57 | J12: =K12*F12 -> 326451.84 | K12: =SUM(Z12:AD12) -> 1276 | L12: =ROUNDUP(K12/5,0) -> 256 | M12: 200 | N12: 100 | O12: 0 | P12: 50 | Q12: 100 | R12: 0 | S12: 0 | T12: 100 | U12: 0 | V12: 0 | W12: 0 | X12: 100 | Y12: 232 | Z12: 290 | AA12: 232 | AB12: 232 | AC12: 290 | AD12: 232 | AF12: 51168 | AG12: 25584 | AH12: 0 | AI12: 12792 | AJ12: 25584 | AK12: 0 | AL12: 0 | AM12: 25584 | AN12: 0 | AO12: 0 | AP12: 0 | AQ12: 25584 | AR12: 59354.88 | AS12: 74193.6 | AT12: 59354.88 | AU12: 59354.88 | AV12: 74193.6 | AW12: 59354.88 | AY12: X | BB12: X | BC12: X | BH12: X | BJ12: X | BK12: X | BN12: X | BU12: X | BV12: X | BX12: X | CG12: X | CH12: X | DP12: =COUNTIF(AX12:DO12,"x") -> 12
A13: MX | B13: AFL | C13: Ascend | D13: ASCND-1RU-8RT;23 | E13: 1RU-8RT ASCEND ASSY | F13: 269.11 | G13: =F13*H13 -> 309476.5 | H13: =SUM(N13:Y13) -> 1150 | I13: =ROUNDUP(H13/12,0) -> 96 | J13: =K13*F13 -> 0 | K13: =SUM(Z13:AD13) -> 0 | L13: =ROUNDUP(K13/5,0) -> 0 | M13: 0 | N13: 0 | O13: 0 | P13: 100 | Q13: 100 | R13: 200 | S13: 300 | T13: 0 | U13: 150 | V13: 100 | W13: 0 | X13: 200 | Y13: 0 | Z13: 0 | AA13: 0 | AB13: 0 | AC13: 0 | AD13: 0 | AF13: 0 | AG13: 0 | AH13: 0 | AI13: 26911 | AJ13: 26911 | AK13: 53822 | AL13: 80733 | AM13: 0 | AN13: 40366.5 | AO13: 26911 | AP13: 0 | AQ13: 53822 | AR13: 0 | AS13: 0 | AT13: 0 | AU13: 0 | AV13: 0 | AW13: 0 | BC13: X | BH13: X | CG13: X | CH13: X | DP13: =COUNTIF(AX13:DO13,"x") -> 4
A14: MX | B14: AFL | C14: ASCEND | D14: ASCND-2RU-12RT;23 | E14: 2RU BASE 12 RAMP ASCEN | F14: 285.58 | G14: =F14*H14 -> 799624 | H14: =SUM(N14:Y14) -> 2800 | I14: =ROUNDUP(H14/12,0) -> 234 | J14: =K14*F14 -> 628276 | K14: =SUM(Z14:AD14) -> 2200 | L14: =ROUNDUP(K14/5,0) -> 440 | M14: 0 | N14: 400 | O14: 0 | P14: 400 | Q14: 200 | R14: 100 | S14: 0 | T14: 200 | U14: 0 | V14: 200 | W14: 500 | X14: 400 | Y14: 400 | Z14: 500 | AA14: 400 | AB14: 400 | AC14: 500 | AD14: 400 | AF14: 0 | AG14: 114232 | AH14: 0 | AI14: 114232 | AJ14: 57116 | AK14: 28558 | AL14: 0 | AM14: 57116 | AN14: 0 | AO14: 57116 | AP14: 142790 | AQ14: 114232 | AR14: 114232 | AS14: 142790 | AT14: 114232 | AU14: 114232 | AV14: 142790 | AW14: 114232 | AY14: X | BH14: X | BJ14: X | BK14: X | BU14: X | BV14: X | BX14: X | CG14: X | CH14: X | DP14: =COUNTIF(AX14:DO14,"x") -> 9
A15: MX | B15: AFL | C15: ASCEND | D15: ASCND-2RU-24RT;23 | E15: 2RU BASE 24 RAMP ASCEN | F15: 350 | G15: =F15*H15 -> 0 | H15: =SUM(N15:Y15) -> 0 | I15: =ROUNDUP(H15/12,0) -> 0 | J15: =K15*F15 -> 0 | K15: =SUM(Z15:AD15) -> 0 | L15: =ROUNDUP(K15/5,0) -> 0 | M15: 0 | N15: 0 | O15: 0 | P15: 0 | Q15: 0 | R15: 0 | S15: 0 | T15: 0 | U15: 0 | V15: 0 | W15: 0 | X15: 0 | Y15: 0 | Z15: 0 | AA15: 0 | AB15: 0 | AC15: 0 | AD15: 0 | AF15: 0 | AG15: 0 | AH15: 0 | AI15: 0 | AJ15: 0 | AK15: 0 | AL15: 0 | AM15: 0 | AN15: 0 | AO15: 0 | AP15: 0 | AQ15: 0 | AR15: 0 | AS15: 0 | AT15: 0 | AU15: 0 | AV15: 0 | AW15: 0 | CI15: 12
A16: MX | B16: AFL | C16: ASCEND | D16: ASCND-2RU-8RT;23 | E16: 2RU BASE 8 RAMP ASCEND | F16: 348.86 | G16: =F16*H16 -> 453518 | H16: =SUM(N16:Y16) -> 1300 | I16: =ROUNDUP(H16/12,0) -> 109 | J16: =K16*F16 -> 34886 | K16: =SUM(Z16:AD16) -> 100 | L16: =ROUNDUP(K16/5,0) -> 20 | M16: 0 | N16: 0 | O16: 0 | P16: 100 | Q16: 200 | R16: 250 | S16: 200 | T16: 0 | U16: 250 | V16: 200 | W16: 100 | X16: 0 | Y16: 0 | Z16: 100 | AA16: 0 | AB16: 0 | AC16: 0 | AD16: 0 | AF16: 0 | AG16: 0 | AH16: 0 | AI16: 34886 | AJ16: 69772 | AK16: 87215 | AL16: 69772 | AM16: 0 | AN16: 87215 | AO16: 69772 | AP16: 34886 | AQ16: 0 | AR16: 0 | AS16: 34886 | AT16: 0 | AU16: 0 | AV16: 0 | AW16: 0 | CG16: X | DP16: =COUNTIF(AX16:DO16,"x") -> 1
A17: MX | B17: AFL | C17: Ascend | D17: ASCND-4RU-12RT;23 | E17: 4RU-12RT ASCEND ASSY | F17: 471.95 | G17: =F17*H17 -> 1461157.2 | H17: =SUM(N17:Y17) -> 3096 | I17: =ROUNDUP(H17/12,0) -> 258 | J17: =K17*F17 -> 1040177.8 | K17: =SUM(Z17:AD17) -> 2204 | L17: =ROUNDUP(K17/5,0) -> 441 | M17: 150 | N17: 350 | O17: 0 | P17: 0 | Q17: 200 | R17: 250 | S17: 100 | T17: 300 | U17: 200 | V17: 448 | W17: 400 | X17: 400 | Y17: 448 | Z17: 300 | AA17: 448 | AB17: 448 | AC17: 560 | AD17: 448 | AF17: 65340 | AG17: 159182.5 | AH17: 0 | AI17: 0 | AJ17: 94390 | AK17: 117987.5 | AL17: 47195 | AM17: 141585 | AN17: 94390 | AO17: 211433.6 | AP17: 188780 | AQ17: 188780 | AR17: 211433.6 | AS17: 141585 | AT17: 211433.6 | AU17: 211433.6 | AV17: 264292 | AW17: 211433.6 | AY17: X | BH17: X | BK17: X | BN17: X | BU17: X | BV17: X | BX17: X | CG17: X | CH17: X | DP17: =COUNTIF(AX17:DO17,"x") -> 9
A18: MX | B18: AFL | C18: Ascend | D18: ASCND-4RU-8RT;23 | E18: 4RU-8RT ASCEND ASSY | F18: 468.32 | G18: =F18*H18 -> 187328 | H18: =SUM(N18:Y18) -> 400 | I18: =ROUNDUP(H18/12,0) -> 34 | J18: =K18*F18 -> 93664 | K18: =SUM(Z18:AD18) -> 200 | L18: =ROUNDUP(K18/5,0) -> 40 | M18: 200 | N18: 0 | O18: 0 | P18: 200 | Q18: 0 | R18: 0 | S18: 100 | T18: 0 | U18: 0 | V18: 0 | W18: 100 | X18: 0 | Y18: 0 | Z18: 0 | AA18: 200 | AB18: 0 | AC18: 0 | AD18: 0 | AF18: 93664 | AG18: 0 | AH18: 0 | AI18: 93664 | AJ18: 0 | AK18: 0 | AL18: 46832 | AM18: 0 | AN18: 0 | AO18: 0 | AP18: 46832 | AQ18: 0 | AR18: 0 | AS18: 0 | AT18: 93664 | AU18: 0 | AV18: 0 | AW18: 0 | CG18: X | CH18: X | DP18: =COUNTIF(AX18:DO18,"x") -> 2
A19: MX | B19: AFL | C19: ASCEND | D19: CS017324;0 | E19: FRONT DOOR MAGNET PAIR | F19: 5.99 | G19: =F19*H19 -> 0 | H19: =SUM(N19:Y19) -> 0 | I19: =ROUNDUP(H19/12,0) -> 0 | J19: =K19*F19 -> 0 | K19: =SUM(Z19:AD19) -> 0 | L19: =ROUNDUP(K19/5,0) -> 0 | M19: 0 | N19: 0 | O19: 0 | P19: 0 | Q19: 0 | R19: 0 | S19: 0 | T19: 0 | U19: 0 | V19: 0 | W19: 0 | X19: 0 | Y19: 0 | Z19: 0 | AA19: 0 | AB19: 0 | AC19: 0 | AD19: 0 | AF19: 0 | AG19: 0 | AH19: 0 | AI19: 0 | AJ19: 0 | AK19: 0 | AL19: 0 | AM19: 0 | AN19: 0 | AO19: 0 | AP19: 0 | AQ19: 0 | AR19: 0 | AS19: 0 | AT19: 0 | AU19: 0 | AV19: 0 | AW19: 0 | CI19: 200
A20: MX | B20: AFL | C20: Ascend | D20: FM003957;7 | E20: 1RU DOOR (REAR) | F20: 1.82 | G20: =F20*H20 -> 0 | H20: =SUM(N20:Y20) -> 0 | I20: =ROUNDUP(H20/12,0) -> 0 | J20: =K20*F20 -> 0 | K20: =SUM(Z20:AD20) -> 0 | L20: =ROUNDUP(K20/5,0) -> 0 | M20: 0 | N20: 0 | O20: 0 | P20: 0 | Q20: 0 | R20: 0 | S20: 0 | T20: 0 | U20: 0 | V20: 0 | W20: 0 | X20: 0 | Y20: 0 | Z20: 0 | AA20: 0 | AB20: 0 | AC20: 0 | AD20: 0 | AF20: 0 | AG20: 0 | AH20: 0 | AI20: 0 | AJ20: 0 | AK20: 0 | AL20: 0 | AM20: 0 | AN20: 0 | AO20: 0 | AP20: 0 | AQ20: 0 | AR20: 0 | AS20: 0 | AT20: 0 | AU20: 0 | AV20: 0 | AW20: 0 | CI20: #N/A
A21: MX | B21: AFL | C21: ASCND 2RU | D21: FM004574;0 | E21: 2RU 23" MOUNTING BRACK | F21: 5.87 | G21: =F21*H21 -> 0 | H21: =SUM(N21:Y21) -> 0 | I21: =ROUNDUP(H21/12,0) -> 0 | J21: =K21*F21 -> 0 | K21: =SUM(Z21:AD21) -> 0 | L21: =ROUNDUP(K21/5,0) -> 0 | M21: 0 | N21: 0 | O21: 0 | P21: 0 | Q21: 0 | R21: 0 | S21: 0 | T21: 0 | U21: 0 | V21: 0 | W21: 0 | X21: 0 | Y21: 0 | Z21: 0 | AA21: 0 | AB21: 0 | AC21: 0 | AD21: 0 | AF21: 0 | AG21: 0 | AH21: 0 | AI21: 0 | AJ21: 0 | AK21: 0 | AL21: 0 | AM21: 0 | AN21: 0 | AO21: 0 | AP21: 0 | AQ21: 0 | AR21: 0 | AS21: 0 | AT21: 0 | AU21: 0 | AV21: 0 | AW21: 0 | CI21: #N/A
A22: MX | B22: AFL | C22: EDC 864 | D22: EA000458;5 | E22: PANEL, LEFT IDEAA MODU | F22: 79.11 | G22: =F22*H22 -> 0 | H22: =SUM(N22:Y22) -> 0 | I22: =ROUNDUP(H22/12,0) -> 0 | J22: =K22*F22 -> 0 | K22: =SUM(Z22:AD22) -> 0 | L22: =ROUNDUP(K22/5,0) -> 0 | M22: 0 | N22: 0 | O22: 0 | P22: 0 | Q22: 0 | R22: 0 | S22: 0 | T22: 0 | U22: 0 | V22: 0 | W22: 0 | X22: 0 | Y22: 0 | Z22: 0 | AA22: 0 | AB22: 0 | AC22: 0 | AD22: 0 | AF22: 0 | AG22: 0 | AH22: 0 | AI22: 0 | AJ22: 0 | AK22: 0 | AL22: 0 | AM22: 0 | AN22: 0 | AO22: 0 | AP22: 0 | AQ22: 0 | AR22: 0 | AS22: 0 | AT22: 0 | AU22: 0 | AV22: 0 | AW22: 0 | CI22: 100
A23: MX | B23: AFL | C23: EDC 864 | D23: EA000549;5 | E23: PANEL, RIGHT IDEAA MOD | F23: 89.36 | G23: =F23*H23 -> 0 | H23: =SUM(N23:Y23) -> 0 | I23: =ROUNDUP(H23/12,0) -> 0 | J23: =K23*F23 -> 0 | K23: =SUM(Z23:AD23) -> 0 | L23: =ROUNDUP(K23/5,0) -> 0 | M23: 0 | N23: 0 | O23: 0 | P23: 0 | Q23: 0 | R23: 0 | S23: 0 | T23: 0 | U23: 0 | V23: 0 | W23: 0 | X23: 0 | Y23: 0 | Z23: 0 | AA23: 0 | AB23: 0 | AC23: 0 | AD23: 0 | AF23: 0 | AG23: 0 | AH23: 0 | AI23: 0 | AJ23: 0 | AK23: 0 | AL23: 0 | AM23: 0 | AN23: 0 | AO23: 0 | AP23: 0 | AQ23: 0 | AR23: 0 | AS23: 0 | AT23: 0 | AU23: 0 | AV23: 0 | AW23: 0 | CI23: 100
A24: MX | B24: AFL | C24: HYPERSCALE | D24: HCF-48U-ODF002;11 | E24: 48U FRAME ASSEMBLY | F24: 2814.12 | G24: =F24*H24 -> 396790.92 | H24: =SUM(N24:Y24) -> 141 | I24: =ROUNDUP(H24/12,0) -> 12 | J24: =K24*F24 -> 0 | K24: =SUM(Z24:AD24) -> 0 | L24: =ROUNDUP(K24/5,0) -> 0 | M24: 46 | N24: 69 | O24: 20 | P24: 52 | Q24: 0 | R24: 0 | S24: 0 | T24: 0 | U24: 0 | V24: 0 | W24: 0 | X24: 0 | Y24: 0 | Z24: 0 | AA24: 0 | AB24: 0 | AC24: 0 | AD24: 0 | AF24: 129449.52 | AG24: 194174.28 | AH24: 56282.4 | AI24: 146334.24 | AJ24: 0 | AK24: 0 | AL24: 0 | AM24: 0 | AN24: 0 | AO24: 0 | AP24: 0 | AQ24: 0 | AR24: 0 | AS24: 0 | AT24: 0 | AU24: 0 | AV24: 0 | AW24: 0 | CB24: X | CH24: X | DP24: =COUNTIF(AX24:DO24,"x") -> 2
A25: MX | B25: AFL | C25: HYPERSCALE | D25: HCF-48U-ODF-004;4 | E25: 48U FRAME ASSEMBLY | F25: 0 | G25: =F25*H25 -> 0 | H25: =SUM(N25:Y25) -> 1 | I25: =ROUNDUP(H25/12,0) -> 1 | J25: =K25*F25 -> 0 | K25: =SUM(Z25:AD25) -> 0 | L25: =ROUNDUP(K25/5,0) -> 0 | M25: 0 | N25: 1 | O25: 0 | P25: 0 | Q25: 0 | R25: 0 | S25: 0 | T25: 0 | U25: 0 | V25: 0 | W25: 0 | X25: 0 | Y25: 0 | Z25: 0 | AA25: 0 | AB25: 0 | AC25: 0 | AD25: 0 | AF25: 0 | AG25: 3210.04 | AH25: 0 | AI25: 0 | AJ25: 0 | AK25: 0 | AL25: 0 | AM25: 0 | AN25: 0 | AO25: 0 | AP25: 0 | AQ25: 0 | AR25: 0 | AS25: 0 | AT25: 0 | AU25: 0 | AV25: 0 | AW25: 0 | AX25: X | AY25: X | AZ25: X | BH25: X | BJ25: X | BK25: X | BP25: X | BU25: X | BV25: X | BX25: X | CB25: X | CH25: X | DP25: =COUNTIF(AX25:DO25,"x") -> 12
A26: MX | B26: AFL | C26: LL-550 | D26: FM004072;3 | E26: SKIRT KIT, LL-550, TEL | F26: 55.1 | G26: =F26*H26 -> 0 | H26: =SUM(N26:Y26) -> 0 | I26: =ROUNDUP(H26/12,0) -> 0 | J26: =K26*F26 -> 0 | K26: =SUM(Z26:AD26) -> 0 | L26: =ROUNDUP(K26/5,0) -> 0 | M26: 0 | N26: 0 | O26: 0 | P26: 0 | Q26: 0 | R26: 0 | S26: 0 | T26: 0 | U26: 0 | V26: 0 | W26: 0 | X26: 0 | Y26: 0 | Z26: 0 | AA26: 0 | AB26: 0 | AC26: 0 | AD26: 0 | AF26: 0 | AG26: 0 | AH26: 0 | AI26: 0 | AJ26: 0 | AK26: 0 | AL26: 0 | AM26: 0 | AN26: 0 | AO26: 0 | AP26: 0 | AQ26: 0 | AR26: 0 | AS26: 0 | AT26: 0 | AU26: 0 | AV26: 0 | AW26: 0 | CI26: 60
A27: MX | B27: AFL | C27: LL-550 | D27: FM004264;0 | E27: LL-550-AT, PLATE, BLAN | F27: 6.02 | G27: =F27*H27 -> 0 | H27: =SUM(N27:Y27) -> 0 | I27: =ROUNDUP(H27/12,0) -> 0 | J27: =K27*F27 -> 0 | K27: =SUM(Z27:AD27) -> 0 | L27: =ROUNDUP(K27/5,0) -> 0 | M27: 0 | N27: 0 | O27: 0 | P27: 0 | Q27: 0 | R27: 0 | S27: 0 | T27: 0 | U27: 0 | V27: 0 | W27: 0 | X27: 0 | Y27: 0 | Z27: 0 | AA27: 0 | AB27: 0 | AC27: 0 | AD27: 0 | AF27: 0 | AG27: 0 | AH27: 0 | AI27: 0 | AJ27: 0 | AK27: 0 | AL27: 0 | AM27: 0 | AN27: 0 | AO27: 0 | AP27: 0 | AQ27: 0 | AR27: 0 | AS27: 0 | AT27: 0 | AU27: 0 | AV27: 0 | AW27: 0 | CI27: 100
A28: MX | B28: AFL | C28: LL-580 | D28: FM004211;0 | E28: LL-580 SKIRT STANDOFF | F28: 7.37 | G28: =F28*H28 -> 0 | H28: =SUM(N28:Y28) -> 0 | I28: =ROUNDUP(H28/12,0) -> 0 | J28: =K28*F28 -> 0 | K28: =SUM(Z28:AD28) -> 0 | L28: =ROUNDUP(K28/5,0) -> 0 | M28: 0 | N28: 0 | O28: 0 | P28: 0 | Q28: 0 | R28: 0 | S28: 0 | T28: 0 | U28: 0 | V28: 0 | W28: 0 | X28: 0 | Y28: 0 | Z28: 0 | AA28: 0 | AB28: 0 | AC28: 0 | AD28: 0 | AF28: 0 | AG28: 0 | AH28: 0 | AI28: 0 | AJ28: 0 | AK28: 0 | AL28: 0 | AM28: 0 | AN28: 0 | AO28: 0 | AP28: 0 | AQ28: 0 | AR28: 0 | AS28: 0 | AT28: 0 | AU28: 0 | AV28: 0 | AW28: 0 | CI28: 100
A29: MX | B29: AFL | C29: LL-580 | D29: FM004240;0 | E29: LL-580 SKIRT STANDOFF | F29: 7.09 | G29: =F29*H29 -> 0 | H29: =SUM(N29:Y29) -> 0 | I29: =ROUNDUP(H29/12,0) -> 0 | J29: =K29*F29 -> 0 | K29: =SUM(Z29:AD29) -> 0 | L29: =ROUNDUP(K29/5,0) -> 0 | M29: 0 | N29: 0 | O29: 0 | P29: 0 | Q29: 0 | R29: 0 | S29: 0 | T29: 0 | U29: 0 | V29: 0 | W29: 0 | X29: 0 | Y29: 0 | Z29: 0 | AA29: 0 | AB29: 0 | AC29: 0 | AD29: 0 | AF29: 0 | AG29: 0 | AH29: 0 | AI29: 0 | AJ29: 0 | AK29: 0 | AL29: 0 | AM29: 0 | AN29: 0 | AO29: 0 | AP29: 0 | AQ29: 0 | AR29: 0 | AS29: 0 | AT29: 0 | AU29: 0 | AV29: 0 | AW29: 0 | CI29: 100
A30: MX | B30: AFL | C30: LL-580-AT | D30: FM002895;9 | E30: LL-580-AT SKIRT | F30: 90.56 | G30: =F30*H30 -> 0 | H30: =SUM(N30:Y30) -> 0 | I30: =ROUNDUP(H30/12,0) -> 0 | J30: =K30*F30 -> 0 | K30: =SUM(Z30:AD30) -> 0 | L30: =ROUNDUP(K30/5,0) -> 0 | M30: 0 | N30: 0 | O30: 0 | P30: 0 | Q30: 0 | R30: 0 | S30: 0 | T30: 0 | U30: 0 | V30: 0 | W30: 0 | X30: 0 | Y30: 0 | Z30: 0 | AA30: 0 | AB30: 0 | AC30: 0 | AD30: 0 | AF30: 0 | AG30: 0 | AH30: 0 | AI30: 0 | AJ30: 0 | AK30: 0 | AL30: 0 | AM30: 0 | AN30: 0 | AO30: 0 | AP30: 0 | AQ30: 0 | AR30: 0 | AS30: 0 | AT30: 0 | AU30: 0 | AV30: 0 | AW30: 0 | CI30: 60
A31: MX | B31: AFL | C31: LL-580-AT | D31: FM002895-3;5 | E31: KO PLATE FOR 2", 1.5" | F31: 7.19 | G31: =F31*H31 -> 0 | H31: =SUM(N31:Y31) -> 0 | I31: =ROUNDUP(H31/12,0) -> 0 | J31: =K31*F31 -> 0 | K31: =SUM(Z31:AD31) -> 0 | L31: =ROUNDUP(K31/5,0) -> 0 | M31: 0 | N31: 0 | O31: 0 | P31: 0 | Q31: 0 | R31: 0 | S31: 0 | T31: 0 | U31: 0 | V31: 0 | W31: 0 | X31: 0 | Y31: 0 | Z31: 0 | AA31: 0 | AB31: 0 | AC31: 0 | AD31: 0 | AF31: 0 | AG31: 0 | AH31: 0 | AI31: 0 | AJ31: 0 | AK31: 0 | AL31: 0 | AM31: 0 | AN31: 0 | AO31: 0 | AP31: 0 | AQ31: 0 | AR31: 0 | AS31: 0 | AT31: 0 | AU31: 0 | AV31: 0 | AW31: 0 | CI31: #N/A
A32: MX | B32: AMAT | C32: AMAT | D32: 0022-13130;04 | E32: BRACKET H2 SENSOR C3 | F32: 5.38 | G32: =F32*H32 -> 1059.86 | H32: =SUM(N32:Y32) -> 197 | I32: =ROUNDUP(H32/12,0) -> 17 | J32: =K32*F32 -> 0 | K32: =SUM(Z32:AD32) -> 0 | L32: =ROUNDUP(K32/5,0) -> 0 | M32: 3 | N32: 197 | O32: 0 | P32: 0 | Q32: 0 | R32: 0 | S32: 0 | T32: 0 | U32: 0 | V32: 0 | W32: 0 | X32: 0 | Y32: 0 | Z32: 0 | AA32: 0 | AB32: 0 | AC32: 0 | AD32: 0 | AF32: 16.14 | AG32: 1059.86 | AH32: 0 | AI32: 0 | AJ32: 0 | AK32: 0 | AL32: 0 | AM32: 0 | AN32: 0 | AO32: 0 | AP32: 0 | AQ32: 0 | AR32: 0 | AS32: 0 | AT32: 0 | AU32: 0 | AV32: 0 | AW32: 0 | AZ32: X | BH32: X | BK32: X | BU32: X | BV32: X | CG32: X | CH32: X | DP32: =COUNTIF(AX32:DO32,"x") -> 7
A33: MX | B33: AMAT | C33: AMAT | D33: 0010-59216;07 | E33: ASSEMBLY,LOWER DOOR,MI | F33: 721.83 | G33: =F33*H33 -> 2165.49 | H33: =SUM(N33:Y33) -> 3 | I33: =ROUNDUP(H33/12,0) -> 1 | J33: =K33*F33 -> 0 | K33: =SUM(Z33:AD33) -> 0 | L33: =ROUNDUP(K33/5,0) -> 0 | M33: 0 | N33: 3 | O33: 0 | P33: 0 | Q33: 0 | R33: 0 | S33: 0 | T33: 0 | U33: 0 | V33: 0 | W33: 0 | X33: 0 | Y33: 0 | Z33: 0 | AA33: 0 | AB33: 0 | AC33: 0 | AD33: 0 | AF33: 0 | AG33: 2165.49 | AH33: 0 | AI33: 0 | AJ33: 0 | AK33: 0 | AL33: 0 | AM33: 0 | AN33: 0 | AO33: 0 | AP33: 0 | AQ33: 0 | AR33: 0 | AS33: 0 | AT33: 0 | AU33: 0 | AV33: 0 | AW33: 0 | AZ33: X | BH33: X | BJ33: X | BK33: X | BP33: X | BU33: X | BV33: X | CG33: X | CH33: X | DP33: =COUNTIF(AX33:DO33,"x") -> 9
A34: MX | B34: AMAT | C34: AMAT | D34: 0020-63454;002 | E34: BRACKET CATCH CCT/WATL | F34: 65.26 | G34: =F34*H34 -> 0 | H34: =SUM(N34:Y34) -> 0 | I34: =ROUNDUP(H34/12,0) -> 0 | J34: =K34*F34 -> 0 | K34: =SUM(Z34:AD34) -> 0 | L34: =ROUNDUP(K34/5,0) -> 0 | M34: 3 | N34: 0 | O34: 0 | P34: 0 | Q34: 0 | R34: 0 | S34: 0 | T34: 0 | U34: 0 | V34: 0 | W34: 0 | X34: 0 | Y34: 0 | Z34: 0 | AA34: 0 | AB34: 0 | AC34: 0 | AD34: 0 | AF34: 195.78 | AG34: 0 | AH34: 0 | AI34: 0 | AJ34: 0 | AK34: 0 | AL34: 0 | AM34: 0 | AN34: 0 | AO34: 0 | AP34: 0 | AQ34: 0 | AR34: 0 | AS34: 0 | AT34: 0 | AU34: 0 | AV34: 0 | AW34: 0 | CI34: #N/A
A35: MX | B35: AMAT | C35: AMAT | D35: 0020-64627;003 | E35: BRACE, SHIPPING, SIDE, | F35: 82.73 | G35: =F35*H35 -> 0 | H35: =SUM(N35:Y35) -> 0 | I35: =ROUNDUP(H35/12,0) -> 0 | J35: =K35*F35 -> 0 | K35: =SUM(Z35:AD35) -> 0 | L35: =ROUNDUP(K35/5,0) -> 0 | M35: 3 | N35: 0 | O35: 0 | P35: 0 | Q35: 0 | R35: 0 | S35: 0 | T35: 0 | U35: 0 | V35: 0 | W35: 0 | X35: 0 | Y35: 0 | Z35: 0 | AA35: 0 | AB35: 0 | AC35: 0 | AD35: 0 | AF35: 248.19 | AG35: 0 | AH35: 0 | AI35: 0 | AJ35: 0 | AK35: 0 | AL35: 0 | AM35: 0 | AN35: 0 | AO35: 0 | AP35: 0 | AQ35: 0 | AR35: 0 | AS35: 0 | AT35: 0 | AU35: 0 | AV35: 0 | AW35: 0 | CI35: #N/A
A36: MX | B36: AMAT | C36: AMAT | D36: 0021-82164;02 | E36: BRACKET, FI SHIPPING, | F36: 183 | G36: =F36*H36 -> 0 | H36: =SUM(N36:Y36) -> 0 | I36: =ROUNDUP(H36/12,0) -> 0 | J36: =K36*F36 -> 0 | K36: =SUM(Z36:AD36) -> 0 | L36: =ROUNDUP(K36/5,0) -> 0 | M36: 3 | N36: 0 | O36: 0 | P36: 0 | Q36: 0 | R36: 0 | S36: 0 | T36: 0 | U36: 0 | V36: 0 | W36: 0 | X36: 0 | Y36: 0 | Z36: 0 | AA36: 0 | AB36: 0 | AC36: 0 | AD36: 0 | AF36: 549 | AG36: 0 | AH36: 0 | AI36: 0 | AJ36: 0 | AK36: 0 | AL36: 0 | AM36: 0 | AN36: 0 | AO36: 0 | AP36: 0 | AQ36: 0 | AR36: 0 | AS36: 0 | AT36: 0 | AU36: 0 | AV36: 0 | AW36: 0 | CI36: #N/A
A37: MX | B37: AMAT | C37: AMAT | D37: 0021-96687;05 | E37: BRACKET,FRONT SIDE BRA | F37: 120.2 | G37: =F37*H37 -> 360.6 | H37: =SUM(N37:Y37) -> 3 | I37: =ROUNDUP(H37/12,0) -> 1 | J37: =K37*F37 -> 0 | K37: =SUM(Z37:AD37) -> 0 | L37: =ROUNDUP(K37/5,0) -> 0 | M37: 0 | N37: 3 | O37: 0 | P37: 0 | Q37: 0 | R37: 0 | S37: 0 | T37: 0 | U37: 0 | V37: 0 | W37: 0 | X37: 0 | Y37: 0 | Z37: 0 | AA37: 0 | AB37: 0 | AC37: 0 | AD37: 0 | AF37: 0 | AG37: 360.6 | AH37: 0 | AI37: 0 | AJ37: 0 | AK37: 0 | AL37: 0 | AM37: 0 | AN37: 0 | AO37: 0 | AP37: 0 | AQ37: 0 | AR37: 0 | AS37: 0 | AT37: 0 | AU37: 0 | AV37: 0 | AW37: 0 | AZ37: X | BH37: X | BK37: X | BP37: X | BU37: X | BV37: X | CG37: X | CH37: X | DP37: =COUNTIF(AX37:DO37,"x") -> 8
A38: MX | B38: AMAT | C38: AMAT | D38: 0022-08095;06 | E38: BRACKET, BOTTOM SHELF | F38: 85.98 | G38: =F38*H38 -> 0 | H38: =SUM(N38:Y38) -> 0 | I38: =ROUNDUP(H38/12,0) -> 0 | J38: =K38*F38 -> 0 | K38: =SUM(Z38:AD38) -> 0 | L38: =ROUNDUP(K38/5,0) -> 0 | M38: 3 | N38: 0 | O38: 0 | P38: 0 | Q38: 0 | R38: 0 | S38: 0 | T38: 0 | U38: 0 | V38: 0 | W38: 0 | X38: 0 | Y38: 0 | Z38: 0 | AA38: 0 | AB38: 0 | AC38: 0 | AD38: 0 | AF38: 257.94 | AG38: 0 | AH38: 0 | AI38: 0 | AJ38: 0 | AK38: 0 | AL38: 0 | AM38: 0 | AN38: 0 | AO38: 0 | AP38: 0 | AQ38: 0 | AR38: 0 | AS38: 0 | AT38: 0 | AU38: 0 | AV38: 0 | AW38: 0 | CI38: #N/A
A39: MX | B39: AMAT | C39: AMAT | D39: 0040-01983;AD | E39: PANEL, WATER DISTRIBUT | F39: 511.04 | G39: =F39*H39 -> 1533.12 | H39: =SUM(N39:Y39) -> 3 | I39: =ROUNDUP(H39/12,0) -> 1 | J39: =K39*F39 -> 0 | K39: =SUM(Z39:AD39) -> 0 | L39: =ROUNDUP(K39/5,0) -> 0 | M39: 0 | N39: 3 | O39: 0 | P39: 0 | Q39: 0 | R39: 0 | S39: 0 | T39: 0 | U39: 0 | V39: 0 | W39: 0 | X39: 0 | Y39: 0 | Z39: 0 | AA39: 0 | AB39: 0 | AC39: 0 | AD39: 0 | AF39: 0 | AG39: 1533.12 | AH39: 0 | AI39: 0 | AJ39: 0 | AK39: 0 | AL39: 0 | AM39: 0 | AN39: 0 | AO39: 0 | AP39: 0 | AQ39: 0 | AR39: 0 | AS39: 0 | AT39: 0 | AU39: 0 | AV39: 0 | AW39: 0 | AZ39: X | BH39: X | BJ39: X | BK39: X | BP39: X | BU39: X | BV39: X | CG39: X | CH39: X | DP39: =COUNTIF(AX39:DO39,"x") -> 9
A40: MX | B40: AMAT | C40: AMAT | D40: 0040-96763;002 | E40: BRACKET,MOUNT FORELINE | F40: 71.2 | G40: =F40*H40 -> 0 | H40: =SUM(N40:Y40) -> 0 | I40: =ROUNDUP(H40/12,0) -> 0 | J40: =K40*F40 -> 0 | K40: =SUM(Z40:AD40) -> 0 | L40: =ROUNDUP(K40/5,0) -> 0 | M40: 3 | N40: 0 | O40: 0 | P40: 0 | Q40: 0 | R40: 0 | S40: 0 | T40: 0 | U40: 0 | V40: 0 | W40: 0 | X40: 0 | Y40: 0 | Z40: 0 | AA40: 0 | AB40: 0 | AC40: 0 | AD40: 0 | AF40: 213.6 | AG40: 0 | AH40: 0 | AI40: 0 | AJ40: 0 | AK40: 0 | AL40: 0 | AM40: 0 | AN40: 0 | AO40: 0 | AP40: 0 | AQ40: 0 | AR40: 0 | AS40: 0 | AT40: 0 | AU40: 0 | AV40: 0 | AW40: 0 | CI40: #N/A
A41: MX | B41: AMAT | C41: AMAT | D41: 0041-12984;03 | E41: PANEL, BACK GAS PLATTE | F41: 32.98 | G41: =F41*H41 -> 0 | H41: =SUM(N41:Y41) -> 0 | I41: =ROUNDUP(H41/12,0) -> 0 | J41: =K41*F41 -> 0 | K41: =SUM(Z41:AD41) -> 0 | L41: =ROUNDUP(K41/5,0) -> 0 | M41: 25 | N41: 0 | O41: 0 | P41: 0 | Q41: 0 | R41: 0 | S41: 0 | T41: 0 | U41: 0 | V41: 0 | W41: 0 | X41: 0 | Y41: 0 | Z41: 0 | AA41: 0 | AB41: 0 | AC41: 0 | AD41: 0 | AF41: 824.5 | AG41: 0 | AH41: 0 | AI41: 0 | AJ41: 0 | AK41: 0 | AL41: 0 | AM41: 0 | AN41: 0 | AO41: 0 | AP41: 0 | AQ41: 0 | AR41: 0 | AS41: 0 | AT41: 0 | AU41: 0 | AV41: 0 | AW41: 0 | CI41: #N/A
A42: MX | B42: AMAT | C42: AMAT | D42: 0041-61872;06 | E42: ENCLOSURE, FACILITY MA | F42: 762.75 | G42: =F42*H42 -> 2288.25 | H42: =SUM(N42:Y42) -> 3 | I42: =ROUNDUP(H42/12,0) -> 1 | J42: =K42*F42 -> 0 | K42: =SUM(Z42:AD42) -> 0 | L42: =ROUNDUP(K42/5,0) -> 0 | M42: 0 | N42: 3 | O42: 0 | P42: 0 | Q42: 0 | R42: 0 | S42: 0 | T42: 0 | U42: 0 | V42: 0 | W42: 0 | X42: 0 | Y42: 0 | Z42: 0 | AA42: 0 | AB42: 0 | AC42: 0 | AD42: 0 | AF42: 0 | AG42: 2288.25 | AH42: 0 | AI42: 0 | AJ42: 0 | AK42: 0 | AL42: 0 | AM42: 0 | AN42: 0 | AO42: 0 | AP42: 0 | AQ42: 0 | AR42: 0 | AS42: 0 | AT42: 0 | AU42: 0 | AV42: 0 | AW42: 0 | AZ42: X | BH42: X | BJ42: X | BK42: X | BP42: X | BU42: X | BV42: X | BX42: X | CG42: X | CH42: X | DP42: =COUNTIF(AX42:DO42,"x") -> 10
A43: MX | B43: AMAT | C43: AMAT | D43: 0041-77896;08 | E43: BRACKET, GASLINES, C3o | F43: 125.66 | G43: =F43*H43 -> 0 | H43: =SUM(N43:Y43) -> 0 | I43: =ROUNDUP(H43/12,0) -> 0 | J43: =K43*F43 -> 0 | K43: =SUM(Z43:AD43) -> 0 | L43: =ROUNDUP(K43/5,0) -> 0 | M43: 0 | N43: 0 | O43: 0 | P43: 0 | Q43: 0 | R43: 0 | S43: 0 | T43: 0 | U43: 0 | V43: 0 | W43: 0 | X43: 0 | Y43: 0 | Z43: 0 | AA43: 0 | AB43: 0 | AC43: 0 | AD43: 0 | AF43: 0 | AG43: 0 | AH43: 0 | AI43: 0 | AJ43: 0 | AK43: 0 | AL43: 0 | AM43: 0 | AN43: 0 | AO43: 0 | AP43: 0 | AQ43: 0 | AR43: 0 | AS43: 0 | AT43: 0 | AU43: 0 | AV43: 0 | AW43: 0 | CI43: #N/A
A44: MX | B44: AMAT | C44: AMAT | D44: 0041-81684;03 | E44: BRACKET, MAGNETIC SW M | F44: 3.71 | G44: =F44*H44 -> 0 | H44: =SUM(N44:Y44) -> 0 | I44: =ROUNDUP(H44/12,0) -> 0 | J44: =K44*F44 -> 0 | K44: =SUM(Z44:AD44) -> 0 | L44: =ROUNDUP(K44/5,0) -> 0 | M44: 25 | N44: 0 | O44: 0 | P44: 0 | Q44: 0 | R44: 0 | S44: 0 | T44: 0 | U44: 0 | V44: 0 | W44: 0 | X44: 0 | Y44: 0 | Z44: 0 | AA44: 0 | AB44: 0 | AC44: 0 | AD44: 0 | AF44: 92.75 | AG44: 0 | AH44: 0 | AI44: 0 | AJ44: 0 | AK44: 0 | AL44: 0 | AM44: 0 | AN44: 0 | AO44: 0 | AP44: 0 | AQ44: 0 | AR44: 0 | AS44: 0 | AT44: 0 | AU44: 0 | AV44: 0 | AW44: 0 | CI44: #N/A
A45: MX | B45: AMAT | C45: AMAT | D45: 0041-81685;02 | E45: BRACKET, MACNETIC SW M | F45: 10 | G45: =F45*H45 -> 1940 | H45: =SUM(N45:Y45) -> 194 | I45: =ROUNDUP(H45/12,0) -> 17 | J45: =K45*F45 -> 0 | K45: =SUM(Z45:AD45) -> 0 | L45: =ROUNDUP(K45/5,0) -> 0 | M45: 3 | N45: 97 | O45: 0 | P45: 97 | Q45: 0 | R45: 0 | S45: 0 | T45: 0 | U45: 0 | V45: 0 | W45: 0 | X45: 0 | Y45: 0 | Z45: 0 | AA45: 0 | AB45: 0 | AC45: 0 | AD45: 0 | AF45: 30 | AG45: 970 | AH45: 0 | AI45: 970 | AJ45: 0 | AK45: 0 | AL45: 0 | AM45: 0 | AN45: 0 | AO45: 0 | AP45: 0 | AQ45: 0 | AR45: 0 | AS45: 0 | AT45: 0 | AU45: 0 | AV45: 0 | AW45: 0 | AZ45: X | BH45: X | BJ45: X | BK45: X | BU45: X | BV45: X | CG45: X | CH45: X | DP45: =COUNTIF(AX45:DO45,"x") -> 8
A46: MX | B46: AMAT | C46: AMAT | D46: 0041-81686;02 | E46: BRACKET, MACNETIC SW M | F46: 10 | G46: =F46*H46 -> 970 | H46: =SUM(N46:Y46) -> 97 | I46: =ROUNDUP(H46/12,0) -> 9 | J46: =K46*F46 -> 0 | K46: =SUM(Z46:AD46) -> 0 | L46: =ROUNDUP(K46/5,0) -> 0 | M46: 3 | N46: 97 | O46: 0 | P46: 0 | Q46: 0 | R46: 0 | S46: 0 | T46: 0 | U46: 0 | V46: 0 | W46: 0 | X46: 0 | Y46: 0 | Z46: 0 | AA46: 0 | AB46: 0 | AC46: 0 | AD46: 0 | AF46: 30 | AG46: 970 | AH46: 0 | AI46: 0 | AJ46: 0 | AK46: 0 | AL46: 0 | AM46: 0 | AN46: 0 | AO46: 0 | AP46: 0 | AQ46: 0 | AR46: 0 | AS46: 0 | AT46: 0 | AU46: 0 | AV46: 0 | AW46: 0 | AZ46: X | BH46: X | BJ46: X | BK46: X | BU46: X | BV46: X | CG46: X | CH46: X | DP46: =COUNTIF(AX46:DO46,"x") -> 8
A47: MX | B47: AMAT | C47: AMAT | D47: 0041-83309;01 | E47: PLATE,BOTTOM,W/EXHAUST | F47: 40.41 | G47: =F47*H47 -> 808.2 | H47: =SUM(N47:Y47) -> 20 | I47: =ROUNDUP(H47/12,0) -> 2 | J47: =K47*F47 -> 0 | K47: =SUM(Z47:AD47) -> 0 | L47: =ROUNDUP(K47/5,0) -> 0 | M47: 0 | N47: 20 | O47: 0 | P47: 0 | Q47: 0 | R47: 0 | S47: 0 | T47: 0 | U47: 0 | V47: 0 | W47: 0 | X47: 0 | Y47: 0 | Z47: 0 | AA47: 0 | AB47: 0 | AC47: 0 | AD47: 0 | AF47: 0 | AG47: 808.2 | AH47: 0 | AI47: 0 | AJ47: 0 | AK47: 0 | AL47: 0 | AM47: 0 | AN47: 0 | AO47: 0 | AP47: 0 | AQ47: 0 | AR47: 0 | AS47: 0 | AT47: 0 | AU47: 0 | AV47: 0 | AW47: 0 | AZ47: X | BH47: X | BJ47: X | BU47: X | BV47: X | CG47: X | CH47: X | DP47: =COUNTIF(AX47:DO47,"x") -> 7
A48: MX | B48: AMAT | C48: AMAT | D48: 0041-99611;03 | E48: PALLET GAS STICKS NAPA | F48: 59.58 | G48: =F48*H48 -> 2800.26 | H48: =SUM(N48:Y48) -> 47 | I48: =ROUNDUP(H48/12,0) -> 4 | J48: =K48*F48 -> 0 | K48: =SUM(Z48:AD48) -> 0 | L48: =ROUNDUP(K48/5,0) -> 0 | M48: 0 | N48: 3 | O48: 22 | P48: 22 | Q48: 0 | R48: 0 | S48: 0 | T48: 0 | U48: 0 | V48: 0 | W48: 0 | X48: 0 | Y48: 0 | Z48: 0 | AA48: 0 | AB48: 0 | AC48: 0 | AD48: 0 | AF48: 0 | AG48: 178.74 | AH48: 1310.76 | AI48: 1310.76 | AJ48: 0 | AK48: 0 | AL48: 0 | AM48: 0 | AN48: 0 | AO48: 0 | AP48: 0 | AQ48: 0 | AR48: 0 | AS48: 0 | AT48: 0 | AU48: 0 | AV48: 0 | AW48: 0 | BP48: X | CG48: X | CH48: X | DP48: =COUNTIF(AX48:DO48,"x") -> 3
A49: MX | B49: AMAT | C49: AMAT | D49: 0042-06060;03 | E49: REAR HEATER PANEL NAPA | F49: 44.23 | G49: =F49*H49 -> 1105.75 | H49: =SUM(N49:Y49) -> 25 | I49: =ROUNDUP(H49/12,0) -> 3 | J49: =K49*F49 -> 2211.5 | K49: =SUM(Z49:AD49) -> 50 | L49: =ROUNDUP(K49/5,0) -> 10 | M49: 0 | N49: 0 | O49: 0 | P49: 0 | Q49: 0 | R49: 0 | S49: 0 | T49: 0 | U49: 0 | V49: 0 | W49: 0 | X49: 0 | Y49: 25 | Z49: 25 | AA49: 25 | AB49: 0 | AC49: 0 | AD49: 0 | AF49: 0 | AG49: 0 | AH49: 0 | AI49: 0 | AJ49: 0 | AK49: 0 | AL49: 0 | AM49: 0 | AN49: 0 | AO49: 0 | AP49: 0 | AQ49: 0 | AR49: 1105.75 | AS49: 1105.75 | AT49: 1105.75 | AU49: 0 | AV49: 0 | AW49: 0 | AZ49: X | BH49: X | BJ49: X | BK49: X | BU49: X | BV49: X | CG49: X | CH49: X | DP49: =COUNTIF(AX49:DO49,"x") -> 8
A50: MX | B50: AMAT | C50: AMAT | D50: 0042-15857;03 | E50: BOTTOM INLET PLATE RIV | F50: 27.49 | G50: =F50*H50 -> 0 | H50: =SUM(N50:Y50) -> 0 | I50: =ROUNDUP(H50/12,0) -> 0 | J50: =K50*F50 -> 0 | K50: =SUM(Z50:AD50) -> 0 | L50: =ROUNDUP(K50/5,0) -> 0 | M50: 50 | N50: 0 | O50: 0 | P50: 0 | Q50: 0 | R50: 0 | S50: 0 | T50: 0 | U50: 0 | V50: 0 | W50: 0 | X50: 0 | Y50: 0 | Z50: 0 | AA50: 0 | AB50: 0 | AC50: 0 | AD50: 0 | AF50: 1374.5 | AG50: 0 | AH50: 0 | AI50: 0 | AJ50: 0 | AK50: 0 | AL50: 0 | AM50: 0 | AN50: 0 | AO50: 0 | AP50: 0 | AQ50: 0 | AR50: 0 | AS50: 0 | AT50: 0 | AU50: 0 | AV50: 0 | AW50: 0 | CI50: #N/A
A51: MX | B51: AMAT | C51: AMAT | D51: 0042-16783;04 | E51: ENCLOSURE RIVETED SYM3 | F51: 420.07 | G51: =F51*H51 -> 42007 | H51: =SUM(N51:Y51) -> 100 | I51: =ROUNDUP(H51/12,0) -> 9 | J51: =K51*F51 -> 0 | K51: =SUM(Z51:AD51) -> 0 | L51: =ROUNDUP(K51/5,0) -> 0 | M51: 0 | N51: 0 | O51: 0 | P51: 0 | Q51: 50 | R51: 50 | S51: 0 | T51: 0 | U51: 0 | V51: 0 | W51: 0 | X51: 0 | Y51: 0 | Z51: 0 | AA51: 0 | AB51: 0 | AC51: 0 | AD51: 0 | AF51: 0 | AG51: 0 | AH51: 0 | AI51: 0 | AJ51: 21003.5 | AK51: 21003.5 | AL51: 0 | AM51: 0 | AN51: 0 | AO51: 0 | AP51: 0 | AQ51: 0 | AR51: 0 | AS51: 0 | AT51: 0 | AU51: 0 | AV51: 0 | AW51: 0 | AY51: X | BF51: X | BH51: X | BJ51: X | BK51: X | BU51: X | BV51: X | BX51: X | CG51: X | CH51: X | DP51: =COUNTIF(AX51:DO51,"x") -> 10
A52: MX | B52: AMAT | C52: AMAT | D52: 0042-18208;04 | E52: REAR MOUNTING PLATE, S | F52: 185.09 | G52: =F52*H52 -> 0 | H52: =SUM(N52:Y52) -> 0 | I52: =ROUNDUP(H52/12,0) -> 0 | J52: =K52*F52 -> 0 | K52: =SUM(Z52:AD52) -> 0 | L52: =ROUNDUP(K52/5,0) -> 0 | M52: 3 | N52: 0 | O52: 0 | P52: 0 | Q52: 0 | R52: 0 | S52: 0 | T52: 0 | U52: 0 | V52: 0 | W52: 0 | X52: 0 | Y52: 0 | Z52: 0 | AA52: 0 | AB52: 0 | AC52: 0 | AD52: 0 | AF52: 555.27 | AG52: 0 | AH52: 0 | AI52: 0 | AJ52: 0 | AK52: 0 | AL52: 0 | AM52: 0 | AN52: 0 | AO52: 0 | AP52: 0 | AQ52: 0 | AR52: 0 | AS52: 0 | AT52: 0 | AU52: 0 | AV52: 0 | AW52: 0 | CI52: #N/A
A53: MX | B53: AMAT | C53: AMAT | D53: 0042-24513;03 | E53: BRACKET, DRIP PAN MOUN | F53: 99.54 | G53: =F53*H53 -> 0 | H53: =SUM(N53:Y53) -> 0 | I53: =ROUNDUP(H53/12,0) -> 0 | J53: =K53*F53 -> 0 | K53: =SUM(Z53:AD53) -> 0 | L53: =ROUNDUP(K53/5,0) -> 0 | M53: 0 | N53: 0 | O53: 0 | P53: 0 | Q53: 0 | R53: 0 | S53: 0 | T53: 0 | U53: 0 | V53: 0 | W53: 0 | X53: 0 | Y53: 0 | Z53: 0 | AA53: 0 | AB53: 0 | AC53: 0 | AD53: 0 | AF53: 0 | AG53: 0 | AH53: 0 | AI53: 0 | AJ53: 0 | AK53: 0 | AL53: 0 | AM53: 0 | AN53: 0 | AO53: 0 | AP53: 0 | AQ53: 0 | AR53: 0 | AS53: 0 | AT53: 0 | AU53: 0 | AV53: 0 | AW53: 0 | CI53: #N/A
A54: MX | B54: AMAT | C54: AMAT | D54: 0042-32661;05 | E54: REMOVABLE UPPER BAR, C | F54: 744.82 | G54: =F54*H54 -> 2234.46 | H54: =SUM(N54:Y54) -> 3 | I54: =ROUNDUP(H54/12,0) -> 1 | J54: =K54*F54 -> 0 | K54: =SUM(Z54:AD54) -> 0 | L54: =ROUNDUP(K54/5,0) -> 0 | M54: 0 | N54: 3 | O54: 0 | P54: 0 | Q54: 0 | R54: 0 | S54: 0 | T54: 0 | U54: 0 | V54: 0 | W54: 0 | X54: 0 | Y54: 0 | Z54: 0 | AA54: 0 | AB54: 0 | AC54: 0 | AD54: 0 | AF54: 0 | AG54: 2234.46 | AH54: 0 | AI54: 0 | AJ54: 0 | AK54: 0 | AL54: 0 | AM54: 0 | AN54: 0 | AO54: 0 | AP54: 0 | AQ54: 0 | AR54: 0 | AS54: 0 | AT54: 0 | AU54: 0 | AV54: 0 | AW54: 0 | AZ54: X | BF54: X | BH54: X | BK54: X | BN54: X | BP54: X | BU54: X | BV54: X | CG54: X | CH54: X | DP54: =COUNTIF(AX54:DO54,"x") -> 10
A55: MX | B55: AMAT | C55: AMAT | D55: 0042-32991;05 | E55: REMOVABLE UPPER BAR, C | F55: 753.18 | G55: =F55*H55 -> 2259.54 | H55: =SUM(N55:Y55) -> 3 | I55: =ROUNDUP(H55/12,0) -> 1 | J55: =K55*F55 -> 0 | K55: =SUM(Z55:AD55) -> 0 | L55: =ROUNDUP(K55/5,0) -> 0 | M55: 0 | N55: 3 | O55: 0 | P55: 0 | Q55: 0 | R55: 0 | S55: 0 | T55: 0 | U55: 0 | V55: 0 | W55: 0 | X55: 0 | Y55: 0 | Z55: 0 | AA55: 0 | AB55: 0 | AC55: 0 | AD55: 0 | AF55: 0 | AG55: 2259.54 | AH55: 0 | AI55: 0 | AJ55: 0 | AK55: 0 | AL55: 0 | AM55: 0 | AN55: 0 | AO55: 0 | AP55: 0 | AQ55: 0 | AR55: 0 | AS55: 0 | AT55: 0 | AU55: 0 | AV55: 0 | AW55: 0 | AZ55: X | BH55: X | BJ55: X | BK55: X | BP55: X | BU55: X | BV55: X | CG55: X | CH55: X
A56: MX | B56: AMAT | C56: ICHOR | D56: 0022-12699;05 | E56: PLATE,BOTTOM,W/EXHAUST | F56: 4.07 | G56: =F56*H56 -> 1005.29 | H56: =SUM(N56:Y56) -> 247 | I56: =ROUNDUP(H56/12,0) -> 21 | J56: =K56*F56 -> 0 | K56: =SUM(Z56:AD56) -> 0 | L56: =ROUNDUP(K56/5,0) -> 0 | M56: 3 | N56: 247 | O56: 0 | P56: 0 | Q56: 0 | R56: 0 | S56: 0 | T56: 0 | U56: 0 | V56: 0 | W56: 0 | X56: 0 | Y56: 0 | Z56: 0 | AA56: 0 | AB56: 0 | AC56: 0 | AD56: 0 | AF56: 12.21 | AG56: 1005.29 | AH56: 0 | AI56: 0 | AJ56: 0 | AK56: 0 | AL56: 0 | AM56: 0 | AN56: 0 | AO56: 0 | AP56: 0 | AQ56: 0 | AR56: 0 | AS56: 0 | AT56: 0 | AU56: 0 | AV56: 0 | AW56: 0 | AZ56: X | BH56: X | BK56: X | BU56: X | BV56: X | CG56: X | CH56: X
A57: MX | B57: AMPH | C57: AMPHENOL | D57: 1025176;D1 | E57: FS3, ASSEMBLY, TOP LEV | F57: 56.94 | G57: =F57*H57 -> 0 | H57: =SUM(N57:Y57) -> 0 | I57: =ROUNDUP(H57/12,0) -> 0 | J57: =K57*F57 -> 0 | K57: =SUM(Z57:AD57) -> 0 | L57: =ROUNDUP(K57/5,0) -> 0 | M57: 0 | N57: 0 | O57: 0 | P57: 0 | Q57: 0 | R57: 0 | S57: 0 | T57: 0 | U57: 0 | V57: 0 | W57: 0 | X57: 0 | Y57: 0 | Z57: 0 | AA57: 0 | AB57: 0 | AC57: 0 | AD57: 0 | AF57: 0 | AG57: 0 | AH57: 0 | AI57: 0 | AJ57: 0 | AK57: 0 | AL57: 0 | AM57: 0 | AN57: 0 | AO57: 0 | AP57: 0 | AQ57: 0 | AR57: 0 | AS57: 0 | AT57: 0 | AU57: 0 | AV57: 0 | AW57: 0 | CI57: 40
A58: MX | B58: AMPH | C58: AMPHENOL | D58: 150483-3N+03;A3 | E58: REAR DOOR C2X 2RU 15.5 | F58: 6.28 | G58: =F58*H58 -> 0 | H58: =SUM(N58:Y58) -> 0 | I58: =ROUNDUP(H58/12,0) -> 0 | J58: =K58*F58 -> 0 | K58: =SUM(Z58:AD58) -> 0 | L58: =ROUNDUP(K58/5,0) -> 0 | M58: 0 | N58: 0 | O58: 0 | P58: 0 | Q58: 0 | R58: 0 | S58: 0 | T58: 0 | U58: 0 | V58: 0 | W58: 0 | X58: 0 | Y58: 0 | Z58: 0 | AA58: 0 | AB58: 0 | AC58: 0 | AD58: 0 | AF58: 0 | AG58: 0 | AH58: 0 | AI58: 0 | AJ58: 0 | AK58: 0 | AL58: 0 | AM58: 0 | AN58: 0 | AO58: 0 | AP58: 0 | AQ58: 0 | AR58: 0 | AS58: 0 | AT58: 0 | AU58: 0 | AV58: 0 | AW58: 0 | CI58: #N/A
A59: MX | B59: ARIS | C59: ARIS MISC | D59: ASY-06327-02;A0 | E59: ASY,DNL,FC,FAN,PCB,STI | F59: 69.56 | G59: =F59*H59 -> 66012.44 | H59: =SUM(N59:Y59) -> 949 | I59: =ROUNDUP(H59/12,0) -> 80 | J59: =K59*F59 -> 0 | K59: =SUM(Z59:AD59) -> 0 | L59: =ROUNDUP(K59/5,0) -> 0 | M59: 0 | N59: 476 | O59: 473 | P59: 0 | Q59: 0 | R59: 0 | S59: 0 | T59: 0 | U59: 0 | V59: 0 | W59: 0 | X59: 0 | Y59: 0 | Z59: 0 | AA59: 0 | AB59: 0 | AC59: 0 | AD59: 0 | AF59: 0 | AG59: 24856.72 | AH59: 24700.06 | AI59: 0 | AJ59: 0 | AK59: 0 | AL59: 0 | AM59: 0 | AN59: 0 | AO59: 0 | AP59: 0 | AQ59: 0 | AR59: 0 | AS59: 0 | AT59: 0 | AU59: 0 | AV59: 0 | AW59: 0 | AX59: X | AY59: X | BH59: X | BJ59: X | BK59: X | BZ59: X | CH59: X
A60: MX | B60: ARIS | C60: ARIS MISC | D60: ASY-06331-05;A0 | E60: ASY,DN,FC,COVER REAR,A | F60: 26.01 | G60: =F60*H60 -> 51811.92 | H60: =SUM(N60:Y60) -> 1992 | I60: =ROUNDUP(H60/12,0) -> 166 | J60: =K60*F60 -> 0 | K60: =SUM(Z60:AD60) -> 0 | L60: =ROUNDUP(K60/5,0) -> 0 | M60: 0 | N60: 1992 | O60: 0 | P60: 0 | Q60: 0 | R60: 0 | S60: 0 | T60: 0 | U60: 0 | V60: 0 | W60: 0 | X60: 0 | Y60: 0 | Z60: 0 | AA60: 0 | AB60: 0 | AC60: 0 | AD60: 0 | AF60: 0 | AG60: 49461.36 | AH60: 0 | AI60: 0 | AJ60: 0 | AK60: 0 | AL60: 0 | AM60: 0 | AN60: 0 | AO60: 0 | AP60: 0 | AQ60: 0 | AR60: 0 | AS60: 0 | AT60: 0 | AU60: 0 | AV60: 0 | AW60: 0 | AX60: X | AY60: X | BH60: X | BK60: X | BZ60: X | CH60: X
A61: MX | B61: ARIS | C61: ARISTA Y8 | D61: ASY-52295-122;B0 | E61: ASY TOP LEVEL (TAN) EL | F61: 2079.84 | G61: =F61*H61 -> 0 | H61: =SUM(N61:Y61) -> 0 | I61: =ROUNDUP(H61/12,0) -> 0 | J61: =K61*F61 -> 0 | K61: =SUM(Z61:AD61) -> 0 | L61: =ROUNDUP(K61/5,0) -> 0 | M61: 0 | N61: 0 | O61: 0 | P61: 0 | Q61: 0 | R61: 0 | S61: 0 | T61: 0 | U61: 0 | V61: 0 | W61: 0 | X61: 0 | Y61: 0 | Z61: 0 | AA61: 0 | AB61: 0 | AC61: 0 | AD61: 0 | AF61: 0 | AG61: 0 | AH61: 0 | AI61: 0 | AJ61: 0 | AK61: 0 | AL61: 0 | AM61: 0 | AN61: 0 | AO61: 0 | AP61: 0 | AQ61: 0 | AR61: 0 | AS61: 0 | AT61: 0 | AU61: 0 | AV61: 0 | AW61: 0 | CI61: 1
A62: MX | B62: ARIS | C62: AURORA | D62: ASY-08367-01;A0 | E62: ASY,DN,FC,TRAY,AURORA | F62: 269.4 | G62: =F62*H62 -> 14008.8 | H62: =SUM(N62:Y62) -> 52 | I62: =ROUNDUP(H62/12,0) -> 5 | J62: =K62*F62 -> 0 | K62: =SUM(Z62:AD62) -> 0 | L62: =ROUNDUP(K62/5,0) -> 0 | M62: 0 | N62: 0 | O62: 52 | P62: 0 | Q62: 0 | R62: 0 | S62: 0 | T62: 0 | U62: 0 | V62: 0 | W62: 0 | X62: 0 | Y62: 0 | Z62: 0 | AA62: 0 | AB62: 0 | AC62: 0 | AD62: 0 | AF62: 0 | AG62: 0 | AH62: 14008.8 | AI62: 0 | AJ62: 0 | AK62: 0 | AL62: 0 | AM62: 0 | AN62: 0 | AO62: 0 | AP62: 0 | AQ62: 0 | AR62: 0 | AS62: 0 | AT62: 0 | AU62: 0 | AV62: 0 | AW62: 0 | AX62: X | AY62: X | AZ62: X | BG62: X | BH62: X | BJ62: X | BK62: X | CG62: X | CH62: X
A63: MX | B63: ARIS | C63: AURORA | D63: ASY-08377-01;A0 | E63: ASY,DN,FC,AURORA,STIFF | F63: 15.32 | G63: =F63*H63 -> 0 | H63: =SUM(N63:Y63) -> 0 | I63: =ROUNDUP(H63/12,0) -> 0 | J63: =K63*F63 -> 0 | K63: =SUM(Z63:AD63) -> 0 | L63: =ROUNDUP(K63/5,0) -> 0 | M63: 52 | N63: 0 | O63: 0 | P63: 0 | Q63: 0 | R63: 0 | S63: 0 | T63: 0 | U63: 0 | V63: 0 | W63: 0 | X63: 0 | Y63: 0 | Z63: 0 | AA63: 0 | AB63: 0 | AC63: 0 | AD63: 0 | AF63: 796.64 | AG63: 0 | AH63: 0 | AI63: 0 | AJ63: 0 | AK63: 0 | AL63: 0 | AM63: 0 | AN63: 0 | AO63: 0 | AP63: 0 | AQ63: 0 | AR63: 0 | AS63: 0 | AT63: 0 | AU63: 0 | AV63: 0 | AW63: 0 | CI63: 115
A64: MX | B64: ARIS | C64: AURORA | D64: ASY-08379-01;A0 | E64: ASY,MTL,DN,FC,FAN PCB | F64: 10.38 | G64: =F64*H64 -> 0 | H64: =SUM(N64:Y64) -> 0 | I64: =ROUNDUP(H64/12,0) -> 0 | J64: =K64*F64 -> 0 | K64: =SUM(Z64:AD64) -> 0 | L64: =ROUNDUP(K64/5,0) -> 0 | M64: 62 | N64: 0 | O64: 0 | P64: 0 | Q64: 0 | R64: 0 | S64: 0 | T64: 0 | U64: 0 | V64: 0 | W64: 0 | X64: 0 | Y64: 0 | Z64: 0 | AA64: 0 | AB64: 0 | AC64: 0 | AD64: 0 | AF64: 643.56 | AG64: 0 | AH64: 0 | AI64: 0 | AJ64: 0 | AK64: 0 | AL64: 0 | AM64: 0 | AN64: 0 | AO64: 0 | AP64: 0 | AQ64: 0 | AR64: 0 | AS64: 0 | AT64: 0 | AU64: 0 | AV64: 0 | AW64: 0 | CI64: #N/A
A65: MX | B65: ARIS | C65: AURORA | D65: ASY-08380-01;A0 | E65: ASY,DN,FC,COVER REAR,A | F65: 7.37 | G65: =F65*H65 -> 0 | H65: =SUM(N65:Y65) -> 0 | I65: =ROUNDUP(H65/12,0) -> 0 | J65: =K65*F65 -> 0 | K65: =SUM(Z65:AD65) -> 0 | L65: =ROUNDUP(K65/5,0) -> 0 | M65: 62 | N65: 0 | O65: 0 | P65: 0 | Q65: 0 | R65: 0 | S65: 0 | T65: 0 | U65: 0 | V65: 0 | W65: 0 | X65: 0 | Y65: 0 | Z65: 0 | AA65: 0 | AB65: 0 | AC65: 0 | AD65: 0 | AF65: 456.94 | AG65: 0 | AH65: 0 | AI65: 0 | AJ65: 0 | AK65: 0 | AL65: 0 | AM65: 0 | AN65: 0 | AO65: 0 | AP65: 0 | AQ65: 0 | AR65: 0 | AS65: 0 | AT65: 0 | AU65: 0 | AV65: 0 | AW65: 0 | CI65: 69
A66: MX | B66: ARIS | C66: BEARPAW | D66: ASY-04606-05;A0 | E66: ASY,LC,BOTTOM COVER,BE | F66: 38.13 | G66: =F66*H66 -> 0 | H66: =SUM(N66:Y66) -> 0 | I66: =ROUNDUP(H66/12,0) -> 0 | J66: =K66*F66 -> 0 | K66: =SUM(Z66:AD66) -> 0 | L66: =ROUNDUP(K66/5,0) -> 0 | M66: 0 | N66: 0 | O66: 0 | P66: 0 | Q66: 0 | R66: 0 | S66: 0 | T66: 0 | U66: 0 | V66: 0 | W66: 0 | X66: 0 | Y66: 0 | Z66: 0 | AA66: 0 | AB66: 0 | AC66: 0 | AD66: 0 | AF66: 0 | AG66: 0 | AH66: 0 | AI66: 0 | AJ66: 0 | AK66: 0 | AL66: 0 | AM66: 0 | AN66: 0 | AO66: 0 | AP66: 0 | AQ66: 0 | AR66: 0 | AS66: 0 | AT66: 0 | AU66: 0 | AV66: 0 | AW66: 0 | CI66: #N/A
A67: MX | B67: ARIS | C67: BEARPAW | D67: ASY-06123-05;A0 | E67: ASY, DN, LC, CHAS, BEA | F67: 47.35 | G67: =F67*H67 -> 0 | H67: =SUM(N67:Y67) -> 0 | I67: =ROUNDUP(H67/12,0) -> 0 | J67: =K67*F67 -> 0 | K67: =SUM(Z67:AD67) -> 0 | L67: =ROUNDUP(K67/5,0) -> 0 | M67: 0 | N67: 0 | O67: 0 | P67: 0 | Q67: 0 | R67: 0 | S67: 0 | T67: 0 | U67: 0 | V67: 0 | W67: 0 | X67: 0 | Y67: 0 | Z67: 0 | AA67: 0 | AB67: 0 | AC67: 0 | AD67: 0 | AF67: 0 | AG67: 0 | AH67: 0 | AI67: 0 | AJ67: 0 | AK67: 0 | AL67: 0 | AM67: 0 | AN67: 0 | AO67: 0 | AP67: 0 | AQ67: 0 | AR67: 0 | AS67: 0 | AT67: 0 | AU67: 0 | AV67: 0 | AW67: 0 | CI67: 100
A68: MX | B68: ARIS | C68: BEARPAW | D68: ASY-06134-03;A0 | E68: ASY, ACCESSORY KIT, 78 | F68: 1209.85 | G68: =F68*H68 -> 0 | H68: =SUM(N68:Y68) -> 0 | I68: =ROUNDUP(H68/12,0) -> 0 | J68: =K68*F68 -> 0 | K68: =SUM(Z68:AD68) -> 0 | L68: =ROUNDUP(K68/5,0) -> 0 | M68: 0 | N68: 0 | O68: 0 | P68: 0 | Q68: 0 | R68: 0 | S68: 0 | T68: 0 | U68: 0 | V68: 0 | W68: 0 | X68: 0 | Y68: 0 | Z68: 0 | AA68: 0 | AB68: 0 | AC68: 0 | AD68: 0 | AF68: 0 | AG68: 0 | AH68: 0 | AI68: 0 | AJ68: 0 | AK68: 0 | AL68: 0 | AM68: 0 | AN68: 0 | AO68: 0 | AP68: 0 | AQ68: 0 | AR68: 0 | AS68: 0 | AT68: 0 | AU68: 0 | AV68: 0 | AW68: 0 | CI68: 40.73
A69: MX | B69: ARIS | C69: BROOK | D69: ASY-03911-03;A0 | E69: ASM,DN,HSNK,BRKT,LF,BR | F69: 3.53 | G69: =F69*H69 -> 3830.05 | H69: =SUM(N69:Y69) -> 1085 | I69: =ROUNDUP(H69/12,0) -> 91 | J69: =K69*F69 -> 2329.8 | K69: =SUM(Z69:AD69) -> 660 | L69: =ROUNDUP(K69/5,0) -> 132 | M69: 0 | N69: 0 | O69: 0 | P69: 0 | Q69: 0 | R69: 185 | S69: 120 | T69: 150 | U69: 120 | V69: 120 | W69: 150 | X69: 120 | Y69: 120 | Z69: 150 | AA69: 120 | AB69: 120 | AC69: 150 | AD69: 120 | AF69: 0 | AG69: 0 | AH69: 0 | AI69: 0 | AJ69: 0 | AK69: 654.9 | AL69: 424.8 | AM69: 531 | AN69: 424.8 | AO69: 424.8 | AP69: 531 | AQ69: 424.8 | AR69: 424.8 | AS69: 531 | AT69: 424.8 | AU69: 424.8 | AV69: 531 | AW69: 424.8 | AZ69: X | BH69: X | BJ69: X | BK69: X | CH69: X
A70: MX | B70: ARIS | C70: BROOK | D70: ASY-03912-03;A2 | E70: ASY,DN,FC,COVER REAR,B | F70: 13.22 | G70: =F70*H70 -> 31728 | H70: =SUM(N70:Y70) -> 2400 | I70: =ROUNDUP(H70/12,0) -> 200 | J70: =K70*F70 -> 8725.2 | K70: =SUM(Z70:AD70) -> 660 | L70: =ROUNDUP(K70/5,0) -> 132 | M70: 0 | N70: 0 | O70: 0 | P70: 500 | Q70: 500 | R70: 500 | S70: 120 | T70: 150 | U70: 120 | V70: 120 | W70: 150 | X70: 120 | Y70: 120 | Z70: 150 | AA70: 120 | AB70: 120 | AC70: 150 | AD70: 120 | AF70: 0 | AG70: 0 | AH70: 0 | AI70: 5875 | AJ70: 5875 | AK70: 5875 | AL70: 1410 | AM70: 1699.5 | AN70: 1359.6 | AO70: 1359.6 | AP70: 1699.5 | AQ70: 1359.6 | AR70: 1359.6 | AS70: 1699.5 | AT70: 1359.6 | AU70: 1359.6 | AV70: 1699.5 | AW70: 1359.6 | AX70: X | BH70: X | BK70: X | CG70: X | CH70: X
A71: MX | B71: ARIS | C71: BROOK | D71: ASY-03913-11;C0 | E71: ASY,DN,FC,TRAY ASM,BRO | F71: 184.88 | G71: =F71*H71 -> 385474.8 | H71: =SUM(N71:Y71) -> 2085 | I71: =ROUNDUP(H71/12,0) -> 174 | J71: =K71*F71 -> 122020.8 | K71: =SUM(Z71:AD71) -> 660 | L71: =ROUNDUP(K71/5,0) -> 132 | M71: 0 | N71: 0 | O71: 0 | P71: 500 | Q71: 500 | R71: 185 | S71: 120 | T71: 150 | U71: 120 | V71: 120 | W71: 150 | X71: 120 | Y71: 120 | Z71: 150 | AA71: 120 | AB71: 120 | AC71: 150 | AD71: 120 | AF71: 0 | AG71: 0 | AH71: 0 | AI71: 92440 | AJ71: 92440 | AK71: 34202.8 | AL71: 22185.6 | AM71: 27732 | AN71: 22185.6 | AO71: 22185.6 | AP71: 27732 | AQ71: 22185.6 | AR71: 22185.6 | AS71: 27732 | AT71: 22185.6 | AU71: 22185.6 | AV71: 27732 | AW71: 22185.6 | AX71: X | AY71: X | AZ71: X | BB71: X | BG71: X | BH71: X | BJ71: X | BK71: X | CG71: X | CH71: X
A72: MX | B72: ARIS | C72: BROOK | D72: ASY-03916-02;A1 | E72: ASY,DN,FC,BRACKET,BROO | F72: 9.14 | G72: =F72*H72 -> 12147.06 | H72: =SUM(N72:Y72) -> 1329 | I72: =ROUNDUP(H72/12,0) -> 111 | J72: =K72*F72 -> 6032.4 | K72: =SUM(Z72:AD72) -> 660 | L72: =ROUNDUP(K72/5,0) -> 132 | M72: 0 | N72: 244 | O72: 0 | P72: 0 | Q72: 0 | R72: 185 | S72: 120 | T72: 150 | U72: 120 | V72: 120 | W72: 150 | X72: 120 | Y72: 120 | Z72: 150 | AA72: 120 | AB72: 120 | AC72: 150 | AD72: 120 | AF72: 0 | AG72: 2156.96 | AH72: 0 | AI72: 0 | AJ72: 0 | AK72: 1646.5 | AL72: 1068 | AM72: 1335 | AN72: 1060.8 | AO72: 1060.8 | AP72: 1326 | AQ72: 1060.8 | AR72: 1060.8 | AS72: 1326 | AT72: 1060.8 | AU72: 1060.8 | AV72: 1326 | AW72: 1060.8 | AX72: X | BH72: X | BJ72: X | BK72: X | CG72: X | CH72: X
A73: MX | B73: ARIS | C73: BROOK | D73: ASY-03918-03;B0 | E73: ASY,DN,FC,STIFFENER,TP | F73: 7.27 | G73: =F73*H73 -> 11522.95 | H73: =SUM(N73:Y73) -> 1585 | I73: =ROUNDUP(H73/12,0) -> 133 | J73: =K73*F73 -> 4798.2 | K73: =SUM(Z73:AD73) -> 660 | L73: =ROUNDUP(K73/5,0) -> 132 | M73: 0 | N73: 500 | O73: 0 | P73: 0 | Q73: 0 | R73: 185 | S73: 120 | T73: 150 | U73: 120 | V73: 120 | W73: 150 | X73: 120 | Y73: 120 | Z73: 150 | AA73: 120 | AB73: 120 | AC73: 150 | AD73: 120 | AF73: 0 | AG73: 3635 | AH73: 0 | AI73: 0 | AJ73: 0 | AK73: 1344.95 | AL73: 872.4 | AM73: 1090.5 | AN73: 872.4 | AO73: 872.4 | AP73: 1090.5 | AQ73: 872.4 | AR73: 872.4 | AS73: 1090.5 | AT73: 872.4 | AU73: 872.4 | AV73: 1090.5 | AW73: 872.4 | BC73: X | BJ73: X | BK73: X | CG73: X | CH73: X
A74: MX | B74: ARIS | C74: CALICO | D74: ASY-03403-04;B0 | E74: ASY, DN, LC, CALICO, S | F74: 22.07 | G74: =F74*H74 -> 0 | H74: =SUM(N74:Y74) -> 0 | I74: =ROUNDUP(H74/12,0) -> 0 | J74: =K74*F74 -> 0 | K74: =SUM(Z74:AD74) -> 0 | L74: =ROUNDUP(K74/5,0) -> 0 | M74: 0 | N74: 0 | O74: 0 | P74: 0 | Q74: 0 | R74: 0 | S74: 0 | T74: 0 | U74: 0 | V74: 0 | W74: 0 | X74: 0 | Y74: 0 | Z74: 0 | AA74: 0 | AB74: 0 | AC74: 0 | AD74: 0 | AF74: 0 | AG74: 0 | AH74: 0 | AI74: 0 | AJ74: 0 | AK74: 0 | AL74: 0 | AM74: 0 | AN74: 0 | AO74: 0 | AP74: 0 | AQ74: 0 | AR74: 0 | AS74: 0 | AT74: 0 | AU74: 0 | AV74: 0 | AW74: 0 | CI74: 200
A75: MX | B75: ARIS | C75: CALICO | D75: ASY-03404-03;A1 | E75: ASY, DN, LC, CALICO, S | F75: 21.98 | G75: =F75*H75 -> 0 | H75: =SUM(N75:Y75) -> 0 | I75: =ROUNDUP(H75/12,0) -> 0 | J75: =K75*F75 -> 0 | K75: =SUM(Z75:AD75) -> 0 | L75: =ROUNDUP(K75/5,0) -> 0 | M75: 0 | N75: 0 | O75: 0 | P75: 0 | Q75: 0 | R75: 0 | S75: 0 | T75: 0 | U75: 0 | V75: 0 | W75: 0 | X75: 0 | Y75: 0 | Z75: 0 | AA75: 0 | AB75: 0 | AC75: 0 | AD75: 0 | AF75: 0 | AG75: 0 | AH75: 0 | AI75: 0 | AJ75: 0 | AK75: 0 | AL75: 0 | AM75: 0 | AN75: 0 | AO75: 0 | AP75: 0 | AQ75: 0 | AR75: 0 | AS75: 0 | AT75: 0 | AU75: 0 | AV75: 0 | AW75: 0 | CI75: 200
A76: MX | B76: ARIS | C76: CALICO | D76: ASY-03405-05;A1 | E76: ASY, LC, CHASSIS, CALI | F76: 32.24 | G76: =F76*H76 -> 0 | H76: =SUM(N76:Y76) -> 0 | I76: =ROUNDUP(H76/12,0) -> 0 | J76: =K76*F76 -> 0 | K76: =SUM(Z76:AD76) -> 0 | L76: =ROUNDUP(K76/5,0) -> 0 | M76: 0 | N76: 0 | O76: 0 | P76: 0 | Q76: 0 | R76: 0 | S76: 0 | T76: 0 | U76: 0 | V76: 0 | W76: 0 | X76: 0 | Y76: 0 | Z76: 0 | AA76: 0 | AB76: 0 | AC76: 0 | AD76: 0 | AF76: 0 | AG76: 0 | AH76: 0 | AI76: 0 | AJ76: 0 | AK76: 0 | AL76: 0 | AM76: 0 | AN76: 0 | AO76: 0 | AP76: 0 | AQ76: 0 | AR76: 0 | AS76: 0 | AT76: 0 | AU76: 0 | AV76: 0 | AW76: 0 | CI76: 55
A77: MX | B77: ARIS | C77: CALICO 112 | D77: ASY-08080-01;A0 | E77: ASY, LC, CHASSIS, CALI | F77: 81.23 | G77: =F77*H77 -> 0 | H77: =SUM(N77:Y77) -> 0 | I77: =ROUNDUP(H77/12,0) -> 0 | J77: =K77*F77 -> 0 | K77: =SUM(Z77:AD77) -> 0 | L77: =ROUNDUP(K77/5,0) -> 0 | M77: 0 | N77: 0 | O77: 0 | P77: 0 | Q77: 0 | R77: 0 | S77: 0 | T77: 0 | U77: 0 | V77: 0 | W77: 0 | X77: 0 | Y77: 0 | Z77: 0 | AA77: 0 | AB77: 0 | AC77: 0 | AD77: 0 | AF77: 0 | AG77: 0 | AH77: 0 | AI77: 0 | AJ77: 0 | AK77: 0 | AL77: 0 | AM77: 0 | AN77: 0 | AO77: 0 | AP77: 0 | AQ77: 0 | AR77: 0 | AS77: 0 | AT77: 0 | AU77: 0 | AV77: 0 | AW77: 0 | CI77: 55
A78: MX | B78: ARIS | C78: CALICO 112 | D78: ASY-08113-01;B0 | E78: ASY, LC, CHASSIS, CALI | F78: 90.87 | G78: =F78*H78 -> 0 | H78: =SUM(N78:Y78) -> 0 | I78: =ROUNDUP(H78/12,0) -> 0 | J78: =K78*F78 -> 0 | K78: =SUM(Z78:AD78) -> 0 | L78: =ROUNDUP(K78/5,0) -> 0 | M78: 0 | N78: 0 | O78: 0 | P78: 0 | Q78: 0 | R78: 0 | S78: 0 | T78: 0 | U78: 0 | V78: 0 | W78: 0 | X78: 0 | Y78: 0 | Z78: 0 | AA78: 0 | AB78: 0 | AC78: 0 | AD78: 0 | AF78: 0 | AG78: 0 | AH78: 0 | AI78: 0 | AJ78: 0 | AK78: 0 | AL78: 0 | AM78: 0 | AN78: 0 | AO78: 0 | AP78: 0 | AQ78: 0 | AR78: 0 | AS78: 0 | AT78: 0 | AU78: 0 | AV78: 0 | AW78: 0 | CI78: 55
A79: MX | B79: ARIS | C79: CAMP | D79: ASY-53843-110;C0 | E79: ASY,DN4,CHASSIS,CAMP ( | F79: 4275.07 | G79: =F79*H79 -> 0 | H79: =SUM(N79:Y79) -> 0 | I79: =ROUNDUP(H79/12,0) -> 0 | J79: =K79*F79 -> 0 | K79: =SUM(Z79:AD79) -> 0 | L79: =ROUNDUP(K79/5,0) -> 0 | M79: 0 | N79: 0 | O79: 0 | P79: 0 | Q79: 0 | R79: 0 | S79: 0 | T79: 0 | U79: 0 | V79: 0 | W79: 0 | X79: 0 | Y79: 0 | Z79: 0 | AA79: 0 | AB79: 0 | AC79: 0 | AD79: 0 | AF79: 0 | AG79: 0 | AH79: 0 | AI79: 0 | AJ79: 0 | AK79: 0 | AL79: 0 | AM79: 0 | AN79: 0 | AO79: 0 | AP79: 0 | AQ79: 0 | AR79: 0 | AS79: 0 | AT79: 0 | AU79: 0 | AV79: 0 | AW79: 0 | CI79: 2
A80: MX | B80: ARIS | C80: CLEARWATER | D80: ASY-03305-05;A0 | E80: ASY, DN, LC, CONNECTOR | F80: 4.05 | G80: =F80*H80 -> 4110.75 | H80: =SUM(N80:Y80) -> 1015 | I80: =ROUNDUP(H80/12,0) -> 85 | J80: =K80*F80 -> 2583.9 | K80: =SUM(Z80:AD80) -> 638 | L80: =ROUNDUP(K80/5,0) -> 128 | M80: 0 | N80: 0 | O80: 0 | P80: 0 | Q80: 0 | R80: 145 | S80: 116 | T80: 145 | U80: 116 | V80: 116 | W80: 145 | X80: 116 | Y80: 116 | Z80: 145 | AA80: 116 | AB80: 116 | AC80: 145 | AD80: 116 | AF80: 0 | AG80: 0 | AH80: 0 | AI80: 0 | AJ80: 0 | AK80: 540.85 | AL80: 432.68 | AM80: 540.85 | AN80: 432.68 | AO80: 432.68 | AP80: 540.85 | AQ80: 432.68 | AR80: 432.68 | AS80: 540.85 | AT80: 432.68 | AU80: 432.68 | AV80: 540.85 | AW80: 432.68 | BC80: X | BJ80: X | BK80: X | CG80: X | CH80: X
A81: MX | B81: ARIS | C81: CLEARWATER | D81: ASY-03834-03;A0 | E81: ASY,LC,STIFFENER,FRONT | F81: 10 | G81: =F81*H81 -> 10150 | H81: =SUM(N81:Y81) -> 1015 | I81: =ROUNDUP(H81/12,0) -> 85 | J81: =K81*F81 -> 6380 | K81: =SUM(Z81:AD81) -> 638 | L81: =ROUNDUP(K81/5,0) -> 128 | M81: 0 | N81: 0 | O81: 0 | P81: 0 | Q81: 0 | R81: 145 | S81: 116 | T81: 145 | U81: 116 | V81: 116 | W81: 145 | X81: 116 | Y81: 116 | Z81: 145 | AA81: 116 | AB81: 116 | AC81: 145 | AD81: 116 | AF81: 0 | AG81: 0 | AH81: 0 | AI81: 0 | AJ81: 0 | AK81: 1450 | AL81: 1160 | AM81: 1450 | AN81: 1160 | AO81: 1160 | AP81: 1450 | AQ81: 1160 | AR81: 1160 | AS81: 1450 | AT81: 1160 | AU81: 1160 | AV81: 1450 | AW81: 1160 | AZ81: X | BH81: X | BJ81: X | BK81: X | CH81: X
A82: MX | B82: ARIS | C82: CLEARWATER | D82: ASY-03835-04;A0 | E82: ASY, LC, TOP COVER, CL | F82: 11.71 | G82: =F82*H82 -> 13056.65 | H82: =SUM(N82:Y82) -> 1115 | I82: =ROUNDUP(H82/12,0) -> 93 | J82: =K82*F82 -> 7470.98 | K82: =SUM(Z82:AD82) -> 638 | L82: =ROUNDUP(K82/5,0) -> 128 | M82: 0 | N82: 100 | O82: 0 | P82: 0 | Q82: 0 | R82: 145 | S82: 116 | T82: 145 | U82: 116 | V82: 116 | W82: 145 | X82: 116 | Y82: 116 | Z82: 145 | AA82: 116 | AB82: 116 | AC82: 145 | AD82: 116 | AF82: 0 | AG82: 1113 | AH82: 0 | AI82: 0 | AJ82: 0 | AK82: 1697.95 | AL82: 1358.36 | AM82: 1613.85 | AN82: 1291.08 | AO82: 1291.08 | AP82: 1613.85 | AQ82: 1291.08 | AR82: 1291.08 | AS82: 1613.85 | AT82: 1291.08 | AU82: 1291.08 | AV82: 1613.85 | AW82: 1291.08 | AX82: X | BB82: X | BH82: X | BJ82: X | BK82: X | CH82: X
A83: MX | B83: ARIS | C83: CLEARWATER | D83: ASY-03837-03;B0 | E83: ASY,LC,BOTTOM COVER, C | F83: 36.42 | G83: =F83*H83 -> 36966.3 | H83: =SUM(N83:Y83) -> 1015 | I83: =ROUNDUP(H83/12,0) -> 85 | J83: =K83*F83 -> 23235.96 | K83: =SUM(Z83:AD83) -> 638 | L83: =ROUNDUP(K83/5,0) -> 128 | M83: 0 | N83: 0 | O83: 0 | P83: 0 | Q83: 0 | R83: 145 | S83: 116 | T83: 145 | U83: 116 | V83: 116 | W83: 145 | X83: 116 | Y83: 116 | Z83: 145 | AA83: 116 | AB83: 116 | AC83: 145 | AD83: 116 | AF83: 0 | AG83: 0 | AH83: 0 | AI83: 0 | AJ83: 0 | AK83: 5280.9 | AL83: 4224.72 | AM83: 5280.9 | AN83: 4224.72 | AO83: 4224.72 | AP83: 5280.9 | AQ83: 4224.72 | AR83: 4224.72 | AS83: 5280.9 | AT83: 4224.72 | AU83: 4224.72 | AV83: 5280.9 | AW83: 4224.72 | AX83: X | BJ83: X | BK83: X | CG83: X | CH83: X
A84: MX | B84: ARIS | C84: CLEARWATER | D84: ASY-04161-01;A0 | E84: ASY,LC,STNR,CLEARWATER | F84: 5.38 | G84: =F84*H84 -> 0 | H84: =SUM(N84:Y84) -> 0 | I84: =ROUNDUP(H84/12,0) -> 0 | J84: =K84*F84 -> 0 | K84: =SUM(Z84:AD84) -> 0 | L84: =ROUNDUP(K84/5,0) -> 0 | M84: 0 | N84: 0 | O84: 0 | P84: 0 | Q84: 0 | R84: 0 | S84: 0 | T84: 0 | U84: 0 | V84: 0 | W84: 0 | X84: 0 | Y84: 0 | Z84: 0 | AA84: 0 | AB84: 0 | AC84: 0 | AD84: 0 | AF84: 0 | AG84: 0 | AH84: 0 | AI84: 0 | AJ84: 0 | AK84: 0 | AL84: 0 | AM84: 0 | AN84: 0 | AO84: 0 | AP84: 0 | AQ84: 0 | AR84: 0 | AS84: 0 | AT84: 0 | AU84: 0 | AV84: 0 | AW84: 0 | CI84: 80
A85: MX | B85: ARIS | C85: CLEARWATER | D85: ASY-05325-02;A0 | E85: ASY DN LC CPU REAR CON | F85: 7 | G85: =F85*H85 -> 7105 | H85: =SUM(N85:Y85) -> 1015 | I85: =ROUNDUP(H85/12,0) -> 85 | J85: =K85*F85 -> 4466 | K85: =SUM(Z85:AD85) -> 638 | L85: =ROUNDUP(K85/5,0) -> 128 | M85: 0 | N85: 0 | O85: 0 | P85: 0 | Q85: 0 | R85: 145 | S85: 116 | T85: 145 | U85: 116 | V85: 116 | W85: 145 | X85: 116 | Y85: 116 | Z85: 145 | AA85: 116 | AB85: 116 | AC85: 145 | AD85: 116 | AF85: 0 | AG85: 0 | AH85: 0 | AI85: 0 | AJ85: 0 | AK85: 974.4 | AL85: 779.52 | AM85: 974.4 | AN85: 779.52 | AO85: 779.52 | AP85: 974.4 | AQ85: 779.52 | AR85: 779.52 | AS85: 974.4 | AT85: 779.52 | AU85: 779.52 | AV85: 974.4 | AW85: 779.52 | BB85: X | BH85: X | BJ85: X | BK85: X | CG85: X | CH85: X
A86: MX | B86: ARIS | C86: CLEARWATER | D86: ASY-05326-05;B0 | E86: ASY LC BOTTOM COVER CL | F86: 30.98 | G86: =F86*H86 -> 31444.7 | H86: =SUM(N86:Y86) -> 1015 | I86: =ROUNDUP(H86/12,0) -> 85 | J86: =K86*F86 -> 19765.24 | K86: =SUM(Z86:AD86) -> 638 | L86: =ROUNDUP(K86/5,0) -> 128 | M86: 0 | N86: 0 | O86: 0 | P86: 0 | Q86: 0 | R86: 145 | S86: 116 | T86: 145 | U86: 116 | V86: 116 | W86: 145 | X86: 116 | Y86: 116 | Z86: 145 | AA86: 116 | AB86: 116 | AC86: 145 | AD86: 116 | AF86: 0 | AG86: 0 | AH86: 0 | AI86: 0 | AJ86: 0 | AK86: 4492.1 | AL86: 3593.68 | AM86: 4492.1 | AN86: 3593.68 | AO86: 3593.68 | AP86: 4492.1 | AQ86: 3593.68 | AR86: 3593.68 | AS86: 4492.1 | AT86: 3593.68 | AU86: 3593.68 | AV86: 4492.1 | AW86: 3593.68 | AX86: X | BH86: X | BJ86: X | BK86: X | CG86: X | CH86: X
A87: MX | B87: ARIS | C87: CLEARWATER | D87: ASY-05327-03;A0 | E87: ASY DN LC STIFFENER RI | F87: 7.43 | G87: =F87*H87 -> 7541.45 | H87: =SUM(N87:Y87) -> 1015 | I87: =ROUNDUP(H87/12,0) -> 85 | J87: =K87*F87 -> 4740.34 | K87: =SUM(Z87:AD87) -> 638 | L87: =ROUNDUP(K87/5,0) -> 128 | M87: 0 | N87: 0 | O87: 0 | P87: 0 | Q87: 0 | R87: 145 | S87: 116 | T87: 145 | U87: 116 | V87: 116 | W87: 145 | X87: 116 | Y87: 116 | Z87: 145 | AA87: 116 | AB87: 116 | AC87: 145 | AD87: 116 | AF87: 0 | AG87: 0 | AH87: 0 | AI87: 0 | AJ87: 0 | AK87: 1077.35 | AL87: 861.88 | AM87: 1077.35 | AN87: 861.88 | AO87: 861.88 | AP87: 1077.35 | AQ87: 861.88 | AR87: 861.88 | AS87: 1077.35 | AT87: 861.88 | AU87: 861.88 | AV87: 1077.35 | AW87: 861.88 | AX87: X | BB87: X | BH87: X | BJ87: X | BK87: X | CG87: X | CH87: X
A88: MX | B88: ARIS | C88: CLEARWATER | D88: ASY-05328-05;A0 | E88: ASY DN LC STIFFENER LE | F88: 4.95 | G88: =F88*H88 -> 0 | H88: =SUM(N88:Y88) -> 0 | I88: =ROUNDUP(H88/12,0) -> 0 | J88: =K88*F88 -> 0 | K88: =SUM(Z88:AD88) -> 0 | L88: =ROUNDUP(K88/5,0) -> 0 | M88: 850 | N88: 0 | O88: 0 | P88: 0 | Q88: 0 | R88: 0 | S88: 0 | T88: 0 | U88: 0 | V88: 0 | W88: 0 | X88: 0 | Y88: 0 | Z88: 0 | AA88: 0 | AB88: 0 | AC88: 0 | AD88: 0 | AF88: 5474 | AG88: 0 | AH88: 0 | AI88: 0 | AJ88: 0 | AK88: 0 | AL88: 0 | AM88: 0 | AN88: 0 | AO88: 0 | AP88: 0 | AQ88: 0 | AR88: 0 | AS88: 0 | AT88: 0 | AU88: 0 | AV88: 0 | AW88: 0 | CI88: 78
A89: MX | B89: ARIS | C89: CLEARWATER | D89: ASY-05330-03;A0 | E89: ASY DN LC STIFFENER MI | F89: 4.61 | G89: =F89*H89 -> 4679.15 | H89: =SUM(N89:Y89) -> 1015 | I89: =ROUNDUP(H89/12,0) -> 85 | J89: =K89*F89 -> 2941.18 | K89: =SUM(Z89:AD89) -> 638 | L89: =ROUNDUP(K89/5,0) -> 128 | M89: 0 | N89: 0 | O89: 0 | P89: 0 | Q89: 0 | R89: 145 | S89: 116 | T89: 145 | U89: 116 | V89: 116 | W89: 145 | X89: 116 | Y89: 116 | Z89: 145 | AA89: 116 | AB89: 116 | AC89: 145 | AD89: 116 | AF89: 0 | AG89: 0 | AH89: 0 | AI89: 0 | AJ89: 0 | AK89: 668.45 | AL89: 534.76 | AM89: 668.45 | AN89: 534.76 | AO89: 534.76 | AP89: 668.45 | AQ89: 534.76 | AR89: 534.76 | AS89: 668.45 | AT89: 534.76 | AU89: 534.76 | AV89: 668.45 | AW89: 534.76 | AZ89: X | BH89: X | BJ89: X | BK89: X | CG89: X | CH89: X
A90: MX | B90: ARIS | C90: CLEARWATER | D90: ASY-05331-05;A0 | E90: MTL,DN,LC,TOP COVER, C | F90: 10.21 | G90: =F90*H90 -> 10363.15 | H90: =SUM(N90:Y90) -> 1015 | I90: =ROUNDUP(H90/12,0) -> 85 | J90: =K90*F90 -> 6513.98 | K90: =SUM(Z90:AD90) -> 638 | L90: =ROUNDUP(K90/5,0) -> 128 | M90: 0 | N90: 0 | O90: 0 | P90: 0 | Q90: 0 | R90: 145 | S90: 116 | T90: 145 | U90: 116 | V90: 116 | W90: 145 | X90: 116 | Y90: 116 | Z90: 145 | AA90: 116 | AB90: 116 | AC90: 145 | AD90: 116 | AF90: 0 | AG90: 0 | AH90: 0 | AI90: 0 | AJ90: 0 | AK90: 1480.45 | AL90: 1184.36 | AM90: 1480.45 | AN90: 1184.36 | AO90: 1184.36 | AP90: 1480.45 | AQ90: 1184.36 | AR90: 1184.36 | AS90: 1480.45 | AT90: 1184.36 | AU90: 1184.36 | AV90: 1480.45 | AW90: 1184.36 | AX90: X | BH90: X | BJ90: X | BK90: X | CH90: X
A91: MX | B91: ARIS | C91: CLEARWATER | D91: ASY-05688-04;A0 | E91: ASY, DN, LC, FACEPLATE | F91: 32.38 | G91: =F91*H91 -> 32865.7 | H91: =SUM(N91:Y91) -> 1015 | I91: =ROUNDUP(H91/12,0) -> 85 | J91: =K91*F91 -> 20658.44 | K91: =SUM(Z91:AD91) -> 638 | L91: =ROUNDUP(K91/5,0) -> 128 | M91: 0 | N91: 0 | O91: 0 | P91: 0 | Q91: 0 | R91: 145 | S91: 116 | T91: 145 | U91: 116 | V91: 116 | W91: 145 | X91: 116 | Y91: 116 | Z91: 145 | AA91: 116 | AB91: 116 | AC91: 145 | AD91: 116 | AF91: 0 | AG91: 0 | AH91: 0 | AI91: 0 | AJ91: 0 | AK91: 4580.55 | AL91: 3664.44 | AM91: 4580.55 | AN91: 3664.44 | AO91: 3664.44 | AP91: 4580.55 | AQ91: 3664.44 | AR91: 3664.44 | AS91: 4580.55 | AT91: 3664.44 | AU91: 3664.44 | AV91: 4580.55 | AW91: 3664.44 | BB91: X | BH91: X | BJ91: X | BK91: X | BU91: X | BV91: X | BX91: X | CG91: X | CH91: X
A92: MX | B92: ARIS | C92: CLEARWATER | D92: ASY-05739-04;A0 | E92: ASY,DN,LC,CHASSIS,CLEA | F92: 47.95 | G92: =F92*H92 -> 74562.25 | H92: =SUM(N92:Y92) -> 1555 | I92: =ROUNDUP(H92/12,0) -> 130 | J92: =K92*F92 -> 24262.7 | K92: =SUM(Z92:AD92) -> 506 | L92: =ROUNDUP(K92/5,0) -> 102 | M92: 250 | N92: 500 | O92: 250 | P92: 0 | Q92: 0 | R92: 115 | S92: 92 | T92: 115 | U92: 92 | V92: 92 | W92: 115 | X92: 92 | Y92: 92 | Z92: 115 | AA92: 92 | AB92: 92 | AC92: 115 | AD92: 92 | AF92: 12627.5 | AG92: 25255 | AH92: 12627.5 | AI92: 0 | AJ92: 0 | AK92: 5514.25 | AL92: 4411.4 | AM92: 5514.25 | AN92: 4411.4 | AO92: 4411.4 | AP92: 5514.25 | AQ92: 4411.4 | AR92: 4411.4 | AS92: 5514.25 | AT92: 4411.4 | AU92: 4411.4 | AV92: 5514.25 | AW92: 4411.4 | AX92: X | BB92: X | BH92: X | BJ92: X | BK92: X | BU92: X | BV92: X | BX92: X | CG92: X | CH92: X
A93: MX | B93: ARIS | C93: CLEARWATER | D93: ASY-05741-04;A0 | E93: ASY,DN,LC,CHASSIS,CLEA | F93: 47.73 | G93: =F93*H93 -> 40809.15 | H93: =SUM(N93:Y93) -> 855 | I93: =ROUNDUP(H93/12,0) -> 72 | J93: =K93*F93 -> 24151.38 | K93: =SUM(Z93:AD93) -> 506 | L93: =ROUNDUP(K93/5,0) -> 102 | M93: 0 | N93: 0 | O93: 50 | P93: 0 | Q93: 0 | R93: 115 | S93: 92 | T93: 115 | U93: 92 | V93: 92 | W93: 115 | X93: 92 | Y93: 92 | Z93: 115 | AA93: 92 | AB93: 92 | AC93: 115 | AD93: 92 | AF93: 0 | AG93: 0 | AH93: 3260 | AI93: 0 | AJ93: 0 | AK93: 5488.95 | AL93: 4391.16 | AM93: 5488.95 | AN93: 4391.16 | AO93: 4391.16 | AP93: 5488.95 | AQ93: 4391.16 | AR93: 4391.16 | AS93: 5488.95 | AT93: 4391.16 | AU93: 4391.16 | AV93: 5488.95 | AW93: 4391.16 | BB93: X | BU93: X | BV93: X | BX93: X | CG93: X | CH93: X
A94: MX | B94: ARIS | C94: CLEARWATER | D94: ASY-05859-02;B0 | E94: ASY, DN, LC, STIFFENER | F94: 13.52 | G94: =F94*H94 -> 0 | H94: =SUM(N94:Y94) -> 0 | I94: =ROUNDUP(H94/12,0) -> 0 | J94: =K94*F94 -> 0 | K94: =SUM(Z94:AD94) -> 0 | L94: =ROUNDUP(K94/5,0) -> 0 | M94: 0 | N94: 0 | O94: 0 | P94: 0 | Q94: 0 | R94: 0 | S94: 0 | T94: 0 | U94: 0 | V94: 0 | W94: 0 | X94: 0 | Y94: 0 | Z94: 0 | AA94: 0 | AB94: 0 | AC94: 0 | AD94: 0 | AF94: 0 | AG94: 0 | AH94: 0 | AI94: 0 | AJ94: 0 | AK94: 0 | AL94: 0 | AM94: 0 | AN94: 0 | AO94: 0 | AP94: 0 | AQ94: 0 | AR94: 0 | AS94: 0 | AT94: 0 | AU94: 0 | AV94: 0 | AW94: 0 | CI94: #N/A
A95: MX | B95: ARIS | C95: CLEARWATER | D95: ASY-05860-01;A0 | E95: ASY, DN, LC, BOTTOM CO | F95: 43.29 | G95: =F95*H95 -> 0 | H95: =SUM(N95:Y95) -> 0 | I95: =ROUNDUP(H95/12,0) -> 0 | J95: =K95*F95 -> 0 | K95: =SUM(Z95:AD95) -> 0 | L95: =ROUNDUP(K95/5,0) -> 0 | M95: 0 | N95: 0 | O95: 0 | P95: 0 | Q95: 0 | R95: 0 | S95: 0 | T95: 0 | U95: 0 | V95: 0 | W95: 0 | X95: 0 | Y95: 0 | Z95: 0 | AA95: 0 | AB95: 0 | AC95: 0 | AD95: 0 | AF95: 0 | AG95: 0 | AH95: 0 | AI95: 0 | AJ95: 0 | AK95: 0 | AL95: 0 | AM95: 0 | AN95: 0 | AO95: 0 | AP95: 0 | AQ95: 0 | AR95: 0 | AS95: 0 | AT95: 0 | AU95: 0 | AV95: 0 | AW95: 0 | CI95: #N/A
A96: MX | B96: ARIS | C96: CLEARWATER | D96: ASY-05922-02;A0 | E96: ASY, DN, LC, AIR BAFFL | F96: 6.27 | G96: =F96*H96 -> 0 | H96: =SUM(N96:Y96) -> 0 | I96: =ROUNDUP(H96/12,0) -> 0 | J96: =K96*F96 -> 0 | K96: =SUM(Z96:AD96) -> 0 | L96: =ROUNDUP(K96/5,0) -> 0 | M96: 0 | N96: 0 | O96: 0 | P96: 0 | Q96: 0 | R96: 0 | S96: 0 | T96: 0 | U96: 0 | V96: 0 | W96: 0 | X96: 0 | Y96: 0 | Z96: 0 | AA96: 0 | AB96: 0 | AC96: 0 | AD96: 0 | AF96: 0 | AG96: 0 | AH96: 0 | AI96: 0 | AJ96: 0 | AK96: 0 | AL96: 0 | AM96: 0 | AN96: 0 | AO96: 0 | AP96: 0 | AQ96: 0 | AR96: 0 | AS96: 0 | AT96: 0 | AU96: 0 | AV96: 0 | AW96: 0 | CI96: 150
A97: MX | B97: ARIS | C97: CLEARWATER | D97: ASY-06019-01;A2 | E97: ASY DN LC AIR BAFFLE W | F97: 2.19 | G97: =F97*H97 -> 10654.35 | H97: =SUM(N97:Y97) -> 4865 | I97: =ROUNDUP(H97/12,0) -> 406 | J97: =K97*F97 -> 6697.02 | K97: =SUM(Z97:AD97) -> 3058 | L97: =ROUNDUP(K97/5,0) -> 612 | M97: 0 | N97: 0 | O97: 0 | P97: 0 | Q97: 0 | R97: 695 | S97: 556 | T97: 695 | U97: 556 | V97: 556 | W97: 695 | X97: 556 | Y97: 556 | Z97: 695 | AA97: 556 | AB97: 556 | AC97: 695 | AD97: 556 | AF97: 0 | AG97: 0 | AH97: 0 | AI97: 0 | AJ97: 0 | AK97: 1522.05 | AL97: 1217.64 | AM97: 1522.05 | AN97: 1217.64 | AO97: 1217.64 | AP97: 1522.05 | AQ97: 1217.64 | AR97: 1217.64 | AS97: 1522.05 | AT97: 1217.64 | AU97: 1217.64 | AV97: 1522.05 | AW97: 1217.64 | BC97: X | CG97: X | CH97: X
A98: MX | B98: ARIS | C98: CLEARWATER | D98: MTL-04129-05;A1 | E98: MTL, DN,LC, TOP COVER, | F98: 10.8 | G98: =F98*H98 -> 0 | H98: =SUM(N98:Y98) -> 0 | I98: =ROUNDUP(H98/12,0) -> 0 | J98: =K98*F98 -> 0 | K98: =SUM(Z98:AD98) -> 0 | L98: =ROUNDUP(K98/5,0) -> 0 | M98: 0 | N98: 0 | O98: 0 | P98: 0 | Q98: 0 | R98: 0 | S98: 0 | T98: 0 | U98: 0 | V98: 0 | W98: 0 | X98: 0 | Y98: 0 | Z98: 0 | AA98: 0 | AB98: 0 | AC98: 0 | AD98: 0 | AF98: 0 | AG98: 0 | AH98: 0 | AI98: 0 | AJ98: 0 | AK98: 0 | AL98: 0 | AM98: 0 | AN98: 0 | AO98: 0 | AP98: 0 | AQ98: 0 | AR98: 0 | AS98: 0 | AT98: 0 | AU98: 0 | AV98: 0 | AW98: 0 | CI98: #N/A
A99: MX | B99: ARIS | C99: CLEARWATER | D99: MTL-05782-03;A0 | E99: LYT,BRKT,PDU,CUSTOM,SM | F99: 37.49 | G99: =F99*H99 -> 0 | H99: =SUM(N99:Y99) -> 0 | I99: =ROUNDUP(H99/12,0) -> 0 | J99: =K99*F99 -> 0 | K99: =SUM(Z99:AD99) -> 0 | L99: =ROUNDUP(K99/5,0) -> 0 | M99: 0 | N99: 0 | O99: 0 | P99: 0 | Q99: 0 | R99: 0 | S99: 0 | T99: 0 | U99: 0 | V99: 0 | W99: 0 | X99: 0 | Y99: 0 | Z99: 0 | AA99: 0 | AB99: 0 | AC99: 0 | AD99: 0 | AF99: 0 | AG99: 0 | AH99: 0 | AI99: 0 | AJ99: 0 | AK99: 0 | AL99: 0 | AM99: 0 | AN99: 0 | AO99: 0 | AP99: 0 | AQ99: 0 | AR99: 0 | AS99: 0 | AT99: 0 | AU99: 0 | AV99: 0 | AW99: 0 | CI99: #N/A
A100: MX | B100: ARIS | C100: DALL | D100: ASY-04979-06;B0 | E100: ASY,DN,FC,TRAY ASM,DAL | F100: 394.62 | G100: =F100*H100 -> 295965 | H100: =SUM(N100:Y100) -> 750 | I100: =ROUNDUP(H100/12,0) -> 63 | J100: =K100*F100 -> 0 | K100: =SUM(Z100:AD100) -> 0 | L100: =ROUNDUP(K100/5,0) -> 0 | M100: 100 | N100: 150 | O100: 0 | P100: 150 | Q100: 150 | R100: 150 | S100: 150 | T100: 0 | U100: 0 | V100: 0 | W100: 0 | X100: 0 | Y100: 0 | Z100: 0 | AA100: 0 | AB100: 0 | AC100: 0 | AD100: 0 | AF100: 39462 | AG100: 59193 | AH100: 0 | AI100: 59193 | AJ100: 59193 | AK100: 59193 | AL100: 59193 | AM100: 0 | AN100: 0 | AO100: 0 | AP100: 0 | AQ100: 0 | AR100: 0 | AS100: 0 | AT100: 0 | AU100: 0 | AV100: 0 | AW100: 0 | AX100: X | AY100: X | AZ100: X | BB100: X | BG100: X | BH100: X | BJ100: X | BK100: X | CG100: X | CH100: X
...

Sheet Pivot
B2: 2024
A3: Row Labels | B3: Sum of Total Revenue | C3: Sum of Total Volume | D3: Sum of Monthly Avg. Volume
A4: AFL | B4: 5042021.1 | C4: 10346 | D4: 866
A5: AMAT | B5: 62537.82 | C5: 945 | D5: 88
A6: AMPH | B6: 0 | C6: 0 | D6: 0
A7: ARIS | B7: 18800676 | C7: 166603 | D7: 13913
A8: FUJI | B8: 9995.94 | C8: 2 | D8: 1
A9: JMA | B9: 0 | C9: 0 | D9: 0
A10: S&C ELECT | B10: 0 | C10: 0 | D10: 0
A11: Grand Total | B11: 23915231 | C11: 177896 | D11: 14868

Sheet PFM NON-SELL
F1: Ensamble días por año | H1: 202 | I1: 2025 | L1: 2023 | M1: 2024 | N1: 2024 | O1: 2024 | P1: 2024 | Q1: 2024 | R1: 2024 | S1: 2024 | T1: 2024 | U1: 2024 | V1: 2024 | W1: 2024 | X1: 2024 | Y1: 2025 | Z1: 2025 | AA1: 2025 | AB1: 2025 | AC1: 2025 | AE1: 2023 | AF1: 2024 | AG1: 2024 | AH1: 2024 | AI1: 2024 | AJ1: 2024 | AK1: 2024 | AL1: 2024 | AM1: 2024 | AN1: 2024 | AO1: 2024 | AP1: 2024 | AQ1: 2024 | AR1: 2025 | AS1: 2025 | AT1: 2025 | AU1: 2025 | AV1: 2025
F2: Fabricación días por año | H2: 307 | AW2: 1 | AX2: 1 | AY2: 1 | AZ2: 1 | BA2: 1 | BB2: 1 | BC2: 1 | BD2: 1 | BE2: 1 | BF2: 1 | BI2: 1 | BJ2: 1 | BK2: 1 | BL2: 1 | BN2: 1 | BO2: 1 | BP2: 1 | BQ2: 1 | BV2: 1 | BX2: 1 | BY2: 1 | BZ2: 1 | CA2: 1 | CB2: 1 | CC2: 1 | CD2: 1 | CE2: 1 | CF2: 1 | CG2: 1 | CH2: 1 | CM2: 1 | CN2: 1 | CP2: 1 | CQ2: 1 | CR2: 1 | CS2: 1 | CT2: 1 | CU2: 1 | CV2: 1 | CW2: 1 | CX2: 1 | CY2: 1 | DO2: =SUM(AW2:DN2) -> 42
AW3: Punzonado | AY3: Corte Laser | AZ3: Estampado | BD3: Rebabeo Manual | BE3: Machueleado | BF3: Externo | BJ3: Maquinado | BK3: Rebabeo Por Vibracion | BL3: Inspeccion | BM3: Estampado Térmico | BN3: Insercion PEM | BO3: Doblado Amada | BR3: Externo | BV3: Lijado (Time saver) | BW3: Rebabeo Por Vibracion | BX3: Insercion PEM | BY3: Soldadura | CD3: Rebabeo Manual | CE3: Inspeccion | CF3: Prep Pintura (Enmascarillado) | CG3: Pintura | CI3: Estampado | CM3: Insercion PEM | CN3: Serigrafía | CO3: Subensamble | CP3: Ensamble Final | CY3: INSPECCION | CZ3: Ensamble Final | DO3: TOTAL PROCESOS (38)
F4: 2024 | AW4: Torreta | AX4: Combo | AZ4: 110 | BA4: 200 | BB4: 250 | BC4: 300 | BO4: BRK | BP4: ATC | BQ4: RG | BY4: Perno | BZ4: MicroAlam | CA4: Punto | CB4: TIG | CC4: Robot | CG4: PNT | CH4: SEMI | CI4: 110 | CJ4: 200 | CK4: 250 | CL4: 300 | CO4: Empty | CP4: Amphenol | CQ4: Arista | CR4: Friedrich | CS4: Hyperscale | CT4: Linecards | CU4: Sanmina | CV4: AFL ASCN | CW4: AFL NO/ASCND | CX4: Otros Ensam | CZ4: 335 - 224 | DA4: 223 - 156 | DB4: 155 - 124 | DC4: 123 - 98 | DD4: 97 - 70 | DE4: 69 - 49 | DF4: 48 - 35 | DG4: 34 - 23 | DH4: 22 - 15 | DI4: 14 - 10 | DJ4: '9 - 6 | DK4: ´5 - 3 | DL4: 2 - 0.25 | DO4: # Procesos | DP4: Total Work Content
A5: Cust. Code | B5: Program | C5: Part Number | D5: Description | E5: Price | F5: Total Revenue | G5: Total Volume | H5: Monthly Avg. Volume | I5: Total Revenue | J5: Total Volume | K5: Monthly Avg. Volume | L5: 12 | M5: 1 | N5: 2 | O5: 3 | P5: 4 | Q5: 5 | R5: 6 | S5: 7 | T5: 8 | U5: 9 | V5: 10 | W5: 11 | X5: 12 | Y5: 1 | Z5: 2 | AA5: 3 | AB5: 4 | AC5: 5 | AD5: x | AE5: 12 | AF5: 1 | AG5: 2 | AH5: 3 | AI5: 4 | AJ5: 5 | AK5: 6 | AL5: 7 | AM5: 8 | AN5: 9 | AO5: 10 | AP5: 11 | AQ5: 12 | AR5: 1 | AS5: 2 | AT5: 3 | AU5: 4 | AV5: 5 | AW5: 3 | AX5: 2 | AY5: 1 | AZ5: 2 | BA5: 1 | BB5: 6 | BC5: 3 | BD5: 1 | BE5: 1 | BF5: Pintura | BG5: Platinado | BH5: Maquinado | BI5: Pasivado | BJ5: 1 | BK5: 1 | BN5: 1 | BO5: 7 | BP5: 1 | BQ5: 3 | BR5: Pintura | BS5: Platinado | BT5: Maquinado | BU5: Pasivado | BV5: 1 | BX5: 1 | BY5: ? | BZ5: ? | CA5: ? | CB5: ? | CC5: ? | CF5: ? | CG5: 1 | CH5: 1 | CN5: 1
A6: AFL | B6: AFL HYPER | C6: HCF-48U-ODF-003;5 | D6: 48U ODF WITH SPLICE CA | E6: 3298.43 | F6: =E6*G6 -> 946649.41 | G6: =SUM(M6:X6) -> 287 | H6: =ROUNDUP(G6/12,0) -> 24 | I6: =J6*E6 -> 0 | J6: =SUM(Y6:AC6) -> 0 | K6: =ROUNDUP(J6/5,0) -> 0 | L6: 0 | M6: 0 | N6: 0 | O6: 28 | P6: 28 | Q6: 35 | R6: 28 | S6: 35 | T6: 28 | U6: 28 | V6: 35 | W6: 28 | X6: 14 | Y6: 0 | Z6: 0 | AA6: 0 | AB6: 0 | AC6: 0 | AE6: 0 | AF6: 0 | AG6: 0 | AH6: 92356.04 | AI6: 92356.04 | AJ6: 115445.05 | AK6: 92356.04 | AL6: 115445.05 | AM6: 92356.04 | AN6: 92356.04 | AO6: 115445.05 | AP6: 92356.04 | AQ6: 46178.02 | AR6: 0 | AS6: 0 | AT6: 0 | AU6: 0 | AV6: 0 | AW6: =IF('PFM NON-SELL (Draft Layers)'!AW6="X","X"," ") -> X | AX6: =IF('PFM NON-SELL (Draft Layers)'!AX6="X","X"," ") -> X | AY6: =IF('PFM NON-SELL (Draft Layers)'!AY6="X","X"," ") -> X | AZ6: =IF('PFM NON-SELL (Draft Layers)'!AZ6="X","X"," ") | BA6: =IF('PFM NON-SELL (Draft Layers)'!BA6="X","X"," ") | BB6: =IF('PFM NON-SELL (Draft Layers)'!BB6="X","X"," ") | BC6: =IF('PFM NON-SELL (Draft Layers)'!BC6="X","X"," ") | BD6: =IF('PFM NON-SELL (Draft Layers)'!BD6="X","X"," ") | ... BK6: =IF('PFM NON-SELL (Draft Layers)'!BK6="X","X"," ") | BL6: =IF('PFM NON-SELL (Draft Layers)'!BM6="X","X"," ") -> X | BM6: =IF('PFM NON-SELL (Draft Layers)'!BN6="X","X"," ") | BN6: =IF('PFM NON-SELL (Draft Layers)'!BO6="X","X"," ") | BO6: =IF('PFM NON-SELL (Draft Layers)'!BP6="X","X"," ") -> X | BP6: =IF('PFM NON-SELL (Draft Layers)'!BQ6="X","X"," ") | BQ6: =IF('PFM NON-SELL (Draft Layers)'!BR6="X","X"," ") -> X | BR6: =IF('PFM NON-SELL (Draft Layers)'!BS6="X","X"," ") -> X | BS6: =IF('PFM NON-SELL (Draft Layers)'!BT6="X","X"," ") -> X | ... BV6: =IF('PFM NON-SELL (Draft Layers)'!BW6="X","X"," ") | BW6: =IF('PFM NON-SELL (Draft Layers)'!BY6="X","X"," ") | BX6: =IF('PFM NON-SELL (Draft Layers)'!BZ6="X","X"," ") -> X | BY6: =IF('PFM NON-SELL (Draft Layers)'!CA6="X","X"," ") | BZ6: =IF('PFM NON-SELL (Draft Layers)'!CB6="X","X"," ") -> X | CA6: =IF('PFM NON-SELL (Draft Layers)'!CC6="X","X"," ") -> X | CB6: =IF('PFM NON-SELL (Draft Layers)'!CD6="X","X"," ") -> X | CC6: =IF('PFM NON-SELL (Draft Layers)'!CE6="X","X"," ") | CD6: =IF('PFM NON-SELL (Draft Layers)'!CF6="X","X"," ") -> X | ... CH6: =IF('PFM NON-SELL (Draft Layers)'!CJ6="X","X"," ") | CI6: =IF('PFM NON-SELL (Draft Layers)'!CN6="X","X"," ") | CJ6: =IF('PFM NON-SELL (Draft Layers)'!CO6="X","X"," ") | CK6: =IF('PFM NON-SELL (Draft Layers)'!CP6="X","X"," ") | CL6: =IF('PFM NON-SELL (Draft Layers)'!CQ6="X","X"," ") | CM6: =IF('PFM NON-SELL (Draft Layers)'!CV6="X","X"," ") | CN6: =IF('PFM NON-SELL (Draft Layers)'!CW6="X","X"," ") -> X | CO6: =IF('PFM NON-SELL (Draft Layers)'!CX6="X","X"," ") | CP6: =IF('PFM NON-SELL (Draft Layers)'!CY6="X","X"," ") | CQ6: =IF('PFM NON-SELL (Draft Layers)'!CZ6="X","X"," ") | CR6: =IF('PFM NON-SELL (Draft Layers)'!DA6="X","X"," ") | CS6: =IF('PFM NON-SELL (Draft Layers)'!DB6="X","X"," ") -> X | CT6: =IF('PFM NON-SELL (Draft Layers)'!DC6="X","X"," ") | ... CY6: =IF('PFM NON-SELL (Draft Layers)'!DH6="X","X"," ") -> X | DO6: =COUNTIF(AW6:DN6,"x") -> 22
A7: AFL | B7: AFL HYPER | C7: HCF-48U-SPL-001;6 | D7: 48U ODF - SIDE PANEL K | E7: 640.07 | F7: =E7*G7 -> 312994.23 | G7: =SUM(M7:X7) -> 489 | H7: =ROUNDUP(G7/12,0) -> 41 | I7: =J7*E7 -> 179219.6 | J7: =SUM(Y7:AC7) -> 280 | K7: =ROUNDUP(J7/5,0) -> 56 | L7: 8 | M7: 5 | N7: 0 | O7: 60 | P7: 80 | Q7: 80 | R7: 64 | S7: 60 | T7: 40 | U7: 40 | V7: 0 | W7: 0 | X7: 60 | Y7: 80 | Z7: 60 | AA7: 60 | AB7: 40 | AC7: 40 | AE7: 5120.56 | AF7: 3200.35 | AG7: 0 | AH7: 38404.2 | AI7: 51205.6 | AJ7: 51205.6 | AK7: 40964.48 | AL7: 38404.2 | AM7: 25602.8 | AN7: 25602.8 | AO7: 0 | AP7: 0 | AQ7: 38404.2 | AR7: 51205.6 | AS7: 38404.2 | AT7: 38404.2 | AU7: 25602.8 | AV7: 25602.8 | AW7: =IF('PFM NON-SELL (Draft Layers)'!AW7="X","X"," ") | AX7: =IF('PFM NON-SELL (Draft Layers)'!AX7="X","X"," ") -> X | AY7: =IF('PFM NON-SELL (Draft Layers)'!AY7="X","X"," ") | AZ7: =IF('PFM NON-SELL (Draft Layers)'!AZ7="X","X"," ") | BA7: =IF('PFM NON-SELL (Draft Layers)'!BA7="X","X"," ") | BB7: =IF('PFM NON-SELL (Draft Layers)'!BB7="X","X"," ") | BC7: =IF('PFM NON-SELL (Draft Layers)'!BC7="X","X"," ") | BD7: =IF('PFM NON-SELL (Draft Layers)'!BD7="X","X"," ") | ... BK7: =IF('PFM NON-SELL (Draft Layers)'!BK7="X","X"," ") | BL7: =IF('PFM NON-SELL (Draft Layers)'!BM7="X","X"," ") | BM7: =IF('PFM NON-SELL (Draft Layers)'!BN7="X","X"," ") | BN7: =IF('PFM NON-SELL (Draft Layers)'!BO7="X","X"," ") | BO7: =IF('PFM NON-SELL (Draft Layers)'!BP7="X","X"," ") -> X | BP7: =IF('PFM NON-SELL (Draft Layers)'!BQ7="X","X"," ") | BQ7: =IF('PFM NON-SELL (Draft Layers)'!BR7="X","X"," ") | BR7: =IF('PFM NON-SELL (Draft Layers)'!BS7="X","X"," ") | BS7: =IF('PFM NON-SELL (Draft Layers)'!BT7="X","X"," ") | ... BV7: =IF('PFM NON-SELL (Draft Layers)'!BW7="X","X"," ") | BW7: =IF('PFM NON-SELL (Draft Layers)'!BY7="X","X"," ") | BX7: =IF('PFM NON-SELL (Draft Layers)'!BZ7="X","X"," ") -> X | BY7: =IF('PFM NON-SELL (Draft Layers)'!CA7="X","X"," ") | BZ7: =IF('PFM NON-SELL (Draft Layers)'!CB7="X","X"," ") | CA7: =IF('PFM NON-SELL (Draft Layers)'!CC7="X","X"," ") | CB7: =IF('PFM NON-SELL (Draft Layers)'!CD7="X","X"," ") | CC7: =IF('PFM NON-SELL (Draft Layers)'!CE7="X","X"," ") | CD7: =IF('PFM NON-SELL (Draft Layers)'!CF7="X","X"," ") | ... CH7: =IF('PFM NON-SELL (Draft Layers)'!CJ7="X","X"," ") | CI7: =IF('PFM NON-SELL (Draft Layers)'!CN7="X","X"," ") | CJ7: =IF('PFM NON-SELL (Draft Layers)'!CO7="X","X"," ") | CK7: =IF('PFM NON-SELL (Draft Layers)'!CP7="X","X"," ") | CL7: =IF('PFM NON-SELL (Draft Layers)'!CQ7="X","X"," ") | CM7: =IF('PFM NON-SELL (Draft Layers)'!CV7="X","X"," ") | CN7: =IF('PFM NON-SELL (Draft Layers)'!CW7="X","X"," ") | CO7: =IF('PFM NON-SELL (Draft Layers)'!CX7="X","X"," ") | CP7: =IF('PFM NON-SELL (Draft Layers)'!CY7="X","X"," ") | CQ7: =IF('PFM NON-SELL (Draft Layers)'!CZ7="X","X"," ") | CR7: =IF('PFM NON-SELL (Draft Layers)'!DA7="X","X"," ") | CS7: =IF('PFM NON-SELL (Draft Layers)'!DB7="X","X"," ") -> X | CT7: =IF('PFM NON-SELL (Draft Layers)'!DC7="X","X"," ") | ... CY7: =IF('PFM NON-SELL (Draft Layers)'!DH7="X","X"," ") -> X | DO7: =COUNTIF(AW7:DN7,"x") -> 8
A8: AFL | B8: ASCEND | C8: ASCND-1RU-12RT;23 | D8: 1RU BASE 12 RT ASCEND | E8: 255.84 | F8: =E8*G8 -> 174482.88 | G8: =SUM(M8:X8) -> 682 | H8: =ROUNDUP(G8/12,0) -> 57 | I8: =J8*E8 -> 326451.84 | J8: =SUM(Y8:AC8) -> 1276 | K8: =ROUNDUP(J8/5,0) -> 256 | L8: 200 | M8: 100 | N8: 0 | O8: 50 | P8: 100 | Q8: 0 | R8: 0 | S8: 100 | T8: 0 | U8: 0 | V8: 0 | W8: 100 | X8: 232 | Y8: 290 | Z8: 232 | AA8: 232 | AB8: 290 | AC8: 232 | AE8: 51168 | AF8: 25584 | AG8: 0 | AH8: 12792 | AI8: 25584 | AJ8: 0 | AK8: 0 | AL8: 25584 | AM8: 0 | AN8: 0 | AO8: 0 | AP8: 25584 | AQ8: 59354.88 | AR8: 74193.6 | AS8: 59354.88 | AT8: 59354.88 | AU8: 74193.6 | AV8: 59354.88 | AW8: =IF('PFM NON-SELL (Draft Layers)'!AW15="X","X"," ") -> X | AX8: =IF('PFM NON-SELL (Draft Layers)'!AX15="X","X"," ") -> X | AY8: =IF('PFM NON-SELL (Draft Layers)'!AY15="X","X"," ") | AZ8: =IF('PFM NON-SELL (Draft Layers)'!AZ15="X","X"," ") | BA8: =IF('PFM NON-SELL (Draft Layers)'!BA15="X","X"," ") -> X | BB8: =IF('PFM NON-SELL (Draft Layers)'!BB15="X","X"," ") -> X | BC8: =IF('PFM NON-SELL (Draft Layers)'!BC15="X","X"," ") | BD8: =IF('PFM NON-SELL (Draft Layers)'!BD15="X","X"," ") | ... BK8: =IF('PFM NON-SELL (Draft Layers)'!BK15="X","X"," ") | BL8: =IF('PFM NON-SELL (Draft Layers)'!BM15="X","X"," ") | BM8: =IF('PFM NON-SELL (Draft Layers)'!BN15="X","X"," ") | BN8: =IF('PFM NON-SELL (Draft Layers)'!BO15="X","X"," ") -> X | BO8: =IF('PFM NON-SELL (Draft Layers)'!BP15="X","X"," ") -> X | BP8: =IF('PFM NON-SELL (Draft Layers)'!BQ15="X","X"," ") | BQ8: =IF('PFM NON-SELL (Draft Layers)'!BR15="X","X"," ") | BR8: =IF('PFM NON-SELL (Draft Layers)'!BS15="X","X"," ") | BS8: =IF('PFM NON-SELL (Draft Layers)'!BT15="X","X"," ") | ... BV8: =IF('PFM NON-SELL (Draft Layers)'!BW15="X","X"," ") | BW8: =IF('PFM NON-SELL (Draft Layers)'!BY15="X","X"," ") | BX8: =IF('PFM NON-SELL (Draft Layers)'!BZ15="X","X"," ") -> X | BY8: =IF('PFM NON-SELL (Draft Layers)'!CA15="X","X"," ") | BZ8: =IF('PFM NON-SELL (Draft Layers)'!CB15="X","X"," ") | CA8: =IF('PFM NON-SELL (Draft Layers)'!CC15="X","X"," ") | CB8: =IF('PFM NON-SELL (Draft Layers)'!CD15="X","X"," ") | CC8: =IF('PFM NON-SELL (Draft Layers)'!CE15="X","X"," ") | CD8: =IF('PFM NON-SELL (Draft Layers)'!CF15="X","X"," ") | ... CH8: =IF('PFM NON-SELL (Draft Layers)'!CJ15="X","X"," ") | CI8: =IF('PFM NON-SELL (Draft Layers)'!CN15="X","X"," ") | CJ8: =IF('PFM NON-SELL (Draft Layers)'!CO15="X","X"," ") | CK8: =IF('PFM NON-SELL (Draft Layers)'!CP15="X","X"," ") | CL8: =IF('PFM NON-SELL (Draft Layers)'!CQ15="X","X"," ") | CM8: =IF('PFM NON-SELL (Draft Layers)'!CV15="X","X"," ") | CN8: =IF('PFM NON-SELL (Draft Layers)'!CW15="X","X"," ") -> X | CO8: =IF('PFM NON-SELL (Draft Layers)'!CX15="X","X"," ") -> X | CP8: =IF('PFM NON-SELL (Draft Layers)'!CY15="X","X"," ") | CQ8: =IF('PFM NON-SELL (Draft Layers)'!CZ15="X","X"," ") | CR8: =IF('PFM NON-SELL (Draft Layers)'!DA15="X","X"," ") | CS8: =IF('PFM NON-SELL (Draft Layers)'!DB15="X","X"," ") | CT8: =IF('PFM NON-SELL (Draft Layers)'!DC15="X","X"," ") | ... CY8: =IF('PFM NON-SELL (Draft Layers)'!DH15="X","X"," ") -> X | DO8: =COUNTIF(AW8:DN8,"x") -> 13
A9: AFL | B9: Ascend | C9: ASCND-1RU-8RT;23 | D9: 1RU-8RT ASCEND ASSY | E9: 269.11 | F9: =E9*G9 -> 309476.5 | G9: =SUM(M9:X9) -> 1150 | H9: =ROUNDUP(G9/12,0) -> 96 | I9: =J9*E9 -> 0 | J9: =SUM(Y9:AC9) -> 0 | K9: =ROUNDUP(J9/5,0) -> 0 | L9: 0 | M9: 0 | N9: 0 | O9: 100 | P9: 100 | Q9: 200 | R9: 300 | S9: 0 | T9: 150 | U9: 100 | V9: 0 | W9: 200 | X9: 0 | Y9: 0 | Z9: 0 | AA9: 0 | AB9: 0 | AC9: 0 | AE9: 0 | AF9: 0 | AG9: 0 | AH9: 26911 | AI9: 26911 | AJ9: 53822 | AK9: 80733 | AL9: 0 | AM9: 40366.5 | AN9: 26911 | AO9: 0 | AP9: 53822 | AQ9: 0 | AR9: 0 | AS9: 0 | AT9: 0 | AU9: 0 | AV9: 0 | AW9: =IF('PFM NON-SELL (Draft Layers)'!AW29="X","X"," ") | AX9: =IF('PFM NON-SELL (Draft Layers)'!AX29="X","X"," ") | AY9: =IF('PFM NON-SELL (Draft Layers)'!AY29="X","X"," ") | AZ9: =IF('PFM NON-SELL (Draft Layers)'!AZ29="X","X"," ") | BA9: =IF('PFM NON-SELL (Draft Layers)'!BA29="X","X"," ") | BB9: =IF('PFM NON-SELL (Draft Layers)'!BB29="X","X"," ") -> X | BC9: =IF('PFM NON-SELL (Draft Layers)'!BC29="X","X"," ") | BD9: =IF('PFM NON-SELL (Draft Layers)'!BD29="X","X"," ") -> X | ... BK9: =IF('PFM NON-SELL (Draft Layers)'!BK29="X","X"," ") | BL9: =IF('PFM NON-SELL (Draft Layers)'!BM29="X","X"," ") -> X | BM9: =IF('PFM NON-SELL (Draft Layers)'!BN29="X","X"," ") -> X | BN9: =IF('PFM NON-SELL (Draft Layers)'!BO29="X","X"," ") | BO9: =IF('PFM NON-SELL (Draft Layers)'!BP29="X","X"," ") | BP9: =IF('PFM NON-SELL (Draft Layers)'!BQ29="X","X"," ") | BQ9: =IF('PFM NON-SELL (Draft Layers)'!BR29="X","X"," ") | BR9: =IF('PFM NON-SELL (Draft Layers)'!BS29="X","X"," ") | BS9: =IF('PFM NON-SELL (Draft Layers)'!BT29="X","X"," ") | ... BV9: =IF('PFM NON-SELL (Draft Layers)'!BW29="X","X"," ") | BW9: =IF('PFM NON-SELL (Draft Layers)'!BY29="X","X"," ") | BX9: =IF('PFM NON-SELL (Draft Layers)'!BZ29="X","X"," ") | BY9: =IF('PFM NON-SELL (Draft Layers)'!CA29="X","X"," ") | BZ9: =IF('PFM NON-SELL (Draft Layers)'!CB29="X","X"," ") | CA9: =IF('PFM NON-SELL (Draft Layers)'!CC29="X","X"," ") | CB9: =IF('PFM NON-SELL (Draft Layers)'!CD29="X","X"," ") | CC9: =IF('PFM NON-SELL (Draft Layers)'!CE29="X","X"," ") | CD9: =IF('PFM NON-SELL (Draft Layers)'!CF29="X","X"," ") | ... CH9: =IF('PFM NON-SELL (Draft Layers)'!CJ29="X","X"," ") | CI9: =IF('PFM NON-SELL (Draft Layers)'!CN29="X","X"," ") | CJ9: =IF('PFM NON-SELL (Draft Layers)'!CO29="X","X"," ") | CK9: =IF('PFM NON-SELL (Draft Layers)'!CP29="X","X"," ") | CL9: =IF('PFM NON-SELL (Draft Layers)'!CQ29="X","X"," ") | CM9: =IF('PFM NON-SELL (Draft Layers)'!CV29="X","X"," ") | CN9: =IF('PFM NON-SELL (Draft Layers)'!CW29="X","X"," ") | CO9: =IF('PFM NON-SELL (Draft Layers)'!CX29="X","X"," ") | CP9: =IF('PFM NON-SELL (Draft Layers)'!CY29="X","X"," ") | CQ9: =IF('PFM NON-SELL (Draft Layers)'!CZ29="X","X"," ") | CR9: =IF('PFM NON-SELL (Draft Layers)'!DA29="X","X"," ") | CS9: =IF('PFM NON-SELL (Draft Layers)'!DB29="X","X"," ") | CT9: =IF('PFM NON-SELL (Draft Layers)'!DC29="X","X"," ") | ... CY9: =IF('PFM NON-SELL (Draft Layers)'!DH29="X","X"," ") -> X | DO9: =COUNTIF(AW9:DN9,"x") -> 7
A10: AFL | B10: ASCEND | C10: ASCND-2RU-12RT;23 | D10: 2RU BASE 12 RAMP ASCEN | E10: 285.58 | F10: =E10*G10 -> 799624 | G10: =SUM(M10:X10) -> 2800 | H10: =ROUNDUP(G10/12,0) -> 234 | I10: =J10*E10 -> 628276 | J10: =SUM(Y10:AC10) -> 2200 | K10: =ROUNDUP(J10/5,0) -> 440 | L10: 0 | M10: 400 | N10: 0 | O10: 400 | P10: 200 | Q10: 100 | R10: 0 | S10: 200 | T10: 0 | U10: 200 | V10: 500 | W10: 400 | X10: 400 | Y10: 500 | Z10: 400 | AA10: 400 | AB10: 500 | AC10: 400 | AE10: 0 | AF10: 114232 | AG10: 0 | AH10: 114232 | AI10: 57116 | AJ10: 28558 | AK10: 0 | AL10: 57116 | AM10: 0 | AN10: 57116 | AO10: 142790 | AP10: 114232 | AQ10: 114232 | AR10: 142790 | AS10: 114232 | AT10: 114232 | AU10: 142790 | AV10: 114232 | AW10: =IF('PFM NON-SELL (Draft Layers)'!AW40="X","X"," ") -> X | AX10: =IF('PFM NON-SELL (Draft Layers)'!AX40="X","X"," ") -> X | AY10: =IF('PFM NON-SELL (Draft Layers)'!AY40="X","X"," ") | AZ10: =IF('PFM NON-SELL (Draft Layers)'!AZ40="X","X"," ") | BA10: =IF('PFM NON-SELL (Draft Layers)'!BA40="X","X"," ") | BB10: =IF('PFM NON-SELL (Draft Layers)'!BB40="X","X"," ") | BC10: =IF('PFM NON-SELL (Draft Layers)'!BC40="X","X"," ") | BD10: =IF('PFM NON-SELL (Draft Layers)'!BD40="X","X"," ") | ... BK10: =IF('PFM NON-SELL (Draft Layers)'!BK40="X","X"," ") | BL10: =IF('PFM NON-SELL (Draft Layers)'!BM40="X","X"," ") | BM10: =IF('PFM NON-SELL (Draft Layers)'!BN40="X","X"," ") | BN10: =IF('PFM NON-SELL (Draft Layers)'!BO40="X","X"," ") -> X | BO10: =IF('PFM NON-SELL (Draft Layers)'!BP40="X","X"," ") -> X | BP10: =IF('PFM NON-SELL (Draft Layers)'!BQ40="X","X"," ") | BQ10: =IF('PFM NON-SELL (Draft Layers)'!BR40="X","X"," ") | BR10: =IF('PFM NON-SELL (Draft Layers)'!BS40="X","X"," ") | BS10: =IF('PFM NON-SELL (Draft Layers)'!BT40="X","X"," ") | ... BV10: =IF('PFM NON-SELL (Draft Layers)'!BW40="X","X"," ") -> X | BW10: =IF('PFM NON-SELL (Draft Layers)'!BY40="X","X"," ") | BX10: =IF('PFM NON-SELL (Draft Layers)'!BZ40="X","X"," ") -> X | BY10: =IF('PFM NON-SELL (Draft Layers)'!CA40="X","X"," ") | BZ10: =IF('PFM NON-SELL (Draft Layers)'!CB40="X","X"," ") | CA10: =IF('PFM NON-SELL (Draft Layers)'!CC40="X","X"," ") | CB10: =IF('PFM NON-SELL (Draft Layers)'!CD40="X","X"," ") | CC10: =IF('PFM NON-SELL (Draft Layers)'!CE40="X","X"," ") | CD10: =IF('PFM NON-SELL (Draft Layers)'!CF40="X","X"," ") -> X | ... CH10: =IF('PFM NON-SELL (Draft Layers)'!CJ40="X","X"," ") | CI10: =IF('PFM NON-SELL (Draft Layers)'!CN40="X","X"," ") | CJ10: =IF('PFM NON-SELL (Draft Layers)'!CO40="X","X"," ") | CK10: =IF('PFM NON-SELL (Draft Layers)'!CP40="X","X"," ") | CL10: =IF('PFM NON-SELL (Draft Layers)'!CQ40="X","X"," ") | CM10: =IF('PFM NON-SELL (Draft Layers)'!CV40="X","X"," ") | CN10: =IF('PFM NON-SELL (Draft Layers)'!CW40="X","X"," ") -> X | CO10: =IF('PFM NON-SELL (Draft Layers)'!CX40="X","X"," ") | CP10: =IF('PFM NON-SELL (Draft Layers)'!CY40="X","X"," ") | CQ10: =IF('PFM NON-SELL (Draft Layers)'!CZ40="X","X"," ") | CR10: =IF('PFM NON-SELL (Draft Layers)'!DA40="X","X"," ") | CS10: =IF('PFM NON-SELL (Draft Layers)'!DB40="X","X"," ") | CT10: =IF('PFM NON-SELL (Draft Layers)'!DC40="X","X"," ") | ... CY10: =IF('PFM NON-SELL (Draft Layers)'!DH40="X","X"," ") -> X | DO10: =COUNTIF(AW10:DN10,"x") -> 12
A11: AFL | B11: ASCEND | C11: ASCND-2RU-8RT;23 | D11: 2RU BASE 8 RAMP ASCEND | E11: 348.86 | F11: =E11*G11 -> 453518 | G11: =SUM(M11:X11) -> 1300 | H11: =ROUNDUP(G11/12,0) -> 109 | I11: =J11*E11 -> 34886 | J11: =SUM(Y11:AC11) -> 100 | K11: =ROUNDUP(J11/5,0) -> 20 | L11: 0 | M11: 0 | N11: 0 | O11: 100 | P11: 200 | Q11: 250 | R11: 200 | S11: 0 | T11: 250 | U11: 200 | V11: 100 | W11: 0 | X11: 0 | Y11: 100 | Z11: 0 | AA11: 0 | AB11: 0 | AC11: 0 | AE11: 0 | AF11: 0 | AG11: 0 | AH11: 34886 | AI11: 69772 | AJ11: 87215 | AK11: 69772 | AL11: 0 | AM11: 87215 | AN11: 69772 | AO11: 34886 | AP11: 0 | AQ11: 0 | AR11: 34886 | AS11: 0 | AT11: 0 | AU11: 0 | AV11: 0 | AW11: =IF('PFM NON-SELL (Draft Layers)'!AW52="X","X"," ") | AX11: =IF('PFM NON-SELL (Draft Layers)'!AX52="X","X"," ") | AY11: =IF('PFM NON-SELL (Draft Layers)'!AY52="X","X"," ") | AZ11: =IF('PFM NON-SELL (Draft Layers)'!AZ52="X","X"," ") | BA11: =IF('PFM NON-SELL (Draft Layers)'!BA52="X","X"," ") | BB11: =IF('PFM NON-SELL (Draft Layers)'!BB52="X","X"," ") -> X | BC11: =IF('PFM NON-SELL (Draft Layers)'!BC52="X","X"," ") | BD11: =IF('PFM NON-SELL (Draft Layers)'!BD52="X","X"," ") -> X | ... BK11: =IF('PFM NON-SELL (Draft Layers)'!BK52="X","X"," ") | BL11: =IF('PFM NON-SELL (Draft Layers)'!BM52="X","X"," ") -> X | BM11: =IF('PFM NON-SELL (Draft Layers)'!BN52="X","X"," ") -> X | BN11: =IF('PFM NON-SELL (Draft Layers)'!BO52="X","X"," ") | BO11: =IF('PFM NON-SELL (Draft Layers)'!BP52="X","X"," ") | BP11: =IF('PFM NON-SELL (Draft Layers)'!BQ52="X","X"," ") | BQ11: =IF('PFM NON-SELL (Draft Layers)'!BR52="X","X"," ") | BR11: =IF('PFM NON-SELL (Draft Layers)'!BS52="X","X"," ") | BS11: =IF('PFM NON-SELL (Draft Layers)'!BT52="X","X"," ") | ... BV11: =IF('PFM NON-SELL (Draft Layers)'!BW52="X","X"," ") | BW11: =IF('PFM NON-SELL (Draft Layers)'!BY52="X","X"," ") | BX11: =IF('PFM NON-SELL (Draft Layers)'!BZ52="X","X"," ") | BY11: =IF('PFM NON-SELL (Draft Layers)'!CA52="X","X"," ") | BZ11: =IF('PFM NON-SELL (Draft Layers)'!CB52="X","X"," ") | CA11: =IF('PFM NON-SELL (Draft Layers)'!CC52="X","X"," ") | CB11: =IF('PFM NON-SELL (Draft Layers)'!CD52="X","X"," ") | CC11: =IF('PFM NON-SELL (Draft Layers)'!CE52="X","X"," ") | CD11: =IF('PFM NON-SELL (Draft Layers)'!CF52="X","X"," ") | ... CH11: =IF('PFM NON-SELL (Draft Layers)'!CJ52="X","X"," ") | CI11: =IF('PFM NON-SELL (Draft Layers)'!CN52="X","X"," ") | CJ11: =IF('PFM NON-SELL (Draft Layers)'!CO52="X","X"," ") | CK11: =IF('PFM NON-SELL (Draft Layers)'!CP52="X","X"," ") | CL11: =IF('PFM NON-SELL (Draft Layers)'!CQ52="X","X"," ") | CM11: =IF('PFM NON-SELL (Draft Layers)'!CV52="X","X"," ") | CN11: =IF('PFM NON-SELL (Draft Layers)'!CW52="X","X"," ") -> X | CO11: =IF('PFM NON-SELL (Draft Layers)'!CX52="X","X"," ") | CP11: =IF('PFM NON-SELL (Draft Layers)'!CY52="X","X"," ") | CQ11: =IF('PFM NON-SELL (Draft Layers)'!CZ52="X","X"," ") | CR11: =IF('PFM NON-SELL (Draft Layers)'!DA52="X","X"," ") | CS11: =IF('PFM NON-SELL (Draft Layers)'!DB52="X","X"," ") | CT11: =IF('PFM NON-SELL (Draft Layers)'!DC52="X","X"," ") | ... CY11: =IF('PFM NON-SELL (Draft Layers)'!DH52="X","X"," ") | DO11: =COUNTIF(AW11:DN11,"x") -> 7
A12: AFL | B12: Ascend | C12: ASCND-4RU-12RT;23 | D12: 4RU-12RT ASCEND ASSY | E12: 471.95 | F12: =E12*G12 -> 1461157.2 | G12: =SUM(M12:X12) -> 3096 | H12: =ROUNDUP(G12/12,0) -> 258 | I12: =J12*E12 -> 1040177.8 | J12: =SUM(Y12:AC12) -> 2204 | K12: =ROUNDUP(J12/5,0) -> 441 | L12: 150 | M12: 350 | N12: 0 | O12: 0 | P12: 200 | Q12: 250 | R12: 100 | S12: 300 | T12: 200 | U12: 448 | V12: 400 | W12: 400 | X12: 448 | Y12: 300 | Z12: 448 | AA12: 448 | AB12: 560 | AC12: 448 | AE12: 65340 | AF12: 159182.5 | AG12: 0 | AH12: 0 | AI12: 94390 | AJ12: 117987.5 | AK12: 47195 | AL12: 141585 | AM12: 94390 | AN12: 211433.6 | AO12: 188780 | AP12: 188780 | AQ12: 211433.6 | AR12: 141585 | AS12: 211433.6 | AT12: 211433.6 | AU12: 264292 | AV12: 211433.6 | AW12: =IF('PFM NON-SELL (Draft Layers)'!AW60="X","X"," ") -> X | AX12: =IF('PFM NON-SELL (Draft Layers)'!AX60="X","X"," ") -> X | AY12: =IF('PFM NON-SELL (Draft Layers)'!AY60="X","X"," ") | AZ12: =IF('PFM NON-SELL (Draft Layers)'!AZ60="X","X"," ") | BA12: =IF('PFM NON-SELL (Draft Layers)'!BA60="X","X"," ") | BB12: =IF('PFM NON-SELL (Draft Layers)'!BB60="X","X"," ") -> X | BC12: =IF('PFM NON-SELL (Draft Layers)'!BC60="X","X"," ") | BD12: =IF('PFM NON-SELL (Draft Layers)'!BD60="X","X"," ") -> X | ... BK12: =IF('PFM NON-SELL (Draft Layers)'!BK60="X","X"," ") | BL12: =IF('PFM NON-SELL (Draft Layers)'!BM60="X","X"," ") -> X | BM12: =IF('PFM NON-SELL (Draft Layers)'!BN60="X","X"," ") -> X | BN12: =IF('PFM NON-SELL (Draft Layers)'!BO60="X","X"," ") | BO12: =IF('PFM NON-SELL (Draft Layers)'!BP60="X","X"," ") -> X | BP12: =IF('PFM NON-SELL (Draft Layers)'!BQ60="X","X"," ") | BQ12: =IF('PFM NON-SELL (Draft Layers)'!BR60="X","X"," ") | BR12: =IF('PFM NON-SELL (Draft Layers)'!BS60="X","X"," ") | BS12: =IF('PFM NON-SELL (Draft Layers)'!BT60="X","X"," ") | ... BV12: =IF('PFM NON-SELL (Draft Layers)'!BW60="X","X"," ") -> X | BW12: =IF('PFM NON-SELL (Draft Layers)'!BY60="X","X"," ") | BX12: =IF('PFM NON-SELL (Draft Layers)'!BZ60="X","X"," ") -> X | BY12: =IF('PFM NON-SELL (Draft Layers)'!CA60="X","X"," ") | BZ12: =IF('PFM NON-SELL (Draft Layers)'!CB60="X","X"," ") | CA12: =IF('PFM NON-SELL (Draft Layers)'!CC60="X","X"," ") | CB12: =IF('PFM NON-SELL (Draft Layers)'!CD60="X","X"," ") | CC12: =IF('PFM NON-SELL (Draft Layers)'!CE60="X","X"," ") | CD12: =IF('PFM NON-SELL (Draft Layers)'!CF60="X","X"," ") | ... CH12: =IF('PFM NON-SELL (Draft Layers)'!CJ60="X","X"," ") | CI12: =IF('PFM NON-SELL (Draft Layers)'!CN60="X","X"," ") | CJ12: =IF('PFM NON-SELL (Draft Layers)'!CO60="X","X"," ") | CK12: =IF('PFM NON-SELL (Draft Layers)'!CP60="X","X"," ") | CL12: =IF('PFM NON-SELL (Draft Layers)'!CQ60="X","X"," ") | CM12: =IF('PFM NON-SELL (Draft Layers)'!CV60="X","X"," ") | CN12: =IF('PFM NON-SELL (Draft Layers)'!CW60="X","X"," ") -> X | CO12: =IF('PFM NON-SELL (Draft Layers)'!CX60="X","X"," ") | CP12: =IF('PFM NON-SELL (Draft Layers)'!CY60="X","X"," ") | CQ12: =IF('PFM NON-SELL (Draft Layers)'!CZ60="X","X"," ") | CR12: =IF('PFM NON-SELL (Draft Layers)'!DA60="X","X"," ") | CS12: =IF('PFM NON-SELL (Draft Layers)'!DB60="X","X"," ") | CT12: =IF('PFM NON-SELL (Draft Layers)'!DC60="X","X"," ") | ... CY12: =IF('PFM NON-SELL (Draft Layers)'!DH60="X","X"," ") -> X | DO12: =COUNTIF(AW12:DN12,"x") -> 15
A13: AFL | B13: Ascend | C13: ASCND-4RU-8RT;23 | D13: 4RU-8RT ASCEND ASSY | E13: 468.32 | F13: =E13*G13 -> 187328 | G13: =SUM(M13:X13) -> 400 | H13: =ROUNDUP(G13/12,0) -> 34 | I13: =J13*E13 -> 93664 | J13: =SUM(Y13:AC13) -> 200 | K13: =ROUNDUP(J13/5,0) -> 40 | L13: 200 | M13: 0 | N13: 0 | O13: 200 | P13: 0 | Q13: 0 | R13: 100 | S13: 0 | T13: 0 | U13: 0 | V13: 100 | W13: 0 | X13: 0 | Y13: 0 | Z13: 200 | AA13: 0 | AB13: 0 | AC13: 0 | AE13: 93664 | AF13: 0 | AG13: 0 | AH13: 93664 | AI13: 0 | AJ13: 0 | AK13: 46832 | AL13: 0 | AM13: 0 | AN13: 0 | AO13: 46832 | AP13: 0 | AQ13: 0 | AR13: 0 | AS13: 93664 | AT13: 0 | AU13: 0 | AV13: 0 | AW13: =IF('PFM NON-SELL (Draft Layers)'!AW83="X","X"," ") -> X | AX13: =IF('PFM NON-SELL (Draft Layers)'!AX83="X","X"," ") -> X | AY13: =IF('PFM NON-SELL (Draft Layers)'!AY83="X","X"," ") | AZ13: =IF('PFM NON-SELL (Draft Layers)'!AZ83="X","X"," ") | BA13: =IF('PFM NON-SELL (Draft Layers)'!BA83="X","X"," ") | BB13: =IF('PFM NON-SELL (Draft Layers)'!BB83="X","X"," ") -> X | BC13: =IF('PFM NON-SELL (Draft Layers)'!BC83="X","X"," ") | BD13: =IF('PFM NON-SELL (Draft Layers)'!BD83="X","X"," ") -> X | ... BK13: =IF('PFM NON-SELL (Draft Layers)'!BK83="X","X"," ") | BL13: =IF('PFM NON-SELL (Draft Layers)'!BM83="X","X"," ") -> X | BM13: =IF('PFM NON-SELL (Draft Layers)'!BN83="X","X"," ") -> X | BN13: =IF('PFM NON-SELL (Draft Layers)'!BO83="X","X"," ") | BO13: =IF('PFM NON-SELL (Draft Layers)'!BP83="X","X"," ") -> X | BP13: =IF('PFM NON-SELL (Draft Layers)'!BQ83="X","X"," ") | BQ13: =IF('PFM NON-SELL (Draft Layers)'!BR83="X","X"," ") | BR13: =IF('PFM NON-SELL (Draft Layers)'!BS83="X","X"," ") | BS13: =IF('PFM NON-SELL (Draft Layers)'!BT83="X","X"," ") | ... BV13: =IF('PFM NON-SELL (Draft Layers)'!BW83="X","X"," ") -> X | BW13: =IF('PFM NON-SELL (Draft Layers)'!BY83="X","X"," ") | BX13: =IF('PFM NON-SELL (Draft Layers)'!BZ83="X","X"," ") -> X | BY13: =IF('PFM NON-SELL (Draft Layers)'!CA83="X","X"," ") | BZ13: =IF('PFM NON-SELL (Draft Layers)'!CB83="X","X"," ") | CA13: =IF('PFM NON-SELL (Draft Layers)'!CC83="X","X"," ") | CB13: =IF('PFM NON-SELL (Draft Layers)'!CD83="X","X"," ") | CC13: =IF('PFM NON-SELL (Draft Layers)'!CE83="X","X"," ") | CD13: =IF('PFM NON-SELL (Draft Layers)'!CF83="X","X"," ") | ... CH13: =IF('PFM NON-SELL (Draft Layers)'!CJ83="X","X"," ") | CI13: =IF('PFM NON-SELL (Draft Layers)'!CN83="X","X"," ") | CJ13: =IF('PFM NON-SELL (Draft Layers)'!CO83="X","X"," ") | CK13: =IF('PFM NON-SELL (Draft Layers)'!CP83="X","X"," ") | CL13: =IF('PFM NON-SELL (Draft Layers)'!CQ83="X","X"," ") | CM13: =IF('PFM NON-SELL (Draft Layers)'!CV83="X","X"," ") | CN13: =IF('PFM NON-SELL (Draft Layers)'!CW83="X","X"," ") -> X | CO13: =IF('PFM NON-SELL (Draft Layers)'!CX83="X","X"," ") | CP13: =IF('PFM NON-SELL (Draft Layers)'!CY83="X","X"," ") | CQ13: =IF('PFM NON-SELL (Draft Layers)'!CZ83="X","X"," ") | CR13: =IF('PFM NON-SELL (Draft Layers)'!DA83="X","X"," ") | CS13: =IF('PFM NON-SELL (Draft Layers)'!DB83="X","X"," ") | CT13: =IF('PFM NON-SELL (Draft Layers)'!DC83="X","X"," ") | ... CY13: =IF('PFM NON-SELL (Draft Layers)'!DH83="X","X"," ") -> X | DO13: =COUNTIF(AW13:DN13,"x") -> 15
A14: AFL | B14: HYPERSCALE | C14: HCF-48U-ODF002;11 | D14: 48U FRAME ASSEMBLY | E14: 2814.12 | F14: =E14*G14 -> 396790.92 | G14: =SUM(M14:X14) -> 141 | H14: =ROUNDUP(G14/12,0) -> 12 | I14: =J14*E14 -> 0 | J14: =SUM(Y14:AC14) -> 0 | K14: =ROUNDUP(J14/5,0) -> 0 | L14: 46 | M14: 69 | N14: 20 | O14: 52 | P14: 0 | Q14: 0 | R14: 0 | S14: 0 | T14: 0 | U14: 0 | V14: 0 | W14: 0 | X14: 0 | Y14: 0 | Z14: 0 | AA14: 0 | AB14: 0 | AC14: 0 | AE14: 129449.52 | AF14: 194174.28 | AG14: 56282.4 | AH14: 146334.24 | AI14: 0 | AJ14: 0 | AK14: 0 | AL14: 0 | AM14: 0 | AN14: 0 | AO14: 0 | AP14: 0 | AQ14: 0 | AR14: 0 | AS14: 0 | AT14: 0 | AU14: 0 | AV14: 0 | AW14: =IF('PFM NON-SELL (Draft Layers)'!AW106="X","X"," ") -> X | AX14: =IF('PFM NON-SELL (Draft Layers)'!AX106="X","X"," ") -> X | AY14: =IF('PFM NON-SELL (Draft Layers)'!AY106="X","X"," ") -> X | AZ14: =IF('PFM NON-SELL (Draft Layers)'!AZ106="X","X"," ") | BA14: =IF('PFM NON-SELL (Draft Layers)'!BA106="X","X"," ") | BB14: =IF('PFM NON-SELL (Draft Layers)'!BB106="X","X"," ") | BC14: =IF('PFM NON-SELL (Draft Layers)'!BC106="X","X"," ") | BD14: =IF('PFM NON-SELL (Draft Layers)'!BD106="X","X"," ") | ... BK14: =IF('PFM NON-SELL (Draft Layers)'!BK106="X","X"," ") | BL14: =IF('PFM NON-SELL (Draft Layers)'!BM106="X","X"," ") | BM14: =IF('PFM NON-SELL (Draft Layers)'!BN106="X","X"," ") | BN14: =IF('PFM NON-SELL (Draft Layers)'!BO106="X","X"," ") | BO14: =IF('PFM NON-SELL (Draft Layers)'!BP106="X","X"," ") -> X | BP14: =IF('PFM NON-SELL (Draft Layers)'!BQ106="X","X"," ") | BQ14: =IF('PFM NON-SELL (Draft Layers)'!BR106="X","X"," ") -> X | BR14: =IF('PFM NON-SELL (Draft Layers)'!BS106="X","X"," ") | BS14: =IF('PFM NON-SELL (Draft Layers)'!BT106="X","X"," ") | ... BV14: =IF('PFM NON-SELL (Draft Layers)'!BW106="X","X"," ") | BW14: =IF('PFM NON-SELL (Draft Layers)'!BY106="X","X"," ") | BX14: =IF('PFM NON-SELL (Draft Layers)'!BZ106="X","X"," ") | BY14: =IF('PFM NON-SELL (Draft Layers)'!CA106="X","X"," ") | BZ14: =IF('PFM NON-SELL (Draft Layers)'!CB106="X","X"," ") -> X | CA14: =IF('PFM NON-SELL (Draft Layers)'!CC106="X","X"," ") -> X | CB14: =IF('PFM NON-SELL (Draft Layers)'!CD106="X","X"," ") -> X | CC14: =IF('PFM NON-SELL (Draft Layers)'!CE106="X","X"," ") | CD14: =IF('PFM NON-SELL (Draft Layers)'!CF106="X","X"," ") -> X | ... CH14: =IF('PFM NON-SELL (Draft Layers)'!CJ106="X","X"," ") | CI14: =IF('PFM NON-SELL (Draft Layers)'!CN106="X","X"," ") | CJ14: =IF('PFM NON-SELL (Draft Layers)'!CO106="X","X"," ") | CK14: =IF('PFM NON-SELL (Draft Layers)'!CP106="X","X"," ") | CL14: =IF('PFM NON-SELL (Draft Layers)'!CQ106="X","X"," ") | CM14: =IF('PFM NON-SELL (Draft Layers)'!CV106="X","X"," ") | CN14: =IF('PFM NON-SELL (Draft Layers)'!CW106="X","X"," ") -> X | CO14: =IF('PFM NON-SELL (Draft Layers)'!CX106="X","X"," ") | CP14: =IF('PFM NON-SELL (Draft Layers)'!CY106="X","X"," ") | CQ14: =IF('PFM NON-SELL (Draft Layers)'!CZ106="X","X"," ") | CR14: =IF('PFM NON-SELL (Draft Layers)'!DA106="X","X"," ") | CS14: =IF('PFM NON-SELL (Draft Layers)'!DB106="X","X"," ") -> X | CT14: =IF('PFM NON-SELL (Draft Layers)'!DC106="X","X"," ") | ... CY14: =IF('PFM NON-SELL (Draft Layers)'!DH106="X","X"," ") -> X | DO14: =COUNTIF(AW14:DN14,"x") -> 17
A15: AFL | B15: HYPERSCALE | C15: HCF-48U-ODF-004;4 | D15: 48U FRAME ASSEMBLY | E15: 0 | F15: =E15*G15 -> 0 | G15: =SUM(M15:X15) -> 1 | H15: =ROUNDUP(G15/12,0) -> 1 | I15: =J15*E15 -> 0 | J15: =SUM(Y15:AC15) -> 0 | K15: =ROUNDUP(J15/5,0) -> 0 | L15: 0 | M15: 1 | N15: 0 | O15: 0 | P15: 0 | Q15: 0 | R15: 0 | S15: 0 | T15: 0 | U15: 0 | V15: 0 | W15: 0 | X15: 0 | Y15: 0 | Z15: 0 | AA15: 0 | AB15: 0 | AC15: 0 | AE15: 0 | AF15: 3210.04 | AG15: 0 | AH15: 0 | AI15: 0 | AJ15: 0 | AK15: 0 | AL15: 0 | AM15: 0 | AN15: 0 | AO15: 0 | AP15: 0 | AQ15: 0 | AR15: 0 | AS15: 0 | AT15: 0 | AU15: 0 | AV15: 0 | AW15: =IF('PFM NON-SELL (Draft Layers)'!AW118="X","X"," ") -> X | AX15: =IF('PFM NON-SELL (Draft Layers)'!AX118="X","X"," ") -> X | AY15: =IF('PFM NON-SELL (Draft Layers)'!AY118="X","X"," ") -> X | AZ15: =IF('PFM NON-SELL (Draft Layers)'!AZ118="X","X"," ") | BA15: =IF('PFM NON-SELL (Draft Layers)'!BA118="X","X"," ") | BB15: =IF('PFM NON-SELL (Draft Layers)'!BB118="X","X"," ") | BC15: =IF('PFM NON-SELL (Draft Layers)'!BC118="X","X"," ") | BD15: =IF('PFM NON-SELL (Draft Layers)'!BD118="X","X"," ") | ... BK15: =IF('PFM NON-SELL (Draft Layers)'!BK118="X","X"," ") | BL15: =IF('PFM NON-SELL (Draft Layers)'!BM118="X","X"," ") | BM15: =IF('PFM NON-SELL (Draft Layers)'!BN118="X","X"," ") | BN15: =IF('PFM NON-SELL (Draft Layers)'!BO118="X","X"," ") | BO15: =IF('PFM NON-SELL (Draft Layers)'!BP118="X","X"," ") -> X | BP15: =IF('PFM NON-SELL (Draft Layers)'!BQ118="X","X"," ") | BQ15: =IF('PFM NON-SELL (Draft Layers)'!BR118="X","X"," ") -> X | BR15: =IF('PFM NON-SELL (Draft Layers)'!BS118="X","X"," ") | BS15: =IF('PFM NON-SELL (Draft Layers)'!BT118="X","X"," ") | ... BV15: =IF('PFM NON-SELL (Draft Layers)'!BW118="X","X"," ") | BW15: =IF('PFM NON-SELL (Draft Layers)'!BY118="X","X"," ") | BX15: =IF('PFM NON-SELL (Draft Layers)'!BZ118="X","X"," ") -> X | BY15: =IF('PFM NON-SELL (Draft Layers)'!CA118="X","X"," ") | BZ15: =IF('PFM NON-SELL (Draft Layers)'!CB118="X","X"," ") -> X | CA15: =IF('PFM NON-SELL (Draft Layers)'!CC118="X","X"," ") | CB15: =IF('PFM NON-SELL (Draft Layers)'!CD118="X","X"," ") -> X | CC15: =IF('PFM NON-SELL (Draft Layers)'!CE118="X","X"," ") | CD15: =IF('PFM NON-SELL (Draft Layers)'!CF118="X","X"," ") -> X | ... CH15: =IF('PFM NON-SELL (Draft Layers)'!CJ118="X","X"," ") | CI15: =IF('PFM NON-SELL (Draft Layers)'!CN118="X","X"," ") | CJ15: =IF('PFM NON-SELL (Draft Layers)'!CO118="X","X"," ") | CK15: =IF('PFM NON-SELL (Draft Layers)'!CP118="X","X"," ") | CL15: =IF('PFM NON-SELL (Draft Layers)'!CQ118="X","X"," ") | CM15: =IF('PFM NON-SELL (Draft Layers)'!CV118="X","X"," ") | CN15: =IF('PFM NON-SELL (Draft Layers)'!CW118="X","X"," ") -> X | CO15: =IF('PFM NON-SELL (Draft Layers)'!CX118="X","X"," ") | CP15: =IF('PFM NON-SELL (Draft Layers)'!CY118="X","X"," ") | CQ15: =IF('PFM NON-SELL (Draft Layers)'!CZ118="X","X"," ") | CR15: =IF('PFM NON-SELL (Draft Layers)'!DA118="X","X"," ") | CS15: =IF('PFM NON-SELL (Draft Layers)'!DB118="X","X"," ") -> X | CT15: =IF('PFM NON-SELL (Draft Layers)'!DC118="X","X"," ") | ... CY15: =IF('PFM NON-SELL (Draft Layers)'!DH118="X","X"," ") -> X | DO15: =COUNTIF(AW15:DN15,"x") -> 14
A16: AMAT | B16: AMAT | C16: 0022-13130;04 | D16: BRACKET H2 SENSOR C3 | E16: 5.38 | F16: =E16*G16 -> 1059.86 | G16: =SUM(M16:X16) -> 197 | H16: =ROUNDUP(G16/12,0) -> 17 | I16: =J16*E16 -> 0 | J16: =SUM(Y16:AC16) -> 0 | K16: =ROUNDUP(J16/5,0) -> 0 | L16: 3 | M16: 197 | N16: 0 | O16: 0 | P16: 0 | Q16: 0 | R16: 0 | S16: 0 | T16: 0 | U16: 0 | V16: 0 | W16: 0 | X16: 0 | Y16: 0 | Z16: 0 | AA16: 0 | AB16: 0 | AC16: 0 | AE16: 16.14 | AF16: 1059.86 | AG16: 0 | AH16: 0 | AI16: 0 | AJ16: 0 | AK16: 0 | AL16: 0 | AM16: 0 | AN16: 0 | AO16: 0 | AP16: 0 | AQ16: 0 | AR16: 0 | AS16: 0 | AT16: 0 | AU16: 0 | AV16: 0 | AW16: =IF('PFM NON-SELL (Draft Layers)'!AW143="X","X"," ") | AX16: =IF('PFM NON-SELL (Draft Layers)'!AX143="X","X"," ") | AY16: =IF('PFM NON-SELL (Draft Layers)'!AY143="X","X"," ") -> X | AZ16: =IF('PFM NON-SELL (Draft Layers)'!AZ143="X","X"," ") | BA16: =IF('PFM NON-SELL (Draft Layers)'!BA143="X","X"," ") | BB16: =IF('PFM NON-SELL (Draft Layers)'!BB143="X","X"," ") | BC16: =IF('PFM NON-SELL (Draft Layers)'!BC143="X","X"," ") | BD16: =IF('PFM NON-SELL (Draft Layers)'!BD143="X","X"," ") | ... BK16: =IF('PFM NON-SELL (Draft Layers)'!BK143="X","X"," ") | BL16: =IF('PFM NON-SELL (Draft Layers)'!BM143="X","X"," ") | BM16: =IF('PFM NON-SELL (Draft Layers)'!BN143="X","X"," ") | BN16: =IF('PFM NON-SELL (Draft Layers)'!BO143="X","X"," ") | BO16: =IF('PFM NON-SELL (Draft Layers)'!BP143="X","X"," ") -> X | BP16: =IF('PFM NON-SELL (Draft Layers)'!BQ143="X","X"," ") | BQ16: =IF('PFM NON-SELL (Draft Layers)'!BR143="X","X"," ") | BR16: =IF('PFM NON-SELL (Draft Layers)'!BS143="X","X"," ") | BS16: =IF('PFM NON-SELL (Draft Layers)'!BT143="X","X"," ") | ... BV16: =IF('PFM NON-SELL (Draft Layers)'!BW143="X","X"," ") | BW16: =IF('PFM NON-SELL (Draft Layers)'!BY143="X","X"," ") | BX16: =IF('PFM NON-SELL (Draft Layers)'!BZ143="X","X"," ") | BY16: =IF('PFM NON-SELL (Draft Layers)'!CA143="X","X"," ") | BZ16: =IF('PFM NON-SELL (Draft Layers)'!CB143="X","X"," ") | CA16: =IF('PFM NON-SELL (Draft Layers)'!CC143="X","X"," ") | CB16: =IF('PFM NON-SELL (Draft Layers)'!CD143="X","X"," ") | CC16: =IF('PFM NON-SELL (Draft Layers)'!CE143="X","X"," ") | CD16: =IF('PFM NON-SELL (Draft Layers)'!CF143="X","X"," ") | ... CH16: =IF('PFM NON-SELL (Draft Layers)'!CJ143="X","X"," ") | CI16: =IF('PFM NON-SELL (Draft Layers)'!CN143="X","X"," ") | CJ16: =IF('PFM NON-SELL (Draft Layers)'!CO143="X","X"," ") | CK16: =IF('PFM NON-SELL (Draft Layers)'!CP143="X","X"," ") | CL16: =IF('PFM NON-SELL (Draft Layers)'!CQ143="X","X"," ") | CM16: =IF('PFM NON-SELL (Draft Layers)'!CV143="X","X"," ") | CN16: =IF('PFM NON-SELL (Draft Layers)'!CW143="X","X"," ") | CO16: =IF('PFM NON-SELL (Draft Layers)'!CX143="X","X"," ") | CP16: =IF('PFM NON-SELL (Draft Layers)'!CY143="X","X"," ") | CQ16: =IF('PFM NON-SELL (Draft Layers)'!CZ143="X","X"," ") | CR16: =IF('PFM NON-SELL (Draft Layers)'!DA143="X","X"," ") | CS16: =IF('PFM NON-SELL (Draft Layers)'!DB143="X","X"," ") | CT16: =IF('PFM NON-SELL (Draft Layers)'!DC143="X","X"," ") | ... CY16: =IF('PFM NON-SELL (Draft Layers)'!DH143="X","X"," ") -> X | DO16: =COUNTIF(AW16:DN16,"x") -> 6
A17: AMAT | B17: AMAT | C17: 0010-59216;07 | D17: ASSEMBLY,LOWER DOOR,MI | E17: 721.83 | F17: =E17*G17 -> 2165.49 | G17: =SUM(M17:X17) -> 3 | H17: =ROUNDUP(G17/12,0) -> 1 | I17: =J17*E17 -> 0 | J17: =SUM(Y17:AC17) -> 0 | K17: =ROUNDUP(J17/5,0) -> 0 | L17: 0 | M17: 3 | N17: 0 | O17: 0 | P17: 0 | Q17: 0 | R17: 0 | S17: 0 | T17: 0 | U17: 0 | V17: 0 | W17: 0 | X17: 0 | Y17: 0 | Z17: 0 | AA17: 0 | AB17: 0 | AC17: 0 | AE17: 0 | AF17: 2165.49 | AG17: 0 | AH17: 0 | AI17: 0 | AJ17: 0 | AK17: 0 | AL17: 0 | AM17: 0 | AN17: 0 | AO17: 0 | AP17: 0 | AQ17: 0 | AR17: 0 | AS17: 0 | AT17: 0 | AU17: 0 | AV17: 0 | AW17: =IF('PFM NON-SELL (Draft Layers)'!AW144="X","X"," ") | AX17: =IF('PFM NON-SELL (Draft Layers)'!AX144="X","X"," ") | AY17: =IF('PFM NON-SELL (Draft Layers)'!AY144="X","X"," ") -> X | AZ17: =IF('PFM NON-SELL (Draft Layers)'!AZ144="X","X"," ") | BA17: =IF('PFM NON-SELL (Draft Layers)'!BA144="X","X"," ") | BB17: =IF('PFM NON-SELL (Draft Layers)'!BB144="X","X"," ") | BC17: =IF('PFM NON-SELL (Draft Layers)'!BC144="X","X"," ") | BD17: =IF('PFM NON-SELL (Draft Layers)'!BD144="X","X"," ") | ... BK17: =IF('PFM NON-SELL (Draft Layers)'!BK144="X","X"," ") | BL17: =IF('PFM NON-SELL (Draft Layers)'!BM144="X","X"," ") | BM17: =IF('PFM NON-SELL (Draft Layers)'!BN144="X","X"," ") | BN17: =IF('PFM NON-SELL (Draft Layers)'!BO144="X","X"," ") | BO17: =IF('PFM NON-SELL (Draft Layers)'!BP144="X","X"," ") -> X | BP17: =IF('PFM NON-SELL (Draft Layers)'!BQ144="X","X"," ") | BQ17: =IF('PFM NON-SELL (Draft Layers)'!BR144="X","X"," ") | BR17: =IF('PFM NON-SELL (Draft Layers)'!BS144="X","X"," ") | BS17: =IF('PFM NON-SELL (Draft Layers)'!BT144="X","X"," ") | ... BV17: =IF('PFM NON-SELL (Draft Layers)'!BW144="X","X"," ") | BW17: =IF('PFM NON-SELL (Draft Layers)'!BY144="X","X"," ") | BX17: =IF('PFM NON-SELL (Draft Layers)'!BZ144="X","X"," ") -> X | BY17: =IF('PFM NON-SELL (Draft Layers)'!CA144="X","X"," ") | BZ17: =IF('PFM NON-SELL (Draft Layers)'!CB144="X","X"," ") | CA17: =IF('PFM NON-SELL (Draft Layers)'!CC144="X","X"," ") -> X | CB17: =IF('PFM NON-SELL (Draft Layers)'!CD144="X","X"," ") -> X | CC17: =IF('PFM NON-SELL (Draft Layers)'!CE144="X","X"," ") | CD17: =IF('PFM NON-SELL (Draft Layers)'!CF144="X","X"," ") -> X | ... CH17: =IF('PFM NON-SELL (Draft Layers)'!CJ144="X","X"," ") | CI17: =IF('PFM NON-SELL (Draft Layers)'!CN144="X","X"," ") | CJ17: =IF('PFM NON-SELL (Draft Layers)'!CO144="X","X"," ") | CK17: =IF('PFM NON-SELL (Draft Layers)'!CP144="X","X"," ") | CL17: =IF('PFM NON-SELL (Draft Layers)'!CQ144="X","X"," ") | CM17: =IF('PFM NON-SELL (Draft Layers)'!CV144="X","X"," ") | CN17: =IF('PFM NON-SELL (Draft Layers)'!CW144="X","X"," ") | CO17: =IF('PFM NON-SELL (Draft Layers)'!CX144="X","X"," ") | CP17: =IF('PFM NON-SELL (Draft Layers)'!CY144="X","X"," ") | CQ17: =IF('PFM NON-SELL (Draft Layers)'!CZ144="X","X"," ") | CR17: =IF('PFM NON-SELL (Draft Layers)'!DA144="X","X"," ") | CS17: =IF('PFM NON-SELL (Draft Layers)'!DB144="X","X"," ") | CT17: =IF('PFM NON-SELL (Draft Layers)'!DC144="X","X"," ") | ... CY17: =IF('PFM NON-SELL (Draft Layers)'!DH144="X","X"," ") -> X | DO17: =COUNTIF(AW17:DN17,"x") -> 10
A18: AMAT | B18: AMAT | C18: 0021-96687;05 | D18: BRACKET,FRONT SIDE BRA | E18: 120.2 | F18: =E18*G18 -> 360.6 | G18: =SUM(M18:X18) -> 3 | H18: =ROUNDUP(G18/12,0) -> 1 | I18: =J18*E18 -> 0 | J18: =SUM(Y18:AC18) -> 0 | K18: =ROUNDUP(J18/5,0) -> 0 | L18: 0 | M18: 3 | N18: 0 | O18: 0 | P18: 0 | Q18: 0 | R18: 0 | S18: 0 | T18: 0 | U18: 0 | V18: 0 | W18: 0 | X18: 0 | Y18: 0 | Z18: 0 | AA18: 0 | AB18: 0 | AC18: 0 | AE18: 0 | AF18: 360.6 | AG18: 0 | AH18: 0 | AI18: 0 | AJ18: 0 | AK18: 0 | AL18: 0 | AM18: 0 | AN18: 0 | AO18: 0 | AP18: 0 | AQ18: 0 | AR18: 0 | AS18: 0 | AT18: 0 | AU18: 0 | AV18: 0 | AW18: =IF('PFM NON-SELL (Draft Layers)'!AW155="X","X"," ") | AX18: =IF('PFM NON-SELL (Draft Layers)'!AX155="X","X"," ") | AY18: =IF('PFM NON-SELL (Draft Layers)'!AY155="X","X"," ") -> X | AZ18: =IF('PFM NON-SELL (Draft Layers)'!AZ155="X","X"," ") | BA18: =IF('PFM NON-SELL (Draft Layers)'!BA155="X","X"," ") | BB18: =IF('PFM NON-SELL (Draft Layers)'!BB155="X","X"," ") | BC18: =IF('PFM NON-SELL (Draft Layers)'!BC155="X","X"," ") | BD18: =IF('PFM NON-SELL (Draft Layers)'!BD155="X","X"," ") | ... BF18: =IF('PFM NON-SELL (Draft Layers)'!BF155="X","X"," ") | BI18: =IF('PFM NON-SELL (Draft Layers)'!BG155="X","X"," ") | BJ18: =IF('PFM NON-SELL (Draft Layers)'!BJ155="X","X"," ") | BK18: =IF('PFM NON-SELL (Draft Layers)'!BK155="X","X"," ") | BL18: =IF('PFM NON-SELL (Draft Layers)'!BM155="X","X"," ") | BM18: =IF('PFM NON-SELL (Draft Layers)'!BN155="X","X"," ") | BN18: =IF('PFM NON-SELL (Draft Layers)'!BO155="X","X"," ") | BO18: =IF('PFM NON-SELL (Draft Layers)'!BP155="X","X"," ") -> X | BP18: =IF('PFM NON-SELL (Draft Layers)'!BQ155="X","X"," ") | BQ18: =IF('PFM NON-SELL (Draft Layers)'!BR155="X","X"," ") | BV18: =IF('PFM NON-SELL (Draft Layers)'!BW155="X","X"," ") | BX18: =IF('PFM NON-SELL (Draft Layers)'!BZ155="X","X"," ") | BY18: =IF('PFM NON-SELL (Draft Layers)'!CA155="X","X"," ") | BZ18: =IF('PFM NON-SELL (Draft Layers)'!CB155="X","X"," ") | CA18: =IF('PFM NON-SELL (Draft Layers)'!CC155="X","X"," ") | CB18: =IF('PFM NON-SELL (Draft Layers)'!CD155="X","X"," ") -> X | CC18: =IF('PFM NON-SELL (Draft Layers)'!CE155="X","X"," ") | CD18: =IF('PFM NON-SELL (Draft Layers)'!CF155="X","X"," ") -> X | CE18: =IF('PFM NON-SELL (Draft Layers)'!CG155="X","X"," ") | ... CH18: =IF('PFM NON-SELL (Draft Layers)'!CJ155="X","X"," ") | CM18: =IF('PFM NON-SELL (Draft Layers)'!CV155="X","X"," ") | CN18: =IF('PFM NON-SELL (Draft Layers)'!CW155="X","X"," ") | CO18: =IF('PFM NON-SELL (Draft Layers)'!CX155="X","X"," ") | CP18: =IF('PFM NON-SELL (Draft Layers)'!CY155="X","X"," ") | CQ18: =IF('PFM NON-SELL (Draft Layers)'!CZ155="X","X"," ") | CR18: =IF('PFM NON-SELL (Draft Layers)'!DA155="X","X"," ") | CS18: =IF('PFM NON-SELL (Draft Layers)'!DB155="X","X"," ") | CT18: =IF('PFM NON-SELL (Draft Layers)'!DC155="X","X"," ") | ... DL18: =IF('PFM NON-SELL (Draft Layers)'!DU155="X","X"," ") | DO18: =COUNTIF(AW18:DN18,"x") -> 8
A19: AMAT | B19: AMAT | C19: 0040-01983;AD | D19: PANEL, WATER DISTRIBUT | E19: 511.04 | F19: =E19*G19 -> 1533.12 | G19: =SUM(M19:X19) -> 3 | H19: =ROUNDUP(G19/12,0) -> 1 | I19: =J19*E19 -> 0 | J19: =SUM(Y19:AC19) -> 0 | K19: =ROUNDUP(J19/5,0) -> 0 | L19: 0 | M19: 3 | N19: 0 | O19: 0 | P19: 0 | Q19: 0 | R19: 0 | S19: 0 | T19: 0 | U19: 0 | V19: 0 | W19: 0 | X19: 0 | Y19: 0 | Z19: 0 | AA19: 0 | AB19: 0 | AC19: 0 | AE19: 0 | AF19: 1533.12 | AG19: 0 | AH19: 0 | AI19: 0 | AJ19: 0 | AK19: 0 | AL19: 0 | AM19: 0 | AN19: 0 | AO19: 0 | AP19: 0 | AQ19: 0 | AR19: 0 | AS19: 0 | AT19: 0 | AU19: 0 | AV19: 0 | AW19: =IF('PFM NON-SELL (Draft Layers)'!AW156="X","X"," ") | AX19: =IF('PFM NON-SELL (Draft Layers)'!AX156="X","X"," ") | AY19: =IF('PFM NON-SELL (Draft Layers)'!AY156="X","X"," ") -> X | AZ19: =IF('PFM NON-SELL (Draft Layers)'!AZ156="X","X"," ") | BA19: =IF('PFM NON-SELL (Draft Layers)'!BA156="X","X"," ") | BB19: =IF('PFM NON-SELL (Draft Layers)'!BB156="X","X"," ") | BC19: =IF('PFM NON-SELL (Draft Layers)'!BC156="X","X"," ") | BD19: =IF('PFM NON-SELL (Draft Layers)'!BD156="X","X"," ") | ... BF19: =IF('PFM NON-SELL (Draft Layers)'!BF156="X","X"," ") | BI19: =IF('PFM NON-SELL (Draft Layers)'!BG156="X","X"," ") | BJ19: =IF('PFM NON-SELL (Draft Layers)'!BJ156="X","X"," ") | BK19: =IF('PFM NON-SELL (Draft Layers)'!BK156="X","X"," ") | BL19: =IF('PFM NON-SELL (Draft Layers)'!BM156="X","X"," ") | BM19: =IF('PFM NON-SELL (Draft Layers)'!BN156="X","X"," ") | BN19: =IF('PFM NON-SELL (Draft Layers)'!BO156="X","X"," ") -> X | BO19: =IF('PFM NON-SELL (Draft Layers)'!BP156="X","X"," ") -> X | BP19: =IF('PFM NON-SELL (Draft Layers)'!BQ156="X","X"," ") | BQ19: =IF('PFM NON-SELL (Draft Layers)'!BR156="X","X"," ") | BV19: =IF('PFM NON-SELL (Draft Layers)'!BW156="X","X"," ") | BX19: =IF('PFM NON-SELL (Draft Layers)'!BZ156="X","X"," ") | BY19: =IF('PFM NON-SELL (Draft Layers)'!CA156="X","X"," ") | BZ19: =IF('PFM NON-SELL (Draft Layers)'!CB156="X","X"," ") -> X | CA19: =IF('PFM NON-SELL (Draft Layers)'!CC156="X","X"," ") | CB19: =IF('PFM NON-SELL (Draft Layers)'!CD156="X","X"," ") -> X | CC19: =IF('PFM NON-SELL (Draft Layers)'!CE156="X","X"," ") | CD19: =IF('PFM NON-SELL (Draft Layers)'!CF156="X","X"," ") -> X | CE19: =IF('PFM NON-SELL (Draft Layers)'!CG156="X","X"," ") | ... CH19: =IF('PFM NON-SELL (Draft Layers)'!CJ156="X","X"," ") | CM19: =IF('PFM NON-SELL (Draft Layers)'!CV156="X","X"," ") | CN19: =IF('PFM NON-SELL (Draft Layers)'!CW156="X","X"," ") | CO19: =IF('PFM NON-SELL (Draft Layers)'!CX156="X","X"," ") | CP19: =IF('PFM NON-SELL (Draft Layers)'!CY156="X","X"," ") | CQ19: =IF('PFM NON-SELL (Draft Layers)'!CZ156="X","X"," ") | CR19: =IF('PFM NON-SELL (Draft Layers)'!DA156="X","X"," ") | CS19: =IF('PFM NON-SELL (Draft Layers)'!DB156="X","X"," ") | CT19: =IF('PFM NON-SELL (Draft Layers)'!DC156="X","X"," ") | ... DL19: =IF('PFM NON-SELL (Draft Layers)'!DU156="X","X"," ") | DO19: =COUNTIF(AW19:DN19,"x") -> 10
A20: AMAT | B20: AMAT | C20: 0041-61872;06 | D20: ENCLOSURE, FACILITY MA | E20: 762.75 | F20: =E20*G20 -> 2288.25 | G20: =SUM(M20:X20) -> 3 | H20: =ROUNDUP(G20/12,0) -> 1 | I20: =J20*E20 -> 0 | J20: =SUM(Y20:AC20) -> 0 | K20: =ROUNDUP(J20/5,0) -> 0 | L20: 0 | M20: 3 | N20: 0 | O20: 0 | P20: 0 | Q20: 0 | R20: 0 | S20: 0 | T20: 0 | U20: 0 | V20: 0 | W20: 0 | X20: 0 | Y20: 0 | Z20: 0 | AA20: 0 | AB20: 0 | AC20: 0 | AE20: 0 | AF20: 2288.25 | AG20: 0 | AH20: 0 | AI20: 0 | AJ20: 0 | AK20: 0 | AL20: 0 | AM20: 0 | AN20: 0 | AO20: 0 | AP20: 0 | AQ20: 0 | AR20: 0 | AS20: 0 | AT20: 0 | AU20: 0 | AV20: 0 | AW20: =IF('PFM NON-SELL (Draft Layers)'!AW157="X","X"," ") | AX20: =IF('PFM NON-SELL (Draft Layers)'!AX157="X","X"," ") | AY20: =IF('PFM NON-SELL (Draft Layers)'!AY157="X","X"," ") -> X | AZ20: =IF('PFM NON-SELL (Draft Layers)'!AZ157="X","X"," ") | BA20: =IF('PFM NON-SELL (Draft Layers)'!BA157="X","X"," ") | BB20: =IF('PFM NON-SELL (Draft Layers)'!BB157="X","X"," ") | BC20: =IF('PFM NON-SELL (Draft Layers)'!BC157="X","X"," ") | BD20: =IF('PFM NON-SELL (Draft Layers)'!BD157="X","X"," ") | ... BF20: =IF('PFM NON-SELL (Draft Layers)'!BF157="X","X"," ") | BI20: =IF('PFM NON-SELL (Draft Layers)'!BG157="X","X"," ") | BJ20: =IF('PFM NON-SELL (Draft Layers)'!BJ157="X","X"," ") | BK20: =IF('PFM NON-SELL (Draft Layers)'!BK157="X","X"," ") | BL20: =IF('PFM NON-SELL (Draft Layers)'!BM157="X","X"," ") | BM20: =IF('PFM NON-SELL (Draft Layers)'!BN157="X","X"," ") | BN20: =IF('PFM NON-SELL (Draft Layers)'!BO157="X","X"," ") -> X | BO20: =IF('PFM NON-SELL (Draft Layers)'!BP157="X","X"," ") -> X | BP20: =IF('PFM NON-SELL (Draft Layers)'!BQ157="X","X"," ") | BQ20: =IF('PFM NON-SELL (Draft Layers)'!BR157="X","X"," ") | BV20: =IF('PFM NON-SELL (Draft Layers)'!BW157="X","X"," ") | BX20: =IF('PFM NON-SELL (Draft Layers)'!BZ157="X","X"," ") | BY20: =IF('PFM NON-SELL (Draft Layers)'!CA157="X","X"," ") | BZ20: =IF('PFM NON-SELL (Draft Layers)'!CB157="X","X"," ") | CA20: =IF('PFM NON-SELL (Draft Layers)'!CC157="X","X"," ") | CB20: =IF('PFM NON-SELL (Draft Layers)'!CD157="X","X"," ") -> X | CC20: =IF('PFM NON-SELL (Draft Layers)'!CE157="X","X"," ") | CD20: =IF('PFM NON-SELL (Draft Layers)'!CF157="X","X"," ") | CE20: =IF('PFM NON-SELL (Draft Layers)'!CG157="X","X"," ") | ... CH20: =IF('PFM NON-SELL (Draft Layers)'!CJ157="X","X"," ") | CM20: =IF('PFM NON-SELL (Draft Layers)'!CV157="X","X"," ") | CN20: =IF('PFM NON-SELL (Draft Layers)'!CW157="X","X"," ") -> X | CO20: =IF('PFM NON-SELL (Draft Layers)'!CX157="X","X"," ") | CP20: =IF('PFM NON-SELL (Draft Layers)'!CY157="X","X"," ") | CQ20: =IF('PFM NON-SELL (Draft Layers)'!CZ157="X","X"," ") | CR20: =IF('PFM NON-SELL (Draft Layers)'!DA157="X","X"," ") | CS20: =IF('PFM NON-SELL (Draft Layers)'!DB157="X","X"," ") | CT20: =IF('PFM NON-SELL (Draft Layers)'!DC157="X","X"," ") | ... DL20: =IF('PFM NON-SELL (Draft Layers)'!DU157="X","X"," ") | DO20: =COUNTIF(AW20:DN20,"x") -> 9
A21: AMAT | B21: AMAT | C21: 0041-81685;02 | D21: BRACKET, MACNETIC SW M | E21: 10 | F21: =E21*G21 -> 1940 | G21: =SUM(M21:X21) -> 194 | H21: =ROUNDUP(G21/12,0) -> 17 | I21: =J21*E21 -> 0 | J21: =SUM(Y21:AC21) -> 0 | K21: =ROUNDUP(J21/5,0) -> 0 | L21: 3 | M21: 97 | N21: 0 | O21: 97 | P21: 0 | Q21: 0 | R21: 0 | S21: 0 | T21: 0 | U21: 0 | V21: 0 | W21: 0 | X21: 0 | Y21: 0 | Z21: 0 | AA21: 0 | AB21: 0 | AC21: 0 | AE21: 30 | AF21: 970 | AG21: 0 | AH21: 970 | AI21: 0 | AJ21: 0 | AK21: 0 | AL21: 0 | AM21: 0 | AN21: 0 | AO21: 0 | AP21: 0 | AQ21: 0 | AR21: 0 | AS21: 0 | AT21: 0 | AU21: 0 | AV21: 0 | AW21: =IF('PFM NON-SELL (Draft Layers)'!AW160="X","X"," ") | AX21: =IF('PFM NON-SELL (Draft Layers)'!AX160="X","X"," ") | AY21: =IF('PFM NON-SELL (Draft Layers)'!AY160="X","X"," ") -> X | AZ21: =IF('PFM NON-SELL (Draft Layers)'!AZ160="X","X"," ") | BA21: =IF('PFM NON-SELL (Draft Layers)'!BA160="X","X"," ") | BB21: =IF('PFM NON-SELL (Draft Layers)'!BB160="X","X"," ") | BC21: =IF('PFM NON-SELL (Draft Layers)'!BC160="X","X"," ") | BD21: =IF('PFM NON-SELL (Draft Layers)'!BD160="X","X"," ") | ... BF21: =IF('PFM NON-SELL (Draft Layers)'!BF160="X","X"," ") | BI21: =IF('PFM NON-SELL (Draft Layers)'!BG160="X","X"," ") | BJ21: =IF('PFM NON-SELL (Draft Layers)'!BJ160="X","X"," ") | BK21: =IF('PFM NON-SELL (Draft Layers)'!BK160="X","X"," ") | BL21: =IF('PFM NON-SELL (Draft Layers)'!BM160="X","X"," ") | BM21: =IF('PFM NON-SELL (Draft Layers)'!BN160="X","X"," ") | BN21: =IF('PFM NON-SELL (Draft Layers)'!BO160="X","X"," ") -> X | BO21: =IF('PFM NON-SELL (Draft Layers)'!BP160="X","X"," ") -> X | BP21: =IF('PFM NON-SELL (Draft Layers)'!BQ160="X","X"," ") | BQ21: =IF('PFM NON-SELL (Draft Layers)'!BR160="X","X"," ") | BV21: =IF('PFM NON-SELL (Draft Layers)'!BW160="X","X"," ") | BX21: =IF('PFM NON-SELL (Draft Layers)'!BZ160="X","X"," ") | BY21: =IF('PFM NON-SELL (Draft Layers)'!CA160="X","X"," ") | BZ21: =IF('PFM NON-SELL (Draft Layers)'!CB160="X","X"," ") | CA21: =IF('PFM NON-SELL (Draft Layers)'!CC160="X","X"," ") | CB21: =IF('PFM NON-SELL (Draft Layers)'!CD160="X","X"," ") | CC21: =IF('PFM NON-SELL (Draft Layers)'!CE160="X","X"," ") | CD21: =IF('PFM NON-SELL (Draft Layers)'!CF160="X","X"," ") | CE21: =IF('PFM NON-SELL (Draft Layers)'!CG160="X","X"," ") | ... CH21: =IF('PFM NON-SELL (Draft Layers)'!CJ160="X","X"," ") | CM21: =IF('PFM NON-SELL (Draft Layers)'!CV160="X","X"," ") | CN21: =IF('PFM NON-SELL (Draft Layers)'!CW160="X","X"," ") | CO21: =IF('PFM NON-SELL (Draft Layers)'!CX160="X","X"," ") | CP21: =IF('PFM NON-SELL (Draft Layers)'!CY160="X","X"," ") | CQ21: =IF('PFM NON-SELL (Draft Layers)'!CZ160="X","X"," ") | CR21: =IF('PFM NON-SELL (Draft Layers)'!DA160="X","X"," ") | CS21: =IF('PFM NON-SELL (Draft Layers)'!DB160="X","X"," ") | CT21: =IF('PFM NON-SELL (Draft Layers)'!DC160="X","X"," ") | ... DL21: =IF('PFM NON-SELL (Draft Layers)'!DU160="X","X"," ") | DO21: =COUNTIF(AW21:DN21,"x") -> 7
A22: AMAT | B22: AMAT | C22: 0041-81686;02 | D22: BRACKET, MACNETIC SW M | E22: 10 | F22: =E22*G22 -> 970 | G22: =SUM(M22:X22) -> 97 | H22: =ROUNDUP(G22/12,0) -> 9 | I22: =J22*E22 -> 0 | J22: =SUM(Y22:AC22) -> 0 | K22: =ROUNDUP(J22/5,0) -> 0 | L22: 3 | M22: 97 | N22: 0 | O22: 0 | P22: 0 | Q22: 0 | R22: 0 | S22: 0 | T22: 0 | U22: 0 | V22: 0 | W22: 0 | X22: 0 | Y22: 0 | Z22: 0 | AA22: 0 | AB22: 0 | AC22: 0 | AE22: 30 | AF22: 970 | AG22: 0 | AH22: 0 | AI22: 0 | AJ22: 0 | AK22: 0 | AL22: 0 | AM22: 0 | AN22: 0 | AO22: 0 | AP22: 0 | AQ22: 0 | AR22: 0 | AS22: 0 | AT22: 0 | AU22: 0 | AV22: 0 | AW22: =IF('PFM NON-SELL (Draft Layers)'!AW161="X","X"," ") | AX22: =IF('PFM NON-SELL (Draft Layers)'!AX161="X","X"," ") | AY22: =IF('PFM NON-SELL (Draft Layers)'!AY161="X","X"," ") -> X | AZ22: =IF('PFM NON-SELL (Draft Layers)'!AZ161="X","X"," ") | BA22: =IF('PFM NON-SELL (Draft Layers)'!BA161="X","X"," ") | BB22: =IF('PFM NON-SELL (Draft Layers)'!BB161="X","X"," ") | BC22: =IF('PFM NON-SELL (Draft Layers)'!BC161="X","X"," ") | BD22: =IF('PFM NON-SELL (Draft Layers)'!BD161="X","X"," ") | ... BF22: =IF('PFM NON-SELL (Draft Layers)'!BF161="X","X"," ") | BI22: =IF('PFM NON-SELL (Draft Layers)'!BG161="X","X"," ") | BJ22: =IF('PFM NON-SELL (Draft Layers)'!BJ161="X","X"," ") | BK22: =IF('PFM NON-SELL (Draft Layers)'!BK161="X","X"," ") | BL22: =IF('PFM NON-SELL (Draft Layers)'!BM161="X","X"," ") | BM22: =IF('PFM NON-SELL (Draft Layers)'!BN161="X","X"," ") | BN22: =IF('PFM NON-SELL (Draft Layers)'!BO161="X","X"," ") -> X | BO22: =IF('PFM NON-SELL (Draft Layers)'!BP161="X","X"," ") -> X | BP22: =IF('PFM NON-SELL (Draft Layers)'!BQ161="X","X"," ") | BQ22: =IF('PFM NON-SELL (Draft Layers)'!BR161="X","X"," ") | BV22: =IF('PFM NON-SELL (Draft Layers)'!BW161="X","X"," ") | BX22: =IF('PFM NON-SELL (Draft Layers)'!BZ161="X","X"," ") | BY22: =IF('PFM NON-SELL (Draft Layers)'!CA161="X","X"," ") | BZ22: =IF('PFM NON-SELL (Draft Layers)'!CB161="X","X"," ") | CA22: =IF('PFM NON-SELL (Draft Layers)'!CC161="X","X"," ") | CB22: =IF('PFM NON-SELL (Draft Layers)'!CD161="X","X"," ") | CC22: =IF('PFM NON-SELL (Draft Layers)'!CE161="X","X"," ") | CD22: =IF('PFM NON-SELL (Draft Layers)'!CF161="X","X"," ") | CE22: =IF('PFM NON-SELL (Draft Layers)'!CG161="X","X"," ") | ... CH22: =IF('PFM NON-SELL (Draft Layers)'!CJ161="X","X"," ") | CM22: =IF('PFM NON-SELL (Draft Layers)'!CV161="X","X"," ") | CN22: =IF('PFM NON-SELL (Draft Layers)'!CW161="X","X"," ") | CO22: =IF('PFM NON-SELL (Draft Layers)'!CX161="X","X"," ") | CP22: =IF('PFM NON-SELL (Draft Layers)'!CY161="X","X"," ") | CQ22: =IF('PFM NON-SELL (Draft Layers)'!CZ161="X","X"," ") | CR22: =IF('PFM NON-SELL (Draft Layers)'!DA161="X","X"," ") | CS22: =IF('PFM NON-SELL (Draft Layers)'!DB161="X","X"," ") | CT22: =IF('PFM NON-SELL (Draft Layers)'!DC161="X","X"," ") | ... DL22: =IF('PFM NON-SELL (Draft Layers)'!DU161="X","X"," ") | DO22: =COUNTIF(AW22:DN22,"x") -> 7
A23: AMAT | B23: AMAT | C23: 0041-83309;01 | D23: PLATE,BOTTOM,W/EXHAUST | E23: 40.41 | F23: =E23*G23 -> 808.2 | G23: =SUM(M23:X23) -> 20 | H23: =ROUNDUP(G23/12,0) -> 2 | I23: =J23*E23 -> 0 | J23: =SUM(Y23:AC23) -> 0 | K23: =ROUNDUP(J23/5,0) -> 0 | L23: 0 | M23: 20 | N23: 0 | O23: 0 | P23: 0 | Q23: 0 | R23: 0 | S23: 0 | T23: 0 | U23: 0 | V23: 0 | W23: 0 | X23: 0 | Y23: 0 | Z23: 0 | AA23: 0 | AB23: 0 | AC23: 0 | AE23: 0 | AF23: 808.2 | AG23: 0 | AH23: 0 | AI23: 0 | AJ23: 0 | AK23: 0 | AL23: 0 | AM23: 0 | AN23: 0 | AO23: 0 | AP23: 0 | AQ23: 0 | AR23: 0 | AS23: 0 | AT23: 0 | AU23: 0 | AV23: 0 | AW23: =IF('PFM NON-SELL (Draft Layers)'!AW162="X","X"," ") | AX23: =IF('PFM NON-SELL (Draft Layers)'!AX162="X","X"," ") | AY23: =IF('PFM NON-SELL (Draft Layers)'!AY162="X","X"," ") -> X | AZ23: =IF('PFM NON-SELL (Draft Layers)'!AZ162="X","X"," ") | BA23: =IF('PFM NON-SELL (Draft Layers)'!BA162="X","X"," ") | BB23: =IF('PFM NON-SELL (Draft Layers)'!BB162="X","X"," ") | BC23: =IF('PFM NON-SELL (Draft Layers)'!BC162="X","X"," ") | BD23: =IF('PFM NON-SELL (Draft Layers)'!BD162="X","X"," ") | ... BF23: =IF('PFM NON-SELL (Draft Layers)'!BF162="X","X"," ") | BI23: =IF('PFM NON-SELL (Draft Layers)'!BG162="X","X"," ") | BJ23: =IF('PFM NON-SELL (Draft Layers)'!BJ162="X","X"," ") | BK23: =IF('PFM NON-SELL (Draft Layers)'!BK162="X","X"," ") | BL23: =IF('PFM NON-SELL (Draft Layers)'!BM162="X","X"," ") | BM23: =IF('PFM NON-SELL (Draft Layers)'!BN162="X","X"," ") | BN23: =IF('PFM NON-SELL (Draft Layers)'!BO162="X","X"," ") -> X | BO23: =IF('PFM NON-SELL (Draft Layers)'!BP162="X","X"," ") | BP23: =IF('PFM NON-SELL (Draft Layers)'!BQ162="X","X"," ") | BQ23: =IF('PFM NON-SELL (Draft Layers)'!BR162="X","X"," ") | BV23: =IF('PFM NON-SELL (Draft Layers)'!BW162="X","X"," ") | BX23: =IF('PFM NON-SELL (Draft Layers)'!BZ162="X","X"," ") | BY23: =IF('PFM NON-SELL (Draft Layers)'!CA162="X","X"," ") | BZ23: =IF('PFM NON-SELL (Draft Layers)'!CB162="X","X"," ") | CA23: =IF('PFM NON-SELL (Draft Layers)'!CC162="X","X"," ") | CB23: =IF('PFM NON-SELL (Draft Layers)'!CD162="X","X"," ") | CC23: =IF('PFM NON-SELL (Draft Layers)'!CE162="X","X"," ") | CD23: =IF('PFM NON-SELL (Draft Layers)'!CF162="X","X"," ") | CE23: =IF('PFM NON-SELL (Draft Layers)'!CG162="X","X"," ") | ... CH23: =IF('PFM NON-SELL (Draft Layers)'!CJ162="X","X"," ") | CM23: =IF('PFM NON-SELL (Draft Layers)'!CV162="X","X"," ") | CN23: =IF('PFM NON-SELL (Draft Layers)'!CW162="X","X"," ") | CO23: =IF('PFM NON-SELL (Draft Layers)'!CX162="X","X"," ") | CP23: =IF('PFM NON-SELL (Draft Layers)'!CY162="X","X"," ") | CQ23: =IF('PFM NON-SELL (Draft Layers)'!CZ162="X","X"," ") | CR23: =IF('PFM NON-SELL (Draft Layers)'!DA162="X","X"," ") | CS23: =IF('PFM NON-SELL (Draft Layers)'!DB162="X","X"," ") | CT23: =IF('PFM NON-SELL (Draft Layers)'!DC162="X","X"," ") | ... DL23: =IF('PFM NON-SELL (Draft Layers)'!DU162="X","X"," ") | DO23: =COUNTIF(AW23:DN23,"x") -> 6
A24: AMAT | B24: AMAT | C24: 0041-99611;03 | D24: PALLET GAS STICKS NAPA | E24: 59.58 | F24: =E24*G24 -> 2800.26 | G24: =SUM(M24:X24) -> 47 | H24: =ROUNDUP(G24/12,0) -> 4 | I24: =J24*E24 -> 0 | J24: =SUM(Y24:AC24) -> 0 | K24: =ROUNDUP(J24/5,0) -> 0 | L24: 0 | M24: 3 | N24: 22 | O24: 22 | P24: 0 | Q24: 0 | R24: 0 | S24: 0 | T24: 0 | U24: 0 | V24: 0 | W24: 0 | X24: 0 | Y24: 0 | Z24: 0 | AA24: 0 | AB24: 0 | AC24: 0 | AE24: 0 | AF24: 178.74 | AG24: 1310.76 | AH24: 1310.76 | AI24: 0 | AJ24: 0 | AK24: 0 | AL24: 0 | AM24: 0 | AN24: 0 | AO24: 0 | AP24: 0 | AQ24: 0 | AR24: 0 | AS24: 0 | AT24: 0 | AU24: 0 | AV24: 0 | AW24: =IF('PFM NON-SELL (Draft Layers)'!AW163="X","X"," ") | AX24: =IF('PFM NON-SELL (Draft Layers)'!AX163="X","X"," ") | AY24: =IF('PFM NON-SELL (Draft Layers)'!AY163="X","X"," ") | AZ24: =IF('PFM NON-SELL (Draft Layers)'!AZ163="X","X"," ") | BA24: =IF('PFM NON-SELL (Draft Layers)'!BA163="X","X"," ") | BB24: =IF('PFM NON-SELL (Draft Layers)'!BB163="X","X"," ") | BC24: =IF('PFM NON-SELL (Draft Layers)'!BC163="X","X"," ") | BD24: =IF('PFM NON-SELL (Draft Layers)'!BD163="X","X"," ") | ... BF24: =IF('PFM NON-SELL (Draft Layers)'!BF163="X","X"," ") | BI24: =IF('PFM NON-SELL (Draft Layers)'!BG163="X","X"," ") | BJ24: =IF('PFM NON-SELL (Draft Layers)'!BJ163="X","X"," ") | BK24: =IF('PFM NON-SELL (Draft Layers)'!BK163="X","X"," ") | BL24: =IF('PFM NON-SELL (Draft Layers)'!BM163="X","X"," ") | BM24: =IF('PFM NON-SELL (Draft Layers)'!BN163="X","X"," ") | BN24: =IF('PFM NON-SELL (Draft Layers)'!BO163="X","X"," ") | BO24: =IF('PFM NON-SELL (Draft Layers)'!BP163="X","X"," ") | BP24: =IF('PFM NON-SELL (Draft Layers)'!BQ163="X","X"," ") | BQ24: =IF('PFM NON-SELL (Draft Layers)'!BR163="X","X"," ") | BV24: =IF('PFM NON-SELL (Draft Layers)'!BW163="X","X"," ") | BX24: =IF('PFM NON-SELL (Draft Layers)'!BZ163="X","X"," ") | BY24: =IF('PFM NON-SELL (Draft Layers)'!CA163="X","X"," ") | BZ24: =IF('PFM NON-SELL (Draft Layers)'!CB163="X","X"," ") | CA24: =IF('PFM NON-SELL (Draft Layers)'!CC163="X","X"," ") | CB24: =IF('PFM NON-SELL (Draft Layers)'!CD163="X","X"," ") -> X | CC24: =IF('PFM NON-SELL (Draft Layers)'!CE163="X","X"," ") | CD24: =IF('PFM NON-SELL (Draft Layers)'!CF163="X","X"," ") | CE24: =IF('PFM NON-SELL (Draft Layers)'!CG163="X","X"," ") | ... CH24: =IF('PFM NON-SELL (Draft Layers)'!CJ163="X","X"," ") | CM24: =IF('PFM NON-SELL (Draft Layers)'!CV163="X","X"," ") | CN24: =IF('PFM NON-SELL (Draft Layers)'!CW163="X","X"," ") | CO24: =IF('PFM NON-SELL (Draft Layers)'!CX163="X","X"," ") | CP24: =IF('PFM NON-SELL (Draft Layers)'!CY163="X","X"," ") | CQ24: =IF('PFM NON-SELL (Draft Layers)'!CZ163="X","X"," ") | CR24: =IF('PFM NON-SELL (Draft Layers)'!DA163="X","X"," ") | CS24: =IF('PFM NON-SELL (Draft Layers)'!DB163="X","X"," ") | CT24: =IF('PFM NON-SELL (Draft Layers)'!DC163="X","X"," ") | ... DL24: =IF('PFM NON-SELL (Draft Layers)'!DU163="X","X"," ") | DO24: =COUNTIF(AW24:DN24,"x") -> 5
A25: AMAT | B25: AMAT | C25: 0042-06060;03 | D25: REAR HEATER PANEL NAPA | E25: 44.23 | F25: =E25*G25 -> 1105.75 | G25: =SUM(M25:X25) -> 25 | H25: =ROUNDUP(G25/12,0) -> 3 | I25: =J25*E25 -> 2211.5 | J25: =SUM(Y25:AC25) -> 50 | K25: =ROUNDUP(J25/5,0) -> 10 | L25: 0 | M25: 0 | N25: 0 | O25: 0 | P25: 0 | Q25: 0 | R25: 0 | S25: 0 | T25: 0 | U25: 0 | V25: 0 | W25: 0 | X25: 25 | Y25: 25 | Z25: 25 | AA25: 0 | AB25: 0 | AC25: 0 | AE25: 0 | AF25: 0 | AG25: 0 | AH25: 0 | AI25: 0 | AJ25: 0 | AK25: 0 | AL25: 0 | AM25: 0 | AN25: 0 | AO25: 0 | AP25: 0 | AQ25: 1105.75 | AR25: 1105.75 | AS25: 1105.75 | AT25: 0 | AU25: 0 | AV25: 0 | AW25: =IF('PFM NON-SELL (Draft Layers)'!AW167="X","X"," ") | AX25: =IF('PFM NON-SELL (Draft Layers)'!AX167="X","X"," ") | AY25: =IF('PFM NON-SELL (Draft Layers)'!AY167="X","X"," ") -> X | AZ25: =IF('PFM NON-SELL (Draft Layers)'!AZ167="X","X"," ") | BA25: =IF('PFM NON-SELL (Draft Layers)'!BA167="X","X"," ") | BB25: =IF('PFM NON-SELL (Draft Layers)'!BB167="X","X"," ") | BC25: =IF('PFM NON-SELL (Draft Layers)'!BC167="X","X"," ") | BD25: =IF('PFM NON-SELL (Draft Layers)'!BD167="X","X"," ") | ... BF25: =IF('PFM NON-SELL (Draft Layers)'!BF167="X","X"," ") | BI25: =IF('PFM NON-SELL (Draft Layers)'!BG167="X","X"," ") | BJ25: =IF('PFM NON-SELL (Draft Layers)'!BJ167="X","X"," ") | BK25: =IF('PFM NON-SELL (Draft Layers)'!BK167="X","X"," ") | BL25: =IF('PFM NON-SELL (Draft Layers)'!BM167="X","X"," ") | BM25: =IF('PFM NON-SELL (Draft Layers)'!BN167="X","X"," ") | BN25: =IF('PFM NON-SELL (Draft Layers)'!BO167="X","X"," ") -> X | BO25: =IF('PFM NON-SELL (Draft Layers)'!BP167="X","X"," ") -> X | BP25: =IF('PFM NON-SELL (Draft Layers)'!BQ167="X","X"," ") | BQ25: =IF('PFM NON-SELL (Draft Layers)'!BR167="X","X"," ") | BV25: =IF('PFM NON-SELL (Draft Layers)'!BW167="X","X"," ") | BX25: =IF('PFM NON-SELL (Draft Layers)'!BZ167="X","X"," ") | BY25: =IF('PFM NON-SELL (Draft Layers)'!CA167="X","X"," ") | BZ25: =IF('PFM NON-SELL (Draft Layers)'!CB167="X","X"," ") | CA25: =IF('PFM NON-SELL (Draft Layers)'!CC167="X","X"," ") | CB25: =IF('PFM NON-SELL (Draft Layers)'!CD167="X","X"," ") | CC25: =IF('PFM NON-SELL (Draft Layers)'!CE167="X","X"," ") | CD25: =IF('PFM NON-SELL (Draft Layers)'!CF167="X","X"," ") | CE25: =IF('PFM NON-SELL (Draft Layers)'!CG167="X","X"," ") | ... CH25: =IF('PFM NON-SELL (Draft Layers)'!CJ167="X","X"," ") | CM25: =IF('PFM NON-SELL (Draft Layers)'!CV167="X","X"," ") | CN25: =IF('PFM NON-SELL (Draft Layers)'!CW167="X","X"," ") | CO25: =IF('PFM NON-SELL (Draft Layers)'!CX167="X","X"," ") | CP25: =IF('PFM NON-SELL (Draft Layers)'!CY167="X","X"," ") | CQ25: =IF('PFM NON-SELL (Draft Layers)'!CZ167="X","X"," ") | CR25: =IF('PFM NON-SELL (Draft Layers)'!DA167="X","X"," ") | CS25: =IF('PFM NON-SELL (Draft Layers)'!DB167="X","X"," ") | CT25: =IF('PFM NON-SELL (Draft Layers)'!DC167="X","X"," ") | ... DL25: =IF('PFM NON-SELL (Draft Layers)'!DU167="X","X"," ") | DO25: =COUNTIF(AW25:DN25,"x") -> 7
A26: AMAT | B26: AMAT | C26: 0042-16783;04 | D26: ENCLOSURE RIVETED SYM3 | E26: 420.07 | F26: =E26*G26 -> 42007 | G26: =SUM(M26:X26) -> 100 | H26: =ROUNDUP(G26/12,0) -> 9 | I26: =J26*E26 -> 0 | J26: =SUM(Y26:AC26) -> 0 | K26: =ROUNDUP(J26/5,0) -> 0 | L26: 0 | M26: 0 | N26: 0 | O26: 0 | P26: 50 | Q26: 50 | R26: 0 | S26: 0 | T26: 0 | U26: 0 | V26: 0 | W26: 0 | X26: 0 | Y26: 0 | Z26: 0 | AA26: 0 | AB26: 0 | AC26: 0 | AE26: 0 | AF26: 0 | AG26: 0 | AH26: 0 | AI26: 21003.5 | AJ26: 21003.5 | AK26: 0 | AL26: 0 | AM26: 0 | AN26: 0 | AO26: 0 | AP26: 0 | AQ26: 0 | AR26: 0 | AS26: 0 | AT26: 0 | AU26: 0 | AV26: 0 | AW26: =IF('PFM NON-SELL (Draft Layers)'!AW168="X","X"," ") | AX26: =IF('PFM NON-SELL (Draft Layers)'!AX168="X","X"," ") -> X | AY26: =IF('PFM NON-SELL (Draft Layers)'!AY168="X","X"," ") | AZ26: =IF('PFM NON-SELL (Draft Layers)'!AZ168="X","X"," ") | BA26: =IF('PFM NON-SELL (Draft Layers)'!BA168="X","X"," ") | BB26: =IF('PFM NON-SELL (Draft Layers)'!BB168="X","X"," ") | BC26: =IF('PFM NON-SELL (Draft Layers)'!BC168="X","X"," ") | BD26: =IF('PFM NON-SELL (Draft Layers)'!BD168="X","X"," ") | ... BF26: =IF('PFM NON-SELL (Draft Layers)'!BF168="X","X"," ") | BI26: =IF('PFM NON-SELL (Draft Layers)'!BG168="X","X"," ") | BJ26: =IF('PFM NON-SELL (Draft Layers)'!BJ168="X","X"," ") -> X | BK26: =IF('PFM NON-SELL (Draft Layers)'!BK168="X","X"," ") | BL26: =IF('PFM NON-SELL (Draft Layers)'!BM168="X","X"," ") | BM26: =IF('PFM NON-SELL (Draft Layers)'!BN168="X","X"," ") | BN26: =IF('PFM NON-SELL (Draft Layers)'!BO168="X","X"," ") -> X | BO26: =IF('PFM NON-SELL (Draft Layers)'!BP168="X","X"," ") -> X | BP26: =IF('PFM NON-SELL (Draft Layers)'!BQ168="X","X"," ") | BQ26: =IF('PFM NON-SELL (Draft Layers)'!BR168="X","X"," ") | BV26: =IF('PFM NON-SELL (Draft Layers)'!BW168="X","X"," ") | BX26: =IF('PFM NON-SELL (Draft Layers)'!BZ168="X","X"," ") | BY26: =IF('PFM NON-SELL (Draft Layers)'!CA168="X","X"," ") | BZ26: =IF('PFM NON-SELL (Draft Layers)'!CB168="X","X"," ") | CA26: =IF('PFM NON-SELL (Draft Layers)'!CC168="X","X"," ") | CB26: =IF('PFM NON-SELL (Draft Layers)'!CD168="X","X"," ") | CC26: =IF('PFM NON-SELL (Draft Layers)'!CE168="X","X"," ") | CD26: =IF('PFM NON-SELL (Draft Layers)'!CF168="X","X"," ") | CE26: =IF('PFM NON-SELL (Draft Layers)'!CG168="X","X"," ") | ... CH26: =IF('PFM NON-SELL (Draft Layers)'!CJ168="X","X"," ") | CM26: =IF('PFM NON-SELL (Draft Layers)'!CV168="X","X"," ") | CN26: =IF('PFM NON-SELL (Draft Layers)'!CW168="X","X"," ") -> X | CO26: =IF('PFM NON-SELL (Draft Layers)'!CX168="X","X"," ") | CP26: =IF('PFM NON-SELL (Draft Layers)'!CY168="X","X"," ") | CQ26: =IF('PFM NON-SELL (Draft Layers)'!CZ168="X","X"," ") | CR26: =IF('PFM NON-SELL (Draft Layers)'!DA168="X","X"," ") | CS26: =IF('PFM NON-SELL (Draft Layers)'!DB168="X","X"," ") | CT26: =IF('PFM NON-SELL (Draft Layers)'!DC168="X","X"," ") | ... DL26: =IF('PFM NON-SELL (Draft Layers)'!DU168="X","X"," ") | DO26: =COUNTIF(AW26:DN26,"x") -> 9
A27: AMAT | B27: AMAT | C27: 0042-32661;05 | D27: REMOVABLE UPPER BAR, C | E27: 744.82 | F27: =E27*G27 -> 2234.46 | G27: =SUM(M27:X27) -> 3 | H27: =ROUNDUP(G27/12,0) -> 1 | I27: =J27*E27 -> 0 | J27: =SUM(Y27:AC27) -> 0 | K27: =ROUNDUP(J27/5,0) -> 0 | L27: 0 | M27: 3 | N27: 0 | O27: 0 | P27: 0 | Q27: 0 | R27: 0 | S27: 0 | T27: 0 | U27: 0 | V27: 0 | W27: 0 | X27: 0 | Y27: 0 | Z27: 0 | AA27: 0 | AB27: 0 | AC27: 0 | AE27: 0 | AF27: 2234.46 | AG27: 0 | AH27: 0 | AI27: 0 | AJ27: 0 | AK27: 0 | AL27: 0 | AM27: 0 | AN27: 0 | AO27: 0 | AP27: 0 | AQ27: 0 | AR27: 0 | AS27: 0 | AT27: 0 | AU27: 0 | AV27: 0 | AW27: =IF('PFM NON-SELL (Draft Layers)'!AW173="X","X"," ") | AX27: =IF('PFM NON-SELL (Draft Layers)'!AX173="X","X"," ") | AY27: =IF('PFM NON-SELL (Draft Layers)'!AY173="X","X"," ") -> X | AZ27: =IF('PFM NON-SELL (Draft Layers)'!AZ173="X","X"," ") | BA27: =IF('PFM NON-SELL (Draft Layers)'!BA173="X","X"," ") | BB27: =IF('PFM NON-SELL (Draft Layers)'!BB173="X","X"," ") | BC27: =IF('PFM NON-SELL (Draft Layers)'!BC173="X","X"," ") | BD27: =IF('PFM NON-SELL (Draft Layers)'!BD173="X","X"," ") | ... BF27: =IF('PFM NON-SELL (Draft Layers)'!BF173="X","X"," ") | BI27: =IF('PFM NON-SELL (Draft Layers)'!BG173="X","X"," ") | BJ27: =IF('PFM NON-SELL (Draft Layers)'!BJ173="X","X"," ") -> X | BK27: =IF('PFM NON-SELL (Draft Layers)'!BK173="X","X"," ") | BL27: =IF('PFM NON-SELL (Draft Layers)'!BM173="X","X"," ") | BM27: =IF('PFM NON-SELL (Draft Layers)'!BN173="X","X"," ") | BN27: =IF('PFM NON-SELL (Draft Layers)'!BO173="X","X"," ") | BO27: =IF('PFM NON-SELL (Draft Layers)'!BP173="X","X"," ") -> X | BP27: =IF('PFM NON-SELL (Draft Layers)'!BQ173="X","X"," ") | BQ27: =IF('PFM NON-SELL (Draft Layers)'!BR173="X","X"," ") | BV27: =IF('PFM NON-SELL (Draft Layers)'!BW173="X","X"," ") | BX27: =IF('PFM NON-SELL (Draft Layers)'!BZ173="X","X"," ") -> X | BY27: =IF('PFM NON-SELL (Draft Layers)'!CA173="X","X"," ") | BZ27: =IF('PFM NON-SELL (Draft Layers)'!CB173="X","X"," ") | CA27: =IF('PFM NON-SELL (Draft Layers)'!CC173="X","X"," ") | CB27: =IF('PFM NON-SELL (Draft Layers)'!CD173="X","X"," ") -> X | CC27: =IF('PFM NON-SELL (Draft Layers)'!CE173="X","X"," ") | CD27: =IF('PFM NON-SELL (Draft Layers)'!CF173="X","X"," ") | CE27: =IF('PFM NON-SELL (Draft Layers)'!CG173="X","X"," ") | ... CH27: =IF('PFM NON-SELL (Draft Layers)'!CJ173="X","X"," ") | CM27: =IF('PFM NON-SELL (Draft Layers)'!CV173="X","X"," ") | CN27: =IF('PFM NON-SELL (Draft Layers)'!CW173="X","X"," ") | CO27: =IF('PFM NON-SELL (Draft Layers)'!CX173="X","X"," ") | CP27: =IF('PFM NON-SELL (Draft Layers)'!CY173="X","X"," ") | CQ27: =IF('PFM NON-SELL (Draft Layers)'!CZ173="X","X"," ") | CR27: =IF('PFM NON-SELL (Draft Layers)'!DA173="X","X"," ") | CS27: =IF('PFM NON-SELL (Draft Layers)'!DB173="X","X"," ") | CT27: =IF('PFM NON-SELL (Draft Layers)'!DC173="X","X"," ") | ... DL27: =IF('PFM NON-SELL (Draft Layers)'!DU173="X","X"," ") | DO27: =COUNTIF(AW27:DN27,"x") -> 9
A28: AMAT | B28: AMAT | C28: 0042-32991;05 | D28: REMOVABLE UPPER BAR, C | E28: 753.18 | F28: =E28*G28 -> 2259.54 | G28: =SUM(M28:X28) -> 3 | H28: =ROUNDUP(G28/12,0) -> 1 | I28: =J28*E28 -> 0 | J28: =SUM(Y28:AC28) -> 0 | K28: =ROUNDUP(J28/5,0) -> 0 | L28: 0 | M28: 3 | N28: 0 | O28: 0 | P28: 0 | Q28: 0 | R28: 0 | S28: 0 | T28: 0 | U28: 0 | V28: 0 | W28: 0 | X28: 0 | Y28: 0 | Z28: 0 | AA28: 0 | AB28: 0 | AC28: 0 | AE28: 0 | AF28: 2259.54 | AG28: 0 | AH28: 0 | AI28: 0 | AJ28: 0 | AK28: 0 | AL28: 0 | AM28: 0 | AN28: 0 | AO28: 0 | AP28: 0 | AQ28: 0 | AR28: 0 | AS28: 0 | AT28: 0 | AU28: 0 | AV28: 0 | AW28: =IF('PFM NON-SELL (Draft Layers)'!AW178="X","X"," ") | AX28: =IF('PFM NON-SELL (Draft Layers)'!AX178="X","X"," ") | AY28: =IF('PFM NON-SELL (Draft Layers)'!AY178="X","X"," ") -> X | AZ28: =IF('PFM NON-SELL (Draft Layers)'!AZ178="X","X"," ") | BA28: =IF('PFM NON-SELL (Draft Layers)'!BA178="X","X"," ") | BB28: =IF('PFM NON-SELL (Draft Layers)'!BB178="X","X"," ") | BC28: =IF('PFM NON-SELL (Draft Layers)'!BC178="X","X"," ") | BD28: =IF('PFM NON-SELL (Draft Layers)'!BD178="X","X"," ") | ... BF28: =IF('PFM NON-SELL (Draft Layers)'!BF178="X","X"," ") | BI28: =IF('PFM NON-SELL (Draft Layers)'!BG178="X","X"," ") | BJ28: =IF('PFM NON-SELL (Draft Layers)'!BJ178="X","X"," ") | BK28: =IF('PFM NON-SELL (Draft Layers)'!BK178="X","X"," ") | BL28: =IF('PFM NON-SELL (Draft Layers)'!BM178="X","X"," ") | BM28: =IF('PFM NON-SELL (Draft Layers)'!BN178="X","X"," ") | BN28: =IF('PFM NON-SELL (Draft Layers)'!BO178="X","X"," ") -> X | BO28: =IF('PFM NON-SELL (Draft Layers)'!BP178="X","X"," ") -> X | BP28: =IF('PFM NON-SELL (Draft Layers)'!BQ178="X","X"," ") | BQ28: =IF('PFM NON-SELL (Draft Layers)'!BR178="X","X"," ") | BV28: =IF('PFM NON-SELL (Draft Layers)'!BW178="X","X"," ") | BX28: =IF('PFM NON-SELL (Draft Layers)'!BZ178="X","X"," ") | BY28: =IF('PFM NON-SELL (Draft Layers)'!CA178="X","X"," ") | BZ28: =IF('PFM NON-SELL (Draft Layers)'!CB178="X","X"," ") | CA28: =IF('PFM NON-SELL (Draft Layers)'!CC178="X","X"," ") | CB28: =IF('PFM NON-SELL (Draft Layers)'!CD178="X","X"," ") -> X | CC28: =IF('PFM NON-SELL (Draft Layers)'!CE178="X","X"," ") | CD28: =IF('PFM NON-SELL (Draft Layers)'!CF178="X","X"," ") | CE28: =IF('PFM NON-SELL (Draft Layers)'!CG178="X","X"," ") | ... CH28: =IF('PFM NON-SELL (Draft Layers)'!CJ178="X","X"," ") | CM28: =IF('PFM NON-SELL (Draft Layers)'!CV178="X","X"," ") | CN28: =IF('PFM NON-SELL (Draft Layers)'!CW178="X","X"," ") | CO28: =IF('PFM NON-SELL (Draft Layers)'!CX178="X","X"," ") | CP28: =IF('PFM NON-SELL (Draft Layers)'!CY178="X","X"," ") | CQ28: =IF('PFM NON-SELL (Draft Layers)'!CZ178="X","X"," ") | CR28: =IF('PFM NON-SELL (Draft Layers)'!DA178="X","X"," ") | CS28: =IF('PFM NON-SELL (Draft Layers)'!DB178="X","X"," ") | CT28: =IF('PFM NON-SELL (Draft Layers)'!DC178="X","X"," ") | ... DL28: =IF('PFM NON-SELL (Draft Layers)'!DU178="X","X"," ") | DO28: =COUNTIF(AW28:DN28,"x") -> 8
A29: AMAT | B29: ICHOR | C29: 0022-12699;05 | D29: PLATE,BOTTOM,W/EXHAUST | E29: 4.07 | F29: =E29*G29 -> 1005.29 | G29: =SUM(M29:X29) -> 247 | H29: =ROUNDUP(G29/12,0) -> 21 | I29: =J29*E29 -> 0 | J29: =SUM(Y29:AC29) -> 0 | K29: =ROUNDUP(J29/5,0) -> 0 | L29: 3 | M29: 247 | N29: 0 | O29: 0 | P29: 0 | Q29: 0 | R29: 0 | S29: 0 | T29: 0 | U29: 0 | V29: 0 | W29: 0 | X29: 0 | Y29: 0 | Z29: 0 | AA29: 0 | AB29: 0 | AC29: 0 | AE29: 12.21 | AF29: 1005.29 | AG29: 0 | AH29: 0 | AI29: 0 | AJ29: 0 | AK29: 0 | AL29: 0 | AM29: 0 | AN29: 0 | AO29: 0 | AP29: 0 | AQ29: 0 | AR29: 0 | AS29: 0 | AT29: 0 | AU29: 0 | AV29: 0 | AW29: =IF('PFM NON-SELL (Draft Layers)'!AW181="X","X"," ") | AX29: =IF('PFM NON-SELL (Draft Layers)'!AX181="X","X"," ") | AY29: =IF('PFM NON-SELL (Draft Layers)'!AY181="X","X"," ") -> X | AZ29: =IF('PFM NON-SELL (Draft Layers)'!AZ181="X","X"," ") | BA29: =IF('PFM NON-SELL (Draft Layers)'!BA181="X","X"," ") | BB29: =IF('PFM NON-SELL (Draft Layers)'!BB181="X","X"," ") | BC29: =IF('PFM NON-SELL (Draft Layers)'!BC181="X","X"," ") | BD29: =IF('PFM NON-SELL (Draft Layers)'!BD181="X","X"," ") | ... BF29: =IF('PFM NON-SELL (Draft Layers)'!BF181="X","X"," ") | BI29: =IF('PFM NON-SELL (Draft Layers)'!BG181="X","X"," ") | BJ29: =IF('PFM NON-SELL (Draft Layers)'!BJ181="X","X"," ") | BK29: =IF('PFM NON-SELL (Draft Layers)'!BK181="X","X"," ") | BL29: =IF('PFM NON-SELL (Draft Layers)'!BM181="X","X"," ") | BM29: =IF('PFM NON-SELL (Draft Layers)'!BN181="X","X"," ") | BN29: =IF('PFM NON-SELL (Draft Layers)'!BO181="X","X"," ") | BO29: =IF('PFM NON-SELL (Draft Layers)'!BP181="X","X"," ") -> X | BP29: =IF('PFM NON-SELL (Draft Layers)'!BQ181="X","X"," ") | BQ29: =IF('PFM NON-SELL (Draft Layers)'!BR181="X","X"," ") | BV29: =IF('PFM NON-SELL (Draft Layers)'!BW181="X","X"," ") | BX29: =IF('PFM NON-SELL (Draft Layers)'!BZ181="X","X"," ") | BY29: =IF('PFM NON-SELL (Draft Layers)'!CA181="X","X"," ") | BZ29: =IF('PFM NON-SELL (Draft Layers)'!CB181="X","X"," ") | CA29: =IF('PFM NON-SELL (Draft Layers)'!CC181="X","X"," ") | CB29: =IF('PFM NON-SELL (Draft Layers)'!CD181="X","X"," ") | CC29: =IF('PFM NON-SELL (Draft Layers)'!CE181="X","X"," ") | CD29: =IF('PFM NON-SELL (Draft Layers)'!CF181="X","X"," ") | CE29: =IF('PFM NON-SELL (Draft Layers)'!CG181="X","X"," ") | ... CH29: =IF('PFM NON-SELL (Draft Layers)'!CJ181="X","X"," ") | CM29: =IF('PFM NON-SELL (Draft Layers)'!CV181="X","X"," ") | CN29: =IF('PFM NON-SELL (Draft Layers)'!CW181="X","X"," ") | CO29: =IF('PFM NON-SELL (Draft Layers)'!CX181="X","X"," ") | CP29: =IF('PFM NON-SELL (Draft Layers)'!CY181="X","X"," ") | CQ29: =IF('PFM NON-SELL (Draft Layers)'!CZ181="X","X"," ") | CR29: =IF('PFM NON-SELL (Draft Layers)'!DA181="X","X"," ") | CS29: =IF('PFM NON-SELL (Draft Layers)'!DB181="X","X"," ") | CT29: =IF('PFM NON-SELL (Draft Layers)'!DC181="X","X"," ") | ... DL29: =IF('PFM NON-SELL (Draft Layers)'!DU181="X","X"," ") | DO29: =COUNTIF(AW29:DN29,"x") -> 6
A30: ARIS | B30: ARIS MISC | C30: ASY-06327-02;A0 | D30: ASY,DNL,FC,FAN,PCB,STI | E30: 69.56 | F30: =E30*G30 -> 66012.44 | G30: =SUM(M30:X30) -> 949 | H30: =ROUNDUP(G30/12,0) -> 80 | I30: =J30*E30 -> 0 | J30: =SUM(Y30:AC30) -> 0 | K30: =ROUNDUP(J30/5,0) -> 0 | L30: 0 | M30: 476 | N30: 473 | O30: 0 | P30: 0 | Q30: 0 | R30: 0 | S30: 0 | T30: 0 | U30: 0 | V30: 0 | W30: 0 | X30: 0 | Y30: 0 | Z30: 0 | AA30: 0 | AB30: 0 | AC30: 0 | AE30: 0 | AF30: 24856.72 | AG30: 24700.06 | AH30: 0 | AI30: 0 | AJ30: 0 | AK30: 0 | AL30: 0 | AM30: 0 | AN30: 0 | AO30: 0 | AP30: 0 | AQ30: 0 | AR30: 0 | AS30: 0 | AT30: 0 | AU30: 0 | AV30: 0 | AW30: =IF('PFM NON-SELL (Draft Layers)'!AW182="X","X"," ") -> X | AX30: =IF('PFM NON-SELL (Draft Layers)'!AX182="X","X"," ") -> X | AY30: =IF('PFM NON-SELL (Draft Layers)'!AY182="X","X"," ") | AZ30: =IF('PFM NON-SELL (Draft Layers)'!AZ182="X","X"," ") | BA30: =IF('PFM NON-SELL (Draft Layers)'!BA182="X","X"," ") | BB30: =IF('PFM NON-SELL (Draft Layers)'!BB182="X","X"," ") | BC30: =IF('PFM NON-SELL (Draft Layers)'!BC182="X","X"," ") | BD30: =IF('PFM NON-SELL (Draft Layers)'!BD182="X","X"," ") | ... BF30: =IF('PFM NON-SELL (Draft Layers)'!BF182="X","X"," ") | BI30: =IF('PFM NON-SELL (Draft Layers)'!BG182="X","X"," ") | BJ30: =IF('PFM NON-SELL (Draft Layers)'!BJ182="X","X"," ") | BK30: =IF('PFM NON-SELL (Draft Layers)'!BK182="X","X"," ") | BL30: =IF('PFM NON-SELL (Draft Layers)'!BM182="X","X"," ") | BM30: =IF('PFM NON-SELL (Draft Layers)'!BN182="X","X"," ") | BN30: =IF('PFM NON-SELL (Draft Layers)'!BO182="X","X"," ") -> X | BO30: =IF('PFM NON-SELL (Draft Layers)'!BP182="X","X"," ") -> X | BP30: =IF('PFM NON-SELL (Draft Layers)'!BQ182="X","X"," ") | BQ30: =IF('PFM NON-SELL (Draft Layers)'!BR182="X","X"," ") | BV30: =IF('PFM NON-SELL (Draft Layers)'!BW182="X","X"," ") | BX30: =IF('PFM NON-SELL (Draft Layers)'!BZ182="X","X"," ") | BY30: =IF('PFM NON-SELL (Draft Layers)'!CA182="X","X"," ") | BZ30: =IF('PFM NON-SELL (Draft Layers)'!CB182="X","X"," ") | CA30: =IF('PFM NON-SELL (Draft Layers)'!CC182="X","X"," ") | CB30: =IF('PFM NON-SELL (Draft Layers)'!CD182="X","X"," ") | CC30: =IF('PFM NON-SELL (Draft Layers)'!CE182="X","X"," ") | CD30: =IF('PFM NON-SELL (Draft Layers)'!CF182="X","X"," ") | CE30: =IF('PFM NON-SELL (Draft Layers)'!CG182="X","X"," ") | ... CH30: =IF('PFM NON-SELL (Draft Layers)'!CJ182="X","X"," ") | CM30: =IF('PFM NON-SELL (Draft Layers)'!CV182="X","X"," ") | CN30: =IF('PFM NON-SELL (Draft Layers)'!CW182="X","X"," ") | CO30: =IF('PFM NON-SELL (Draft Layers)'!CX182="X","X"," ") | CP30: =IF('PFM NON-SELL (Draft Layers)'!CY182="X","X"," ") | CQ30: =IF('PFM NON-SELL (Draft Layers)'!CZ182="X","X"," ") -> X | CR30: =IF('PFM NON-SELL (Draft Layers)'!DA182="X","X"," ") | CS30: =IF('PFM NON-SELL (Draft Layers)'!DB182="X","X"," ") | CT30: =IF('PFM NON-SELL (Draft Layers)'!DC182="X","X"," ") | ... DL30: =IF('PFM NON-SELL (Draft Layers)'!DU182="X","X"," ") | DO30: =COUNTIF(AW30:DN30,"x") -> 6
A31: ARIS | B31: ARIS MISC | C31: ASY-06331-05;A0 | D31: ASY,DN,FC,COVER REAR,A | E31: 26.01 | F31: =E31*G31 -> 51811.92 | G31: =SUM(M31:X31) -> 1992 | H31: =ROUNDUP(G31/12,0) -> 166 | I31: =J31*E31 -> 0 | J31: =SUM(Y31:AC31) -> 0 | K31: =ROUNDUP(J31/5,0) -> 0 | L31: 0 | M31: 1992 | N31: 0 | O31: 0 | P31: 0 | Q31: 0 | R31: 0 | S31: 0 | T31: 0 | U31: 0 | V31: 0 | W31: 0 | X31: 0 | Y31: 0 | Z31: 0 | AA31: 0 | AB31: 0 | AC31: 0 | AE31: 0 | AF31: 49461.36 | AG31: 0 | AH31: 0 | AI31: 0 | AJ31: 0 | AK31: 0 | AL31: 0 | AM31: 0 | AN31: 0 | AO31: 0 | AP31: 0 | AQ31: 0 | AR31: 0 | AS31: 0 | AT31: 0 | AU31: 0 | AV31: 0 | AW31: =IF('PFM NON-SELL (Draft Layers)'!AW188="X","X"," ") -> X | AX31: =IF('PFM NON-SELL (Draft Layers)'!AX188="X","X"," ") -> X | AY31: =IF('PFM NON-SELL (Draft Layers)'!AY188="X","X"," ") | AZ31: =IF('PFM NON-SELL (Draft Layers)'!AZ188="X","X"," ") | BA31: =IF('PFM NON-SELL (Draft Layers)'!BA188="X","X"," ") | BB31: =IF('PFM NON-SELL (Draft Layers)'!BB188="X","X"," ") | BC31: =IF('PFM NON-SELL (Draft Layers)'!BC188="X","X"," ") | BD31: =IF('PFM NON-SELL (Draft Layers)'!BD188="X","X"," ") | ... BF31: =IF('PFM NON-SELL (Draft Layers)'!BF188="X","X"," ") | BI31: =IF('PFM NON-SELL (Draft Layers)'!BG188="X","X"," ") | BJ31: =IF('PFM NON-SELL (Draft Layers)'!BJ188="X","X"," ") | BK31: =IF('PFM NON-SELL (Draft Layers)'!BK188="X","X"," ") | BL31: =IF('PFM NON-SELL (Draft Layers)'!BM188="X","X"," ") | BM31: =IF('PFM NON-SELL (Draft Layers)'!BN188="X","X"," ") | BN31: =IF('PFM NON-SELL (Draft Layers)'!BO188="X","X"," ") | BO31: =IF('PFM NON-SELL (Draft Layers)'!BP188="X","X"," ") -> X | BP31: =IF('PFM NON-SELL (Draft Layers)'!BQ188="X","X"," ") | BQ31: =IF('PFM NON-SELL (Draft Layers)'!BR188="X","X"," ") | BV31: =IF('PFM NON-SELL (Draft Layers)'!BW188="X","X"," ") | BX31: =IF('PFM NON-SELL (Draft Layers)'!BZ188="X","X"," ") | BY31: =IF('PFM NON-SELL (Draft Layers)'!CA188="X","X"," ") | BZ31: =IF('PFM NON-SELL (Draft Layers)'!CB188="X","X"," ") | CA31: =IF('PFM NON-SELL (Draft Layers)'!CC188="X","X"," ") | CB31: =IF('PFM NON-SELL (Draft Layers)'!CD188="X","X"," ") | CC31: =IF('PFM NON-SELL (Draft Layers)'!CE188="X","X"," ") | CD31: =IF('PFM NON-SELL (Draft Layers)'!CF188="X","X"," ") | CE31: =IF('PFM NON-SELL (Draft Layers)'!CG188="X","X"," ") | ... CH31: =IF('PFM NON-SELL (Draft Layers)'!CJ188="X","X"," ") | CM31: =IF('PFM NON-SELL (Draft Layers)'!CV188="X","X"," ") | CN31: =IF('PFM NON-SELL (Draft Layers)'!CW188="X","X"," ") | CO31: =IF('PFM NON-SELL (Draft Layers)'!CX188="X","X"," ") | CP31: =IF('PFM NON-SELL (Draft Layers)'!CY188="X","X"," ") | CQ31: =IF('PFM NON-SELL (Draft Layers)'!CZ188="X","X"," ") -> X | CR31: =IF('PFM NON-SELL (Draft Layers)'!DA188="X","X"," ") | CS31: =IF('PFM NON-SELL (Draft Layers)'!DB188="X","X"," ") | CT31: =IF('PFM NON-SELL (Draft Layers)'!DC188="X","X"," ") | ... DL31: =IF('PFM NON-SELL (Draft Layers)'!DU188="X","X"," ") | DO31: =COUNTIF(AW31:DN31,"x") -> 5
A32: ARIS | B32: AURORA | C32: ASY-08367-01;A0 | D32: ASY,DN,FC,TRAY,AURORA | E32: 269.4 | F32: =E32*G32 -> 14008.8 | G32: =SUM(M32:X32) -> 52 | H32: =ROUNDUP(G32/12,0) -> 5 | I32: =J32*E32 -> 0 | J32: =SUM(Y32:AC32) -> 0 | K32: =ROUNDUP(J32/5,0) -> 0 | L32: 0 | M32: 0 | N32: 52 | O32: 0 | P32: 0 | Q32: 0 | R32: 0 | S32: 0 | T32: 0 | U32: 0 | V32: 0 | W32: 0 | X32: 0 | Y32: 0 | Z32: 0 | AA32: 0 | AB32: 0 | AC32: 0 | AE32: 0 | AF32: 0 | AG32: 14008.8 | AH32: 0 | AI32: 0 | AJ32: 0 | AK32: 0 | AL32: 0 | AM32: 0 | AN32: 0 | AO32: 0 | AP32: 0 | AQ32: 0 | AR32: 0 | AS32: 0 | AT32: 0 | AU32: 0 | AV32: 0 | AW32: =IF('PFM NON-SELL (Draft Layers)'!AW195="X","X"," ") -> X | AX32: =IF('PFM NON-SELL (Draft Layers)'!AX195="X","X"," ") -> X | AY32: =IF('PFM NON-SELL (Draft Layers)'!AY195="X","X"," ") -> X | AZ32: =IF('PFM NON-SELL (Draft Layers)'!AZ195="X","X"," ") | BA32: =IF('PFM NON-SELL (Draft Layers)'!BA195="X","X"," ") | BB32: =IF('PFM NON-SELL (Draft Layers)'!BB195="X","X"," ") | BC32: =IF('PFM NON-SELL (Draft Layers)'!BC195="X","X"," ") | BD32: =IF('PFM NON-SELL (Draft Layers)'!BD195="X","X"," ") | ... BF32: =IF('PFM NON-SELL (Draft Layers)'!BF195="X","X"," ") | BI32: =IF('PFM NON-SELL (Draft Layers)'!BG195="X","X"," ") | BJ32: =IF('PFM NON-SELL (Draft Layers)'!BJ195="X","X"," ") | BK32: =IF('PFM NON-SELL (Draft Layers)'!BK195="X","X"," ") -> X | BL32: =IF('PFM NON-SELL (Draft Layers)'!BM195="X","X"," ") | BM32: =IF('PFM NON-SELL (Draft Layers)'!BN195="X","X"," ") | BN32: =IF('PFM NON-SELL (Draft Layers)'!BO195="X","X"," ") -> X | BO32: =IF('PFM NON-SELL (Draft Layers)'!BP195="X","X"," ") -> X | BP32: =IF('PFM NON-SELL (Draft Layers)'!BQ195="X","X"," ") | BQ32: =IF('PFM NON-SELL (Draft Layers)'!BR195="X","X"," ") | BV32: =IF('PFM NON-SELL (Draft Layers)'!BW195="X","X"," ") | BX32: =IF('PFM NON-SELL (Draft Layers)'!BZ195="X","X"," ") | BY32: =IF('PFM NON-SELL (Draft Layers)'!CA195="X","X"," ") | BZ32: =IF('PFM NON-SELL (Draft Layers)'!CB195="X","X"," ") | CA32: =IF('PFM NON-SELL (Draft Layers)'!CC195="X","X"," ") | CB32: =IF('PFM NON-SELL (Draft Layers)'!CD195="X","X"," ") | CC32: =IF('PFM NON-SELL (Draft Layers)'!CE195="X","X"," ") | CD32: =IF('PFM NON-SELL (Draft Layers)'!CF195="X","X"," ") | CE32: =IF('PFM NON-SELL (Draft Layers)'!CG195="X","X"," ") | ... CH32: =IF('PFM NON-SELL (Draft Layers)'!CJ195="X","X"," ") | CM32: =IF('PFM NON-SELL (Draft Layers)'!CV195="X","X"," ") | CN32: =IF('PFM NON-SELL (Draft Layers)'!CW195="X","X"," ") | CO32: =IF('PFM NON-SELL (Draft Layers)'!CX195="X","X"," ") | CP32: =IF('PFM NON-SELL (Draft Layers)'!CY195="X","X"," ") | CQ32: =IF('PFM NON-SELL (Draft Layers)'!CZ195="X","X"," ") | CR32: =IF('PFM NON-SELL (Draft Layers)'!DA195="X","X"," ") | CS32: =IF('PFM NON-SELL (Draft Layers)'!DB195="X","X"," ") | CT32: =IF('PFM NON-SELL (Draft Layers)'!DC195="X","X"," ") | ... DL32: =IF('PFM NON-SELL (Draft Layers)'!DU195="X","X"," ") | DO32: =COUNTIF(AW32:DN32,"x") -> 8
A33: ARIS | B33: BROOK | C33: ASY-03911-03;A0 | D33: ASM,DN,HSNK,BRKT,LF,BR | E33: 3.53 | F33: =E33*G33 -> 3830.05 | G33: =SUM(M33:X33) -> 1085 | H33: =ROUNDUP(G33/12,0) -> 91 | I33: =J33*E33 -> 2329.8 | J33: =SUM(Y33:AC33) -> 660 | K33: =ROUNDUP(J33/5,0) -> 132 | L33: 0 | M33: 0 | N33: 0 | O33: 0 | P33: 0 | Q33: 185 | R33: 120 | S33: 150 | T33: 120 | U33: 120 | V33: 150 | W33: 120 | X33: 120 | Y33: 150 | Z33: 120 | AA33: 120 | AB33: 150 | AC33: 120 | AE33: 0 | AF33: 0 | AG33: 0 | AH33: 0 | AI33: 0 | AJ33: 654.9 | AK33: 424.8 | AL33: 531 | AM33: 424.8 | AN33: 424.8 | AO33: 531 | AP33: 424.8 | AQ33: 424.8 | AR33: 531 | AS33: 424.8 | AT33: 424.8 | AU33: 531 | AV33: 424.8 | AW33: =IF('PFM NON-SELL (Draft Layers)'!AW213="X","X"," ") | AX33: =IF('PFM NON-SELL (Draft Layers)'!AX213="X","X"," ") | AY33: =IF('PFM NON-SELL (Draft Layers)'!AY213="X","X"," ") -> X | AZ33: =IF('PFM NON-SELL (Draft Layers)'!AZ213="X","X"," ") | BA33: =IF('PFM NON-SELL (Draft Layers)'!BA213="X","X"," ") | BB33: =IF('PFM NON-SELL (Draft Layers)'!BB213="X","X"," ") | BC33: =IF('PFM NON-SELL (Draft Layers)'!BC213="X","X"," ") | BD33: =IF('PFM NON-SELL (Draft Layers)'!BD213="X","X"," ") | ... BF33: =IF('PFM NON-SELL (Draft Layers)'!BF213="X","X"," ") | BI33: =IF('PFM NON-SELL (Draft Layers)'!BG213="X","X"," ") | BJ33: =IF('PFM NON-SELL (Draft Layers)'!BJ213="X","X"," ") | BK33: =IF('PFM NON-SELL (Draft Layers)'!BK213="X","X"," ") | BL33: =IF('PFM NON-SELL (Draft Layers)'!BM213="X","X"," ") | BM33: =IF('PFM NON-SELL (Draft Layers)'!BN213="X","X"," ") | BN33: =IF('PFM NON-SELL (Draft Layers)'!BO213="X","X"," ") -> X | BO33: =IF('PFM NON-SELL (Draft Layers)'!BP213="X","X"," ") -> X | BP33: =IF('PFM NON-SELL (Draft Layers)'!BQ213="X","X"," ") | BQ33: =IF('PFM NON-SELL (Draft Layers)'!BR213="X","X"," ") | BV33: =IF('PFM NON-SELL (Draft Layers)'!BW213="X","X"," ") | BX33: =IF('PFM NON-SELL (Draft Layers)'!BZ213="X","X"," ") | BY33: =IF('PFM NON-SELL (Draft Layers)'!CA213="X","X"," ") | BZ33: =IF('PFM NON-SELL (Draft Layers)'!CB213="X","X"," ") | CA33: =IF('PFM NON-SELL (Draft Layers)'!CC213="X","X"," ") | CB33: =IF('PFM NON-SELL (Draft Layers)'!CD213="X","X"," ") | CC33: =IF('PFM NON-SELL (Draft Layers)'!CE213="X","X"," ") | CD33: =IF('PFM NON-SELL (Draft Layers)'!CF213="X","X"," ") | CE33: =IF('PFM NON-SELL (Draft Layers)'!CG213="X","X"," ") | ... CH33: =IF('PFM NON-SELL (Draft Layers)'!CJ213="X","X"," ") | CM33: =IF('PFM NON-SELL (Draft Layers)'!CV213="X","X"," ") | CN33: =IF('PFM NON-SELL (Draft Layers)'!CW213="X","X"," ") | CO33: =IF('PFM NON-SELL (Draft Layers)'!CX213="X","X"," ") | CP33: =IF('PFM NON-SELL (Draft Layers)'!CY213="X","X"," ") | CQ33: =IF('PFM NON-SELL (Draft Layers)'!CZ213="X","X"," ") | CR33: =IF('PFM NON-SELL (Draft Layers)'!DA213="X","X"," ") | CS33: =IF('PFM NON-SELL (Draft Layers)'!DB213="X","X"," ") | CT33: =IF('PFM NON-SELL (Draft Layers)'!DC213="X","X"," ") | ... DL33: =IF('PFM NON-SELL (Draft Layers)'!DU213="X","X"," ") | DO33: =COUNTIF(AW33:DN33,"x") -> 5
A34: ARIS | B34: BROOK | C34: ASY-03912-03;A2 | D34: ASY,DN,FC,COVER REAR,B | E34: 13.22 | F34: =E34*G34 -> 31728 | G34: =SUM(M34:X34) -> 2400 | H34: =ROUNDUP(G34/12,0) -> 200 | I34: =J34*E34 -> 8725.2 | J34: =SUM(Y34:AC34) -> 660 | K34: =ROUNDUP(J34/5,0) -> 132 | L34: 0 | M34: 0 | N34: 0 | O34: 500 | P34: 500 | Q34: 500 | R34: 120 | S34: 150 | T34: 120 | U34: 120 | V34: 150 | W34: 120 | X34: 120 | Y34: 150 | Z34: 120 | AA34: 120 | AB34: 150 | AC34: 120 | AE34: 0 | AF34: 0 | AG34: 0 | AH34: 5875 | AI34: 5875 | AJ34: 5875 | AK34: 1410 | AL34: 1699.5 | AM34: 1359.6 | AN34: 1359.6 | AO34: 1699.5 | AP34: 1359.6 | AQ34: 1359.6 | AR34: 1699.5 | AS34: 1359.6 | AT34: 1359.6 | AU34: 1699.5 | AV34: 1359.6 | AW34: =IF('PFM NON-SELL (Draft Layers)'!AW214="X","X"," ") -> X | AX34: =IF('PFM NON-SELL (Draft Layers)'!AX214="X","X"," ") | AY34: =IF('PFM NON-SELL (Draft Layers)'!AY214="X","X"," ") | AZ34: =IF('PFM NON-SELL (Draft Layers)'!AZ214="X","X"," ") | BA34: =IF('PFM NON-SELL (Draft Layers)'!BA214="X","X"," ") | BB34: =IF('PFM NON-SELL (Draft Layers)'!BB214="X","X"," ") | BC34: =IF('PFM NON-SELL (Draft Layers)'!BC214="X","X"," ") | BD34: =IF('PFM NON-SELL (Draft Layers)'!BD214="X","X"," ") | ... BF34: =IF('PFM NON-SELL (Draft Layers)'!BF214="X","X"," ") | BI34: =IF('PFM NON-SELL (Draft Layers)'!BG214="X","X"," ") | BJ34: =IF('PFM NON-SELL (Draft Layers)'!BJ214="X","X"," ") | BK34: =IF('PFM NON-SELL (Draft Layers)'!BK214="X","X"," ") | BL34: =IF('PFM NON-SELL (Draft Layers)'!BM214="X","X"," ") | BM34: =IF('PFM NON-SELL (Draft Layers)'!BN214="X","X"," ") | BN34: =IF('PFM NON-SELL (Draft Layers)'!BO214="X","X"," ") | BO34: =IF('PFM NON-SELL (Draft Layers)'!BP214="X","X"," ") -> X | BP34: =IF('PFM NON-SELL (Draft Layers)'!BQ214="X","X"," ") | BQ34: =IF('PFM NON-SELL (Draft Layers)'!BR214="X","X"," ") | BV34: =IF('PFM NON-SELL (Draft Layers)'!BW214="X","X"," ") | BX34: =IF('PFM NON-SELL (Draft Layers)'!BZ214="X","X"," ") | BY34: =IF('PFM NON-SELL (Draft Layers)'!CA214="X","X"," ") | BZ34: =IF('PFM NON-SELL (Draft Layers)'!CB214="X","X"," ") | CA34: =IF('PFM NON-SELL (Draft Layers)'!CC214="X","X"," ") | CB34: =IF('PFM NON-SELL (Draft Layers)'!CD214="X","X"," ") | CC34: =IF('PFM NON-SELL (Draft Layers)'!CE214="X","X"," ") | CD34: =IF('PFM NON-SELL (Draft Layers)'!CF214="X","X"," ") | CE34: =IF('PFM NON-SELL (Draft Layers)'!CG214="X","X"," ") | ... CH34: =IF('PFM NON-SELL (Draft Layers)'!CJ214="X","X"," ") | CM34: =IF('PFM NON-SELL (Draft Layers)'!CV214="X","X"," ") | CN34: =IF('PFM NON-SELL (Draft Layers)'!CW214="X","X"," ") | CO34: =IF('PFM NON-SELL (Draft Layers)'!CX214="X","X"," ") | CP34: =IF('PFM NON-SELL (Draft Layers)'!CY214="X","X"," ") | CQ34: =IF('PFM NON-SELL (Draft Layers)'!CZ214="X","X"," ") | CR34: =IF('PFM NON-SELL (Draft Layers)'!DA214="X","X"," ") | CS34: =IF('PFM NON-SELL (Draft Layers)'!DB214="X","X"," ") | CT34: =IF('PFM NON-SELL (Draft Layers)'!DC214="X","X"," ") | ... DL34: =IF('PFM NON-SELL (Draft Layers)'!DU214="X","X"," ") | DO34: =COUNTIF(AW34:DN34,"x") -> 4
A35: ARIS | B35: BROOK | C35: ASY-03913-11;C0 | D35: ASY,DN,FC,TRAY ASM,BRO | E35: 184.88 | F35: =E35*G35 -> 385474.8 | G35: =SUM(M35:X35) -> 2085 | H35: =ROUNDUP(G35/12,0) -> 174 | I35: =J35*E35 -> 122020.8 | J35: =SUM(Y35:AC35) -> 660 | K35: =ROUNDUP(J35/5,0) -> 132 | L35: 0 | M35: 0 | N35: 0 | O35: 500 | P35: 500 | Q35: 185 | R35: 120 | S35: 150 | T35: 120 | U35: 120 | V35: 150 | W35: 120 | X35: 120 | Y35: 150 | Z35: 120 | AA35: 120 | AB35: 150 | AC35: 120 | AE35: 0 | AF35: 0 | AG35: 0 | AH35: 92440 | AI35: 92440 | AJ35: 34202.8 | AK35: 22185.6 | AL35: 27732 | AM35: 22185.6 | AN35: 22185.6 | AO35: 27732 | AP35: 22185.6 | AQ35: 22185.6 | AR35: 27732 | AS35: 22185.6 | AT35: 22185.6 | AU35: 27732 | AV35: 22185.6 | AW35: =IF('PFM NON-SELL (Draft Layers)'!AW218="X","X"," ") -> X | AX35: =IF('PFM NON-SELL (Draft Layers)'!AX218="X","X"," ") -> X | AY35: =IF('PFM NON-SELL (Draft Layers)'!AY218="X","X"," ") -> X | AZ35: =IF('PFM NON-SELL (Draft Layers)'!AZ218="X","X"," ") | BA35: =IF('PFM NON-SELL (Draft Layers)'!BA218="X","X"," ") -> X | BB35: =IF('PFM NON-SELL (Draft Layers)'!BB218="X","X"," ") | BC35: =IF('PFM NON-SELL (Draft Layers)'!BC218="X","X"," ") | BD35: =IF('PFM NON-SELL (Draft Layers)'!BD218="X","X"," ") | ... BF35: =IF('PFM NON-SELL (Draft Layers)'!BF218="X","X"," ") | BI35: =IF('PFM NON-SELL (Draft Layers)'!BG218="X","X"," ") | BJ35: =IF('PFM NON-SELL (Draft Layers)'!BJ218="X","X"," ") | BK35: =IF('PFM NON-SELL (Draft Layers)'!BK218="X","X"," ") -> X | BL35: =IF('PFM NON-SELL (Draft Layers)'!BM218="X","X"," ") | BM35: =IF('PFM NON-SELL (Draft Layers)'!BN218="X","X"," ") | BN35: =IF('PFM NON-SELL (Draft Layers)'!BO218="X","X"," ") -> X | BO35: =IF('PFM NON-SELL (Draft Layers)'!BP218="X","X"," ") -> X | BP35: =IF('PFM NON-SELL (Draft Layers)'!BQ218="X","X"," ") | BQ35: =IF('PFM NON-SELL (Draft Layers)'!BR218="X","X"," ") | BV35: =IF('PFM NON-SELL (Draft Layers)'!BW218="X","X"," ") | BX35: =IF('PFM NON-SELL (Draft Layers)'!BZ218="X","X"," ") | BY35: =IF('PFM NON-SELL (Draft Layers)'!CA218="X","X"," ") | BZ35: =IF('PFM NON-SELL (Draft Layers)'!CB218="X","X"," ") | CA35: =IF('PFM NON-SELL (Draft Layers)'!CC218="X","X"," ") | CB35: =IF('PFM NON-SELL (Draft Layers)'!CD218="X","X"," ") | CC35: =IF('PFM NON-SELL (Draft Layers)'!CE218="X","X"," ") | CD35: =IF('PFM NON-SELL (Draft Layers)'!CF218="X","X"," ") | CE35: =IF('PFM NON-SELL (Draft Layers)'!CG218="X","X"," ") | ... CH35: =IF('PFM NON-SELL (Draft Layers)'!CJ218="X","X"," ") | CM35: =IF('PFM NON-SELL (Draft Layers)'!CV218="X","X"," ") | CN35: =IF('PFM NON-SELL (Draft Layers)'!CW218="X","X"," ") | CO35: =IF('PFM NON-SELL (Draft Layers)'!CX218="X","X"," ") | CP35: =IF('PFM NON-SELL (Draft Layers)'!CY218="X","X"," ") | CQ35: =IF('PFM NON-SELL (Draft Layers)'!CZ218="X","X"," ") | CR35: =IF('PFM NON-SELL (Draft Layers)'!DA218="X","X"," ") | CS35: =IF('PFM NON-SELL (Draft Layers)'!DB218="X","X"," ") | CT35: =IF('PFM NON-SELL (Draft Layers)'!DC218="X","X"," ") -> X | ... DL35: =IF('PFM NON-SELL (Draft Layers)'!DU218="X","X"," ") | DO35: =COUNTIF(AW35:DN35,"x") -> 9
A36: ARIS | B36: BROOK | C36: ASY-03916-02;A1 | D36: ASY,DN,FC,BRACKET,BROO | E36: 9.14 | F36: =E36*G36 -> 12147.06 | G36: =SUM(M36:X36) -> 1329 | H36: =ROUNDUP(G36/12,0) -> 111 | I36: =J36*E36 -> 6032.4 | J36: =SUM(Y36:AC36) -> 660 | K36: =ROUNDUP(J36/5,0) -> 132 | L36: 0 | M36: 244 | N36: 0 | O36: 0 | P36: 0 | Q36: 185 | R36: 120 | S36: 150 | T36: 120 | U36: 120 | V36: 150 | W36: 120 | X36: 120 | Y36: 150 | Z36: 120 | AA36: 120 | AB36: 150 | AC36: 120 | AE36: 0 | AF36: 2156.96 | AG36: 0 | AH36: 0 | AI36: 0 | AJ36: 1646.5 | AK36: 1068 | AL36: 1335 | AM36: 1060.8 | AN36: 1060.8 | AO36: 1326 | AP36: 1060.8 | AQ36: 1060.8 | AR36: 1326 | AS36: 1060.8 | AT36: 1060.8 | AU36: 1326 | AV36: 1060.8 | AW36: =IF('PFM NON-SELL (Draft Layers)'!AW230="X","X"," ") -> X | AX36: =IF('PFM NON-SELL (Draft Layers)'!AX230="X","X"," ") | AY36: =IF('PFM NON-SELL (Draft Layers)'!AY230="X","X"," ") | AZ36: =IF('PFM NON-SELL (Draft Layers)'!AZ230="X","X"," ") | BA36: =IF('PFM NON-SELL (Draft Layers)'!BA230="X","X"," ") | BB36: =IF('PFM NON-SELL (Draft Layers)'!BB230="X","X"," ") | BC36: =IF('PFM NON-SELL (Draft Layers)'!BC230="X","X"," ") | BD36: =IF('PFM NON-SELL (Draft Layers)'!BD230="X","X"," ") | ... BF36: =IF('PFM NON-SELL (Draft Layers)'!BF230="X","X"," ") | BI36: =IF('PFM NON-SELL (Draft Layers)'!BG230="X","X"," ") | BJ36: =IF('PFM NON-SELL (Draft Layers)'!BJ230="X","X"," ") | BK36: =IF('PFM NON-SELL (Draft Layers)'!BK230="X","X"," ") | BL36: =IF('PFM NON-SELL (Draft Layers)'!BM230="X","X"," ") | BM36: =IF('PFM NON-SELL (Draft Layers)'!BN230="X","X"," ") | BN36: =IF('PFM NON-SELL (Draft Layers)'!BO230="X","X"," ") -> X | BO36: =IF('PFM NON-SELL (Draft Layers)'!BP230="X","X"," ") -> X | BP36: =IF('PFM NON-SELL (Draft Layers)'!BQ230="X","X"," ") | BQ36: =IF('PFM NON-SELL (Draft Layers)'!BR230="X","X"," ") | BV36: =IF('PFM NON-SELL (Draft Layers)'!BW230="X","X"," ") | BX36: =IF('PFM NON-SELL (Draft Layers)'!BZ230="X","X"," ") | BY36: =IF('PFM NON-SELL (Draft Layers)'!CA230="X","X"," ") | BZ36: =IF('PFM NON-SELL (Draft Layers)'!CB230="X","X"," ") | CA36: =IF('PFM NON-SELL (Draft Layers)'!CC230="X","X"," ") | CB36: =IF('PFM NON-SELL (Draft Layers)'!CD230="X","X"," ") | CC36: =IF('PFM NON-SELL (Draft Layers)'!CE230="X","X"," ") | CD36: =IF('PFM NON-SELL (Draft Layers)'!CF230="X","X"," ") | CE36: =IF('PFM NON-SELL (Draft Layers)'!CG230="X","X"," ") | ... CH36: =IF('PFM NON-SELL (Draft Layers)'!CJ230="X","X"," ") | CM36: =IF('PFM NON-SELL (Draft Layers)'!CV230="X","X"," ") | CN36: =IF('PFM NON-SELL (Draft Layers)'!CW230="X","X"," ") | CO36: =IF('PFM NON-SELL (Draft Layers)'!CX230="X","X"," ") | CP36: =IF('PFM NON-SELL (Draft Layers)'!CY230="X","X"," ") | CQ36: =IF('PFM NON-SELL (Draft Layers)'!CZ230="X","X"," ") | CR36: =IF('PFM NON-SELL (Draft Layers)'!DA230="X","X"," ") | CS36: =IF('PFM NON-SELL (Draft Layers)'!DB230="X","X"," ") | CT36: =IF('PFM NON-SELL (Draft Layers)'!DC230="X","X"," ") | ... DL36: =IF('PFM NON-SELL (Draft Layers)'!DU230="X","X"," ") | DO36: =COUNTIF(AW36:DN36,"x") -> 5
A37: ARIS | B37: BROOK | C37: ASY-03918-03;B0 | D37: ASY,DN,FC,STIFFENER,TP | E37: 7.27 | F37: =E37*G37 -> 11522.95 | G37: =SUM(M37:X37) -> 1585 | H37: =ROUNDUP(G37/12,0) -> 133 | I37: =J37*E37 -> 4798.2 | J37: =SUM(Y37:AC37) -> 660 | K37: =ROUNDUP(J37/5,0) -> 132 | L37: 0 | M37: 500 | N37: 0 | O37: 0 | P37: 0 | Q37: 185 | R37: 120 | S37: 150 | T37: 120 | U37: 120 | V37: 150 | W37: 120 | X37: 120 | Y37: 150 | Z37: 120 | AA37: 120 | AB37: 150 | AC37: 120 | AE37: 0 | AF37: 3635 | AG37: 0 | AH37: 0 | AI37: 0 | AJ37: 1344.95 | AK37: 872.4 | AL37: 1090.5 | AM37: 872.4 | AN37: 872.4 | AO37: 1090.5 | AP37: 872.4 | AQ37: 872.4 | AR37: 1090.5 | AS37: 872.4 | AT37: 872.4 | AU37: 1090.5 | AV37: 872.4 | AW37: =IF('PFM NON-SELL (Draft Layers)'!AW231="X","X"," ") | AX37: =IF('PFM NON-SELL (Draft Layers)'!AX231="X","X"," ") | AY37: =IF('PFM NON-SELL (Draft Layers)'!AY231="X","X"," ") | AZ37: =IF('PFM NON-SELL (Draft Layers)'!AZ231="X","X"," ") | BA37: =IF('PFM NON-SELL (Draft Layers)'!BA231="X","X"," ") | BB37: =IF('PFM NON-SELL (Draft Layers)'!BB231="X","X"," ") -> X | BC37: =IF('PFM NON-SELL (Draft Layers)'!BC231="X","X"," ") | BD37: =IF('PFM NON-SELL (Draft Layers)'!BD231="X","X"," ") | ... BF37: =IF('PFM NON-SELL (Draft Layers)'!BF231="X","X"," ") | BI37: =IF('PFM NON-SELL (Draft Layers)'!BG231="X","X"," ") | BJ37: =IF('PFM NON-SELL (Draft Layers)'!BJ231="X","X"," ") | BK37: =IF('PFM NON-SELL (Draft Layers)'!BK231="X","X"," ") | BL37: =IF('PFM NON-SELL (Draft Layers)'!BM231="X","X"," ") | BM37: =IF('PFM NON-SELL (Draft Layers)'!BN231="X","X"," ") | BN37: =IF('PFM NON-SELL (Draft Layers)'!BO231="X","X"," ") -> X | BO37: =IF('PFM NON-SELL (Draft Layers)'!BP231="X","X"," ") -> X | BP37: =IF('PFM NON-SELL (Draft Layers)'!BQ231="X","X"," ") | BQ37: =IF('PFM NON-SELL (Draft Layers)'!BR231="X","X"," ") | BV37: =IF('PFM NON-SELL (Draft Layers)'!BW231="X","X"," ") | BX37: =IF('PFM NON-SELL (Draft Layers)'!BZ231="X","X"," ") | BY37: =IF('PFM NON-SELL (Draft Layers)'!CA231="X","X"," ") | BZ37: =IF('PFM NON-SELL (Draft Layers)'!CB231="X","X"," ") | CA37: =IF('PFM NON-SELL (Draft Layers)'!CC231="X","X"," ") | CB37: =IF('PFM NON-SELL (Draft Layers)'!CD231="X","X"," ") | CC37: =IF('PFM NON-SELL (Draft Layers)'!CE231="X","X"," ") | CD37: =IF('PFM NON-SELL (Draft Layers)'!CF231="X","X"," ") | CE37: =IF('PFM NON-SELL (Draft Layers)'!CG231="X","X"," ") | ... CH37: =IF('PFM NON-SELL (Draft Layers)'!CJ231="X","X"," ") | CM37: =IF('PFM NON-SELL (Draft Layers)'!CV231="X","X"," ") | CN37: =IF('PFM NON-SELL (Draft Layers)'!CW231="X","X"," ") | CO37: =IF('PFM NON-SELL (Draft Layers)'!CX231="X","X"," ") | CP37: =IF('PFM NON-SELL (Draft Layers)'!CY231="X","X"," ") | CQ37: =IF('PFM NON-SELL (Draft Layers)'!CZ231="X","X"," ") | CR37: =IF('PFM NON-SELL (Draft Layers)'!DA231="X","X"," ") | CS37: =IF('PFM NON-SELL (Draft Layers)'!DB231="X","X"," ") | CT37: =IF('PFM NON-SELL (Draft Layers)'!DC231="X","X"," ") | ... DL37: =IF('PFM NON-SELL (Draft Layers)'!DU231="X","X"," ") | DO37: =COUNTIF(AW37:DN37,"x") -> 5
A38: ARIS | B38: CLEARWATER | C38: ASY-03305-05;A0 | D38: ASY, DN, LC, CONNECTOR | E38: 4.05 | F38: =E38*G38 -> 4110.75 | G38: =SUM(M38:X38) -> 1015 | H38: =ROUNDUP(G38/12,0) -> 85 | I38: =J38*E38 -> 2583.9 | J38: =SUM(Y38:AC38) -> 638 | K38: =ROUNDUP(J38/5,0) -> 128 | L38: 0 | M38: 0 | N38: 0 | O38: 0 | P38: 0 | Q38: 145 | R38: 116 | S38: 145 | T38: 116 | U38: 116 | V38: 145 | W38: 116 | X38: 116 | Y38: 145 | Z38: 116 | AA38: 116 | AB38: 145 | AC38: 116 | AE38: 0 | AF38: 0 | AG38: 0 | AH38: 0 | AI38: 0 | AJ38: 540.85 | AK38: 432.68 | AL38: 540.85 | AM38: 432.68 | AN38: 432.68 | AO38: 540.85 | AP38: 432.68 | AQ38: 432.68 | AR38: 540.85 | AS38: 432.68 | AT38: 432.68 | AU38: 540.85 | AV38: 432.68 | AW38: =IF('PFM NON-SELL (Draft Layers)'!AW235="X","X"," ") | AX38: =IF('PFM NON-SELL (Draft Layers)'!AX235="X","X"," ") | AY38: =IF('PFM NON-SELL (Draft Layers)'!AY235="X","X"," ") | AZ38: =IF('PFM NON-SELL (Draft Layers)'!AZ235="X","X"," ") | BA38: =IF('PFM NON-SELL (Draft Layers)'!BA235="X","X"," ") | BB38: =IF('PFM NON-SELL (Draft Layers)'!BB235="X","X"," ") -> X | BC38: =IF('PFM NON-SELL (Draft Layers)'!BC235="X","X"," ") | BD38: =IF('PFM NON-SELL (Draft Layers)'!BD235="X","X"," ") | ... BF38: =IF('PFM NON-SELL (Draft Layers)'!BF235="X","X"," ") | BI38: =IF('PFM NON-SELL (Draft Layers)'!BG235="X","X"," ") | BJ38: =IF('PFM NON-SELL (Draft Layers)'!BJ235="X","X"," ") | BK38: =IF('PFM NON-SELL (Draft Layers)'!BK235="X","X"," ") | BL38: =IF('PFM NON-SELL (Draft Layers)'!BM235="X","X"," ") | BM38: =IF('PFM NON-SELL (Draft Layers)'!BN235="X","X"," ") | BN38: =IF('PFM NON-SELL (Draft Layers)'!BO235="X","X"," ") -> X | BO38: =IF('PFM NON-SELL (Draft Layers)'!BP235="X","X"," ") -> X | BP38: =IF('PFM NON-SELL (Draft Layers)'!BQ235="X","X"," ") | BQ38: =IF('PFM NON-SELL (Draft Layers)'!BR235="X","X"," ") | BV38: =IF('PFM NON-SELL (Draft Layers)'!BW235="X","X"," ") | BX38: =IF('PFM NON-SELL (Draft Layers)'!BZ235="X","X"," ") | BY38: =IF('PFM NON-SELL (Draft Layers)'!CA235="X","X"," ") | BZ38: =IF('PFM NON-SELL (Draft Layers)'!CB235="X","X"," ") | CA38: =IF('PFM NON-SELL (Draft Layers)'!CC235="X","X"," ") | CB38: =IF('PFM NON-SELL (Draft Layers)'!CD235="X","X"," ") | CC38: =IF('PFM NON-SELL (Draft Layers)'!CE235="X","X"," ") | CD38: =IF('PFM NON-SELL (Draft Layers)'!CF235="X","X"," ") | CE38: =IF('PFM NON-SELL (Draft Layers)'!CG235="X","X"," ") | ... CH38: =IF('PFM NON-SELL (Draft Layers)'!CJ235="X","X"," ") | CM38: =IF('PFM NON-SELL (Draft Layers)'!CV235="X","X"," ") | CN38: =IF('PFM NON-SELL (Draft Layers)'!CW235="X","X"," ") | CO38: =IF('PFM NON-SELL (Draft Layers)'!CX235="X","X"," ") | CP38: =IF('PFM NON-SELL (Draft Layers)'!CY235="X","X"," ") | CQ38: =IF('PFM NON-SELL (Draft Layers)'!CZ235="X","X"," ") | CR38: =IF('PFM NON-SELL (Draft Layers)'!DA235="X","X"," ") | CS38: =IF('PFM NON-SELL (Draft Layers)'!DB235="X","X"," ") | CT38: =IF('PFM NON-SELL (Draft Layers)'!DC235="X","X"," ") | ... DL38: =IF('PFM NON-SELL (Draft Layers)'!DU235="X","X"," ") | DO38: =COUNTIF(AW38:DN38,"x") -> 5
A39: ARIS | B39: CLEARWATER | C39: ASY-03834-03;A0 | D39: ASY,LC,STIFFENER,FRONT | E39: 10 | F39: =E39*G39 -> 10150 | G39: =SUM(M39:X39) -> 1015 | H39: =ROUNDUP(G39/12,0) -> 85 | I39: =J39*E39 -> 6380 | J39: =SUM(Y39:AC39) -> 638 | K39: =ROUNDUP(J39/5,0) -> 128 | L39: 0 | M39: 0 | N39: 0 | O39: 0 | P39: 0 | Q39: 145 | R39: 116 | S39: 145 | T39: 116 | U39: 116 | V39: 145 | W39: 116 | X39: 116 | Y39: 145 | Z39: 116 | AA39: 116 | AB39: 145 | AC39: 116 | AE39: 0 | AF39: 0 | AG39: 0 | AH39: 0 | AI39: 0 | AJ39: 1450 | AK39: 1160 | AL39: 1450 | AM39: 1160 | AN39: 1160 | AO39: 1450 | AP39: 1160 | AQ39: 1160 | AR39: 1450 | AS39: 1160 | AT39: 1160 | AU39: 1450 | AV39: 1160 | AW39: =IF('PFM NON-SELL (Draft Layers)'!AW238="X","X"," ") | AX39: =IF('PFM NON-SELL (Draft Layers)'!AX238="X","X"," ") | AY39: =IF('PFM NON-SELL (Draft Layers)'!AY238="X","X"," ") -> X | AZ39: =IF('PFM NON-SELL (Draft Layers)'!AZ238="X","X"," ") | BA39: =IF('PFM NON-SELL (Draft Layers)'!BA238="X","X"," ") | BB39: =IF('PFM NON-SELL (Draft Layers)'!BB238="X","X"," ") | BC39: =IF('PFM NON-SELL (Draft Layers)'!BC238="X","X"," ") | BD39: =IF('PFM NON-SELL (Draft Layers)'!BD238="X","X"," ") | ... BF39: =IF('PFM NON-SELL (Draft Layers)'!BF238="X","X"," ") | BI39: =IF('PFM NON-SELL (Draft Layers)'!BG238="X","X"," ") | BJ39: =IF('PFM NON-SELL (Draft Layers)'!BJ238="X","X"," ") | BK39: =IF('PFM NON-SELL (Draft Layers)'!BK238="X","X"," ") | BL39: =IF('PFM NON-SELL (Draft Layers)'!BM238="X","X"," ") | BM39: =IF('PFM NON-SELL (Draft Layers)'!BN238="X","X"," ") | BN39: =IF('PFM NON-SELL (Draft Layers)'!BO238="X","X"," ") -> X | BO39: =IF('PFM NON-SELL (Draft Layers)'!BP238="X","X"," ") -> X | BP39: =IF('PFM NON-SELL (Draft Layers)'!BQ238="X","X"," ") | BQ39: =IF('PFM NON-SELL (Draft Layers)'!BR238="X","X"," ") | BV39: =IF('PFM NON-SELL (Draft Layers)'!BW238="X","X"," ") | BX39: =IF('PFM NON-SELL (Draft Layers)'!BZ238="X","X"," ") -> X | BY39: =IF('PFM NON-SELL (Draft Layers)'!CA238="X","X"," ") | BZ39: =IF('PFM NON-SELL (Draft Layers)'!CB238="X","X"," ") | CA39: =IF('PFM NON-SELL (Draft Layers)'!CC238="X","X"," ") | CB39: =IF('PFM NON-SELL (Draft Layers)'!CD238="X","X"," ") | CC39: =IF('PFM NON-SELL (Draft Layers)'!CE238="X","X"," ") | CD39: =IF('PFM NON-SELL (Draft Layers)'!CF238="X","X"," ") | CE39: =IF('PFM NON-SELL (Draft Layers)'!CG238="X","X"," ") | ... CH39: =IF('PFM NON-SELL (Draft Layers)'!CJ238="X","X"," ") | CM39: =IF('PFM NON-SELL (Draft Layers)'!CV238="X","X"," ") | CN39: =IF('PFM NON-SELL (Draft Layers)'!CW238="X","X"," ") | CO39: =IF('PFM NON-SELL (Draft Layers)'!CX238="X","X"," ") | CP39: =IF('PFM NON-SELL (Draft Layers)'!CY238="X","X"," ") | CQ39: =IF('PFM NON-SELL (Draft Layers)'!CZ238="X","X"," ") | CR39: =IF('PFM NON-SELL (Draft Layers)'!DA238="X","X"," ") | CS39: =IF('PFM NON-SELL (Draft Layers)'!DB238="X","X"," ") | CT39: =IF('PFM NON-SELL (Draft Layers)'!DC238="X","X"," ") | ... DL39: =IF('PFM NON-SELL (Draft Layers)'!DU238="X","X"," ") | DO39: =COUNTIF(AW39:DN39,"x") -> 5
A40: ARIS | B40: CLEARWATER | C40: ASY-03835-04;A0 | D40: ASY, LC, TOP COVER, CL | E40: 11.71 | F40: =E40*G40 -> 13056.65 | G40: =SUM(M40:X40) -> 1115 | H40: =ROUNDUP(G40/12,0) -> 93 | I40: =J40*E40 -> 7470.98 | J40: =SUM(Y40:AC40) -> 638 | K40: =ROUNDUP(J40/5,0) -> 128 | L40: 0 | M40: 100 | N40: 0 | O40: 0 | P40: 0 | Q40: 145 | R40: 116 | S40: 145 | T40: 116 | U40: 116 | V40: 145 | W40: 116 | X40: 116 | Y40: 145 | Z40: 116 | AA40: 116 | AB40: 145 | AC40: 116 | AE40: 0 | AF40: 1113 | AG40: 0 | AH40: 0 | AI40: 0 | AJ40: 1697.95 | AK40: 1358.36 | AL40: 1613.85 | AM40: 1291.08 | AN40: 1291.08 | AO40: 1613.85 | AP40: 1291.08 | AQ40: 1291.08 | AR40: 1613.85 | AS40: 1291.08 | AT40: 1291.08 | AU40: 1613.85 | AV40: 1291.08 | AW40: =IF('PFM NON-SELL (Draft Layers)'!AW239="X","X"," ") -> X | AX40: =IF('PFM NON-SELL (Draft Layers)'!AX239="X","X"," ") | AY40: =IF('PFM NON-SELL (Draft Layers)'!AY239="X","X"," ") | AZ40: =IF('PFM NON-SELL (Draft Layers)'!AZ239="X","X"," ") | BA40: =IF('PFM NON-SELL (Draft Layers)'!BA239="X","X"," ") -> X | BB40: =IF('PFM NON-SELL (Draft Layers)'!BB239="X","X"," ") | BC40: =IF('PFM NON-SELL (Draft Layers)'!BC239="X","X"," ") | BD40: =IF('PFM NON-SELL (Draft Layers)'!BD239="X","X"," ") | ... BF40: =IF('PFM NON-SELL (Draft Layers)'!BF239="X","X"," ") | BI40: =IF('PFM NON-SELL (Draft Layers)'!BG239="X","X"," ") | BJ40: =IF('PFM NON-SELL (Draft Layers)'!BJ239="X","X"," ") | BK40: =IF('PFM NON-SELL (Draft Layers)'!BK239="X","X"," ") | BL40: =IF('PFM NON-SELL (Draft Layers)'!BM239="X","X"," ") | BM40: =IF('PFM NON-SELL (Draft Layers)'!BN239="X","X"," ") | BN40: =IF('PFM NON-SELL (Draft Layers)'!BO239="X","X"," ") -> X | BO40: =IF('PFM NON-SELL (Draft Layers)'!BP239="X","X"," ") -> X | BP40: =IF('PFM NON-SELL (Draft Layers)'!BQ239="X","X"," ") | BQ40: =IF('PFM NON-SELL (Draft Layers)'!BR239="X","X"," ") | BV40: =IF('PFM NON-SELL (Draft Layers)'!BW239="X","X"," ") | BX40: =IF('PFM NON-SELL (Draft Layers)'!BZ239="X","X"," ") | BY40: =IF('PFM NON-SELL (Draft Layers)'!CA239="X","X"," ") | BZ40: =IF('PFM NON-SELL (Draft Layers)'!CB239="X","X"," ") | CA40: =IF('PFM NON-SELL (Draft Layers)'!CC239="X","X"," ") | CB40: =IF('PFM NON-SELL (Draft Layers)'!CD239="X","X"," ") | CC40: =IF('PFM NON-SELL (Draft Layers)'!CE239="X","X"," ") | CD40: =IF('PFM NON-SELL (Draft Layers)'!CF239="X","X"," ") | CE40: =IF('PFM NON-SELL (Draft Layers)'!CG239="X","X"," ") | ... CH40: =IF('PFM NON-SELL (Draft Layers)'!CJ239="X","X"," ") | CM40: =IF('PFM NON-SELL (Draft Layers)'!CV239="X","X"," ") | CN40: =IF('PFM NON-SELL (Draft Layers)'!CW239="X","X"," ") | CO40: =IF('PFM NON-SELL (Draft Layers)'!CX239="X","X"," ") | CP40: =IF('PFM NON-SELL (Draft Layers)'!CY239="X","X"," ") | CQ40: =IF('PFM NON-SELL (Draft Layers)'!CZ239="X","X"," ") | CR40: =IF('PFM NON-SELL (Draft Layers)'!DA239="X","X"," ") | CS40: =IF('PFM NON-SELL (Draft Layers)'!DB239="X","X"," ") | CT40: =IF('PFM NON-SELL (Draft Layers)'!DC239="X","X"," ") | ... DL40: =IF('PFM NON-SELL (Draft Layers)'!DU239="X","X"," ") | DO40: =COUNTIF(AW40:DN40,"x") -> 5
A41: ARIS | B41: CLEARWATER | C41: ASY-03837-03;B0 | D41: ASY,LC,BOTTOM COVER, C | E41: 36.42 | F41: =E41*G41 -> 36966.3 | G41: =SUM(M41:X41) -> 1015 | H41: =ROUNDUP(G41/12,0) -> 85 | I41: =J41*E41 -> 23235.96 | J41: =SUM(Y41:AC41) -> 638 | K41: =ROUNDUP(J41/5,0) -> 128 | L41: 0 | M41: 0 | N41: 0 | O41: 0 | P41: 0 | Q41: 145 | R41: 116 | S41: 145 | T41: 116 | U41: 116 | V41: 145 | W41: 116 | X41: 116 | Y41: 145 | Z41: 116 | AA41: 116 | AB41: 145 | AC41: 116 | AE41: 0 | AF41: 0 | AG41: 0 | AH41: 0 | AI41: 0 | AJ41: 5280.9 | AK41: 4224.72 | AL41: 5280.9 | AM41: 4224.72 | AN41: 4224.72 | AO41: 5280.9 | AP41: 4224.72 | AQ41: 4224.72 | AR41: 5280.9 | AS41: 4224.72 | AT41: 4224.72 | AU41: 5280.9 | AV41: 4224.72 | AW41: =IF('PFM NON-SELL (Draft Layers)'!AW240="X","X"," ") -> X | AX41: =IF('PFM NON-SELL (Draft Layers)'!AX240="X","X"," ") | AY41: =IF('PFM NON-SELL (Draft Layers)'!AY240="X","X"," ") | AZ41: =IF('PFM NON-SELL (Draft Layers)'!AZ240="X","X"," ") | BA41: =IF('PFM NON-SELL (Draft Layers)'!BA240="X","X"," ") | BB41: =IF('PFM NON-SELL (Draft Layers)'!BB240="X","X"," ") | BC41: =IF('PFM NON-SELL (Draft Layers)'!BC240="X","X"," ") | BD41: =IF('PFM NON-SELL (Draft Layers)'!BD240="X","X"," ") | ... BF41: =IF('PFM NON-SELL (Draft Layers)'!BF240="X","X"," ") | BI41: =IF('PFM NON-SELL (Draft Layers)'!BG240="X","X"," ") | BJ41: =IF('PFM NON-SELL (Draft Layers)'!BJ240="X","X"," ") | BK41: =IF('PFM NON-SELL (Draft Layers)'!BK240="X","X"," ") | BL41: =IF('PFM NON-SELL (Draft Layers)'!BM240="X","X"," ") | BM41: =IF('PFM NON-SELL (Draft Layers)'!BN240="X","X"," ") | BN41: =IF('PFM NON-SELL (Draft Layers)'!BO240="X","X"," ") -> X | BO41: =IF('PFM NON-SELL (Draft Layers)'!BP240="X","X"," ") -> X | BP41: =IF('PFM NON-SELL (Draft Layers)'!BQ240="X","X"," ") | BQ41: =IF('PFM NON-SELL (Draft Layers)'!BR240="X","X"," ") | BV41: =IF('PFM NON-SELL (Draft Layers)'!BW240="X","X"," ") | BX41: =IF('PFM NON-SELL (Draft Layers)'!BZ240="X","X"," ") | BY41: =IF('PFM NON-SELL (Draft Layers)'!CA240="X","X"," ") | BZ41: =IF('PFM NON-SELL (Draft Layers)'!CB240="X","X"," ") | CA41: =IF('PFM NON-SELL (Draft Layers)'!CC240="X","X"," ") | CB41: =IF('PFM NON-SELL (Draft Layers)'!CD240="X","X"," ") | CC41: =IF('PFM NON-SELL (Draft Layers)'!CE240="X","X"," ") | CD41: =IF('PFM NON-SELL (Draft Layers)'!CF240="X","X"," ") | CE41: =IF('PFM NON-SELL (Draft Layers)'!CG240="X","X"," ") | ... CH41: =IF('PFM NON-SELL (Draft Layers)'!CJ240="X","X"," ") | CM41: =IF('PFM NON-SELL (Draft Layers)'!CV240="X","X"," ") | CN41: =IF('PFM NON-SELL (Draft Layers)'!CW240="X","X"," ") | CO41: =IF('PFM NON-SELL (Draft Layers)'!CX240="X","X"," ") | CP41: =IF('PFM NON-SELL (Draft Layers)'!CY240="X","X"," ") | CQ41: =IF('PFM NON-SELL (Draft Layers)'!CZ240="X","X"," ") | CR41: =IF('PFM NON-SELL (Draft Layers)'!DA240="X","X"," ") | CS41: =IF('PFM NON-SELL (Draft Layers)'!DB240="X","X"," ") | CT41: =IF('PFM NON-SELL (Draft Layers)'!DC240="X","X"," ") | ... DL41: =IF('PFM NON-SELL (Draft Layers)'!DU240="X","X"," ") | DO41: =COUNTIF(AW41:DN41,"x") -> 5
A42: ARIS | B42: CLEARWATER | C42: ASY-05325-02;A0 | D42: ASY DN LC CPU REAR CON | E42: 7 | F42: =E42*G42 -> 7105 | G42: =SUM(M42:X42) -> 1015 | H42: =ROUNDUP(G42/12,0) -> 85 | I42: =J42*E42 -> 4466 | J42: =SUM(Y42:AC42) -> 638 | K42: =ROUNDUP(J42/5,0) -> 128 | L42: 0 | M42: 0 | N42: 0 | O42: 0 | P42: 0 | Q42: 145 | R42: 116 | S42: 145 | T42: 116 | U42: 116 | V42: 145 | W42: 116 | X42: 116 | Y42: 145 | Z42: 116 | AA42: 116 | AB42: 145 | AC42: 116 | AE42: 0 | AF42: 0 | AG42: 0 | AH42: 0 | AI42: 0 | AJ42: 974.4 | AK42: 779.52 | AL42: 974.4 | AM42: 779.52 | AN42: 779.52 | AO42: 974.4 | AP42: 779.52 | AQ42: 779.52 | AR42: 974.4 | AS42: 779.52 | AT42: 779.52 | AU42: 974.4 | AV42: 779.52 | AW42: =IF('PFM NON-SELL (Draft Layers)'!AW241="X","X"," ") | AX42: =IF('PFM NON-SELL (Draft Layers)'!AX241="X","X"," ") | AY42: =IF('PFM NON-SELL (Draft Layers)'!AY241="X","X"," ") | AZ42: =IF('PFM NON-SELL (Draft Layers)'!AZ241="X","X"," ") | BA42: =IF('PFM NON-SELL (Draft Layers)'!BA241="X","X"," ") -> X | BB42: =IF('PFM NON-SELL (Draft Layers)'!BB241="X","X"," ") | BC42: =IF('PFM NON-SELL (Draft Layers)'!BC241="X","X"," ") | BD42: =IF('PFM NON-SELL (Draft Layers)'!BD241="X","X"," ") | ... BF42: =IF('PFM NON-SELL (Draft Layers)'!BF241="X","X"," ") | BI42: =IF('PFM NON-SELL (Draft Layers)'!BG241="X","X"," ") | BJ42: =IF('PFM NON-SELL (Draft Layers)'!BJ241="X","X"," ") | BK42: =IF('PFM NON-SELL (Draft Layers)'!BK241="X","X"," ") | BL42: =IF('PFM NON-SELL (Draft Layers)'!BM241="X","X"," ") | BM42: =IF('PFM NON-SELL (Draft Layers)'!BN241="X","X"," ") | BN42: =IF('PFM NON-SELL (Draft Layers)'!BO241="X","X"," ") -> X | BO42: =IF('PFM NON-SELL (Draft Layers)'!BP241="X","X"," ") -> X | BP42: =IF('PFM NON-SELL (Draft Layers)'!BQ241="X","X"," ") | BQ42: =IF('PFM NON-SELL (Draft Layers)'!BR241="X","X"," ") | BV42: =IF('PFM NON-SELL (Draft Layers)'!BW241="X","X"," ") | BX42: =IF('PFM NON-SELL (Draft Layers)'!BZ241="X","X"," ") | BY42: =IF('PFM NON-SELL (Draft Layers)'!CA241="X","X"," ") | BZ42: =IF('PFM NON-SELL (Draft Layers)'!CB241="X","X"," ") | CA42: =IF('PFM NON-SELL (Draft Layers)'!CC241="X","X"," ") | CB42: =IF('PFM NON-SELL (Draft Layers)'!CD241="X","X"," ") | CC42: =IF('PFM NON-SELL (Draft Layers)'!CE241="X","X"," ") | CD42: =IF('PFM NON-SELL (Draft Layers)'!CF241="X","X"," ") | CE42: =IF('PFM NON-SELL (Draft Layers)'!CG241="X","X"," ") | ... CH42: =IF('PFM NON-SELL (Draft Layers)'!CJ241="X","X"," ") | CM42: =IF('PFM NON-SELL (Draft Layers)'!CV241="X","X"," ") | CN42: =IF('PFM NON-SELL (Draft Layers)'!CW241="X","X"," ") | CO42: =IF('PFM NON-SELL (Draft Layers)'!CX241="X","X"," ") | CP42: =IF('PFM NON-SELL (Draft Layers)'!CY241="X","X"," ") | CQ42: =IF('PFM NON-SELL (Draft Layers)'!CZ241="X","X"," ") | CR42: =IF('PFM NON-SELL (Draft Layers)'!DA241="X","X"," ") | CS42: =IF('PFM NON-SELL (Draft Layers)'!DB241="X","X"," ") | CT42: =IF('PFM NON-SELL (Draft Layers)'!DC241="X","X"," ") | ... DL42: =IF('PFM NON-SELL (Draft Layers)'!DU241="X","X"," ") | DO42: =COUNTIF(AW42:DN42,"x") -> 5
A43: ARIS | B43: CLEARWATER | C43: ASY-05326-05;B0 | D43: ASY LC BOTTOM COVER CL | E43: 30.98 | F43: =E43*G43 -> 31444.7 | G43: =SUM(M43:X43) -> 1015 | H43: =ROUNDUP(G43/12,0) -> 85 | I43: =J43*E43 -> 19765.24 | J43: =SUM(Y43:AC43) -> 638 | K43: =ROUNDUP(J43/5,0) -> 128 | L43: 0 | M43: 0 | N43: 0 | O43: 0 | P43: 0 | Q43: 145 | R43: 116 | S43: 145 | T43: 116 | U43: 116 | V43: 145 | W43: 116 | X43: 116 | Y43: 145 | Z43: 116 | AA43: 116 | AB43: 145 | AC43: 116 | AE43: 0 | AF43: 0 | AG43: 0 | AH43: 0 | AI43: 0 | AJ43: 4492.1 | AK43: 3593.68 | AL43: 4492.1 | AM43: 3593.68 | AN43: 3593.68 | AO43: 4492.1 | AP43: 3593.68 | AQ43: 3593.68 | AR43: 4492.1 | AS43: 3593.68 | AT43: 3593.68 | AU43: 4492.1 | AV43: 3593.68 | AW43: =IF('PFM NON-SELL (Draft Layers)'!AW244="X","X"," ") -> X | AX43: =IF('PFM NON-SELL (Draft Layers)'!AX244="X","X"," ") | AY43: =IF('PFM NON-SELL (Draft Layers)'!AY244="X","X"," ") | AZ43: =IF('PFM NON-SELL (Draft Layers)'!AZ244="X","X"," ") | BA43: =IF('PFM NON-SELL (Draft Layers)'!BA244="X","X"," ") | BB43: =IF('PFM NON-SELL (Draft Layers)'!BB244="X","X"," ") | BC43: =IF('PFM NON-SELL (Draft Layers)'!BC244="X","X"," ") | BD43: =IF('PFM NON-SELL (Draft Layers)'!BD244="X","X"," ") | ... BF43: =IF('PFM NON-SELL (Draft Layers)'!BF244="X","X"," ") | BI43: =IF('PFM NON-SELL (Draft Layers)'!BG244="X","X"," ") | BJ43: =IF('PFM NON-SELL (Draft Layers)'!BJ244="X","X"," ") | BK43: =IF('PFM NON-SELL (Draft Layers)'!BK244="X","X"," ") | BL43: =IF('PFM NON-SELL (Draft Layers)'!BM244="X","X"," ") | BM43: =IF('PFM NON-SELL (Draft Layers)'!BN244="X","X"," ") | BN43: =IF('PFM NON-SELL (Draft Layers)'!BO244="X","X"," ") -> X | BO43: =IF('PFM NON-SELL (Draft Layers)'!BP244="X","X"," ") -> X | BP43: =IF('PFM NON-SELL (Draft Layers)'!BQ244="X","X"," ") | BQ43: =IF('PFM NON-SELL (Draft Layers)'!BR244="X","X"," ") | BV43: =IF('PFM NON-SELL (Draft Layers)'!BW244="X","X"," ") | BX43: =IF('PFM NON-SELL (Draft Layers)'!BZ244="X","X"," ") | BY43: =IF('PFM NON-SELL (Draft Layers)'!CA244="X","X"," ") | BZ43: =IF('PFM NON-SELL (Draft Layers)'!CB244="X","X"," ") | CA43: =IF('PFM NON-SELL (Draft Layers)'!CC244="X","X"," ") | CB43: =IF('PFM NON-SELL (Draft Layers)'!CD244="X","X"," ") | CC43: =IF('PFM NON-SELL (Draft Layers)'!CE244="X","X"," ") | CD43: =IF('PFM NON-SELL (Draft Layers)'!CF244="X","X"," ") | CE43: =IF('PFM NON-SELL (Draft Layers)'!CG244="X","X"," ") | ... CH43: =IF('PFM NON-SELL (Draft Layers)'!CJ244="X","X"," ") | CM43: =IF('PFM NON-SELL (Draft Layers)'!CV244="X","X"," ") | CN43: =IF('PFM NON-SELL (Draft Layers)'!CW244="X","X"," ") | CO43: =IF('PFM NON-SELL (Draft Layers)'!CX244="X","X"," ") | CP43: =IF('PFM NON-SELL (Draft Layers)'!CY244="X","X"," ") | CQ43: =IF('PFM NON-SELL (Draft Layers)'!CZ244="X","X"," ") | CR43: =IF('PFM NON-SELL (Draft Layers)'!DA244="X","X"," ") | CS43: =IF('PFM NON-SELL (Draft Layers)'!DB244="X","X"," ") | CT43: =IF('PFM NON-SELL (Draft Layers)'!DC244="X","X"," ") | ... DL43: =IF('PFM NON-SELL (Draft Layers)'!DU244="X","X"," ") | DO43: =COUNTIF(AW43:DN43,"x") -> 5
A44: ARIS | B44: CLEARWATER | C44: ASY-05327-03;A0 | D44: ASY DN LC STIFFENER RI | E44: 7.43 | F44: =E44*G44 -> 7541.45 | G44: =SUM(M44:X44) -> 1015 | H44: =ROUNDUP(G44/12,0) -> 85 | I44: =J44*E44 -> 4740.34 | J44: =SUM(Y44:AC44) -> 638 | K44: =ROUNDUP(J44/5,0) -> 128 | L44: 0 | M44: 0 | N44: 0 | O44: 0 | P44: 0 | Q44: 145 | R44: 116 | S44: 145 | T44: 116 | U44: 116 | V44: 145 | W44: 116 | X44: 116 | Y44: 145 | Z44: 116 | AA44: 116 | AB44: 145 | AC44: 116 | AE44: 0 | AF44: 0 | AG44: 0 | AH44: 0 | AI44: 0 | AJ44: 1077.35 | AK44: 861.88 | AL44: 1077.35 | AM44: 861.88 | AN44: 861.88 | AO44: 1077.35 | AP44: 861.88 | AQ44: 861.88 | AR44: 1077.35 | AS44: 861.88 | AT44: 861.88 | AU44: 1077.35 | AV44: 861.88 | AW44: =IF('PFM NON-SELL (Draft Layers)'!AW245="X","X"," ") -> X | AX44: =IF('PFM NON-SELL (Draft Layers)'!AX245="X","X"," ") | AY44: =IF('PFM NON-SELL (Draft Layers)'!AY245="X","X"," ") | AZ44: =IF('PFM NON-SELL (Draft Layers)'!AZ245="X","X"," ") | BA44: =IF('PFM NON-SELL (Draft Layers)'!BA245="X","X"," ") -> X | BB44: =IF('PFM NON-SELL (Draft Layers)'!BB245="X","X"," ") | BC44: =IF('PFM NON-SELL (Draft Layers)'!BC245="X","X"," ") | BD44: =IF('PFM NON-SELL (Draft Layers)'!BD245="X","X"," ") | ... BF44: =IF('PFM NON-SELL (Draft Layers)'!BF245="X","X"," ") | BI44: =IF('PFM NON-SELL (Draft Layers)'!BG245="X","X"," ") | BJ44: =IF('PFM NON-SELL (Draft Layers)'!BJ245="X","X"," ") | BK44: =IF('PFM NON-SELL (Draft Layers)'!BK245="X","X"," ") | BL44: =IF('PFM NON-SELL (Draft Layers)'!BM245="X","X"," ") | BM44: =IF('PFM NON-SELL (Draft Layers)'!BN245="X","X"," ") | BN44: =IF('PFM NON-SELL (Draft Layers)'!BO245="X","X"," ") -> X | BO44: =IF('PFM NON-SELL (Draft Layers)'!BP245="X","X"," ") -> X | BP44: =IF('PFM NON-SELL (Draft Layers)'!BQ245="X","X"," ") | BQ44: =IF('PFM NON-SELL (Draft Layers)'!BR245="X","X"," ") | BV44: =IF('PFM NON-SELL (Draft Layers)'!BW245="X","X"," ") | BX44: =IF('PFM NON-SELL (Draft Layers)'!BZ245="X","X"," ") | BY44: =IF('PFM NON-SELL (Draft Layers)'!CA245="X","X"," ") | BZ44: =IF('PFM NON-SELL (Draft Layers)'!CB245="X","X"," ") | CA44: =IF('PFM NON-SELL (Draft Layers)'!CC245="X","X"," ") | CB44: =IF('PFM NON-SELL (Draft Layers)'!CD245="X","X"," ") | CC44: =IF('PFM NON-SELL (Draft Layers)'!CE245="X","X"," ") | CD44: =IF('PFM NON-SELL (Draft Layers)'!CF245="X","X"," ") | CE44: =IF('PFM NON-SELL (Draft Layers)'!CG245="X","X"," ") | ... CH44: =IF('PFM NON-SELL (Draft Layers)'!CJ245="X","X"," ") | CM44: =IF('PFM NON-SELL (Draft Layers)'!CV245="X","X"," ") | CN44: =IF('PFM NON-SELL (Draft Layers)'!CW245="X","X"," ") | CO44: =IF('PFM NON-SELL (Draft Layers)'!CX245="X","X"," ") | CP44: =IF('PFM NON-SELL (Draft Layers)'!CY245="X","X"," ") | CQ44: =IF('PFM NON-SELL (Draft Layers)'!CZ245="X","X"," ") | CR44: =IF('PFM NON-SELL (Draft Layers)'!DA245="X","X"," ") | CS44: =IF('PFM NON-SELL (Draft Layers)'!DB245="X","X"," ") | CT44: =IF('PFM NON-SELL (Draft Layers)'!DC245="X","X"," ") | ... DL44: =IF('PFM NON-SELL (Draft Layers)'!DU245="X","X"," ") | DO44: =COUNTIF(AW44:DN44,"x") -> 6
A45: ARIS | B45: CLEARWATER | C45: ASY-05330-03;A0 | D45: ASY DN LC STIFFENER MI | E45: 4.61 | F45: =E45*G45 -> 4679.15 | G45: =SUM(M45:X45) -> 1015 | H45: =ROUNDUP(G45/12,0) -> 85 | I45: =J45*E45 -> 2941.18 | J45: =SUM(Y45:AC45) -> 638 | K45: =ROUNDUP(J45/5,0) -> 128 | L45: 0 | M45: 0 | N45: 0 | O45: 0 | P45: 0 | Q45: 145 | R45: 116 | S45: 145 | T45: 116 | U45: 116 | V45: 145 | W45: 116 | X45: 116 | Y45: 145 | Z45: 116 | AA45: 116 | AB45: 145 | AC45: 116 | AE45: 0 | AF45: 0 | AG45: 0 | AH45: 0 | AI45: 0 | AJ45: 668.45 | AK45: 534.76 | AL45: 668.45 | AM45: 534.76 | AN45: 534.76 | AO45: 668.45 | AP45: 534.76 | AQ45: 534.76 | AR45: 668.45 | AS45: 534.76 | AT45: 534.76 | AU45: 668.45 | AV45: 534.76 | AW45: =IF('PFM NON-SELL (Draft Layers)'!AW246="X","X"," ") | AX45: =IF('PFM NON-SELL (Draft Layers)'!AX246="X","X"," ") | AY45: =IF('PFM NON-SELL (Draft Layers)'!AY246="X","X"," ") -> X | AZ45: =IF('PFM NON-SELL (Draft Layers)'!AZ246="X","X"," ") | BA45: =IF('PFM NON-SELL (Draft Layers)'!BA246="X","X"," ") | BB45: =IF('PFM NON-SELL (Draft Layers)'!BB246="X","X"," ") | BC45: =IF('PFM NON-SELL (Draft Layers)'!BC246="X","X"," ") | BD45: =IF('PFM NON-SELL (Draft Layers)'!BD246="X","X"," ") | ... BF45: =IF('PFM NON-SELL (Draft Layers)'!BF246="X","X"," ") | BI45: =IF('PFM NON-SELL (Draft Layers)'!BG246="X","X"," ") | BJ45: =IF('PFM NON-SELL (Draft Layers)'!BJ246="X","X"," ") | BK45: =IF('PFM NON-SELL (Draft Layers)'!BK246="X","X"," ") | BL45: =IF('PFM NON-SELL (Draft Layers)'!BM246="X","X"," ") | BM45: =IF('PFM NON-SELL (Draft Layers)'!BN246="X","X"," ") | BN45: =IF('PFM NON-SELL (Draft Layers)'!BO246="X","X"," ") -> X | BO45: =IF('PFM NON-SELL (Draft Layers)'!BP246="X","X"," ") -> X | BP45: =IF('PFM NON-SELL (Draft Layers)'!BQ246="X","X"," ") | BQ45: =IF('PFM NON-SELL (Draft Layers)'!BR246="X","X"," ") | BV45: =IF('PFM NON-SELL (Draft Layers)'!BW246="X","X"," ") | BX45: =IF('PFM NON-SELL (Draft Layers)'!BZ246="X","X"," ") | BY45: =IF('PFM NON-SELL (Draft Layers)'!CA246="X","X"," ") | BZ45: =IF('PFM NON-SELL (Draft Layers)'!CB246="X","X"," ") | CA45: =IF('PFM NON-SELL (Draft Layers)'!CC246="X","X"," ") | CB45: =IF('PFM NON-SELL (Draft Layers)'!CD246="X","X"," ") | CC45: =IF('PFM NON-SELL (Draft Layers)'!CE246="X","X"," ") | CD45: =IF('PFM NON-SELL (Draft Layers)'!CF246="X","X"," ") | CE45: =IF('PFM NON-SELL (Draft Layers)'!CG246="X","X"," ") | ... CH45: =IF('PFM NON-SELL (Draft Layers)'!CJ246="X","X"," ") | CM45: =IF('PFM NON-SELL (Draft Layers)'!CV246="X","X"," ") | CN45: =IF('PFM NON-SELL (Draft Layers)'!CW246="X","X"," ") | CO45: =IF('PFM NON-SELL (Draft Layers)'!CX246="X","X"," ") | CP45: =IF('PFM NON-SELL (Draft Layers)'!CY246="X","X"," ") | CQ45: =IF('PFM NON-SELL (Draft Layers)'!CZ246="X","X"," ") | CR45: =IF('PFM NON-SELL (Draft Layers)'!DA246="X","X"," ") | CS45: =IF('PFM NON-SELL (Draft Layers)'!DB246="X","X"," ") | CT45: =IF('PFM NON-SELL (Draft Layers)'!DC246="X","X"," ") | ... DL45: =IF('PFM NON-SELL (Draft Layers)'!DU246="X","X"," ") | DO45: =COUNTIF(AW45:DN45,"x") -> 5
A46: ARIS | B46: CLEARWATER | C46: ASY-05331-05;A0 | D46: MTL,DN,LC,TOP COVER, C | E46: 10.21 | F46: =E46*G46 -> 10363.15 | G46: =SUM(M46:X46) -> 1015 | H46: =ROUNDUP(G46/12,0) -> 85 | I46: =J46*E46 -> 6513.98 | J46: =SUM(Y46:AC46) -> 638 | K46: =ROUNDUP(J46/5,0) -> 128 | L46: 0 | M46: 0 | N46: 0 | O46: 0 | P46: 0 | Q46: 145 | R46: 116 | S46: 145 | T46: 116 | U46: 116 | V46: 145 | W46: 116 | X46: 116 | Y46: 145 | Z46: 116 | AA46: 116 | AB46: 145 | AC46: 116 | AE46: 0 | AF46: 0 | AG46: 0 | AH46: 0 | AI46: 0 | AJ46: 1480.45 | AK46: 1184.36 | AL46: 1480.45 | AM46: 1184.36 | AN46: 1184.36 | AO46: 1480.45 | AP46: 1184.36 | AQ46: 1184.36 | AR46: 1480.45 | AS46: 1184.36 | AT46: 1184.36 | AU46: 1480.45 | AV46: 1184.36 | AW46: =IF('PFM NON-SELL (Draft Layers)'!AW247="X","X"," ") -> X | AX46: =IF('PFM NON-SELL (Draft Layers)'!AX247="X","X"," ") | AY46: =IF('PFM NON-SELL (Draft Layers)'!AY247="X","X"," ") | AZ46: =IF('PFM NON-SELL (Draft Layers)'!AZ247="X","X"," ") | BA46: =IF('PFM NON-SELL (Draft Layers)'!BA247="X","X"," ") | BB46: =IF('PFM NON-SELL (Draft Layers)'!BB247="X","X"," ") | BC46: =IF('PFM NON-SELL (Draft Layers)'!BC247="X","X"," ") | BD46: =IF('PFM NON-SELL (Draft Layers)'!BD247="X","X"," ") | ... BF46: =IF('PFM NON-SELL (Draft Layers)'!BF247="X","X"," ") | BI46: =IF('PFM NON-SELL (Draft Layers)'!BG247="X","X"," ") | BJ46: =IF('PFM NON-SELL (Draft Layers)'!BJ247="X","X"," ") | BK46: =IF('PFM NON-SELL (Draft Layers)'!BK247="X","X"," ") | BL46: =IF('PFM NON-SELL (Draft Layers)'!BM247="X","X"," ") | BM46: =IF('PFM NON-SELL (Draft Layers)'!BN247="X","X"," ") | BN46: =IF('PFM NON-SELL (Draft Layers)'!BO247="X","X"," ") -> X | BO46: =IF('PFM NON-SELL (Draft Layers)'!BP247="X","X"," ") -> X | BP46: =IF('PFM NON-SELL (Draft Layers)'!BQ247="X","X"," ") | BQ46: =IF('PFM NON-SELL (Draft Layers)'!BR247="X","X"," ") | BV46: =IF('PFM NON-SELL (Draft Layers)'!BW247="X","X"," ") | BX46: =IF('PFM NON-SELL (Draft Layers)'!BZ247="X","X"," ") | BY46: =IF('PFM NON-SELL (Draft Layers)'!CA247="X","X"," ") | BZ46: =IF('PFM NON-SELL (Draft Layers)'!CB247="X","X"," ") | CA46: =IF('PFM NON-SELL (Draft Layers)'!CC247="X","X"," ") | CB46: =IF('PFM NON-SELL (Draft Layers)'!CD247="X","X"," ") | CC46: =IF('PFM NON-SELL (Draft Layers)'!CE247="X","X"," ") | CD46: =IF('PFM NON-SELL (Draft Layers)'!CF247="X","X"," ") | CE46: =IF('PFM NON-SELL (Draft Layers)'!CG247="X","X"," ") | ... CH46: =IF('PFM NON-SELL (Draft Layers)'!CJ247="X","X"," ") | CM46: =IF('PFM NON-SELL (Draft Layers)'!CV247="X","X"," ") | CN46: =IF('PFM NON-SELL (Draft Layers)'!CW247="X","X"," ") | CO46: =IF('PFM NON-SELL (Draft Layers)'!CX247="X","X"," ") | CP46: =IF('PFM NON-SELL (Draft Layers)'!CY247="X","X"," ") | CQ46: =IF('PFM NON-SELL (Draft Layers)'!CZ247="X","X"," ") | CR46: =IF('PFM NON-SELL (Draft Layers)'!DA247="X","X"," ") | CS46: =IF('PFM NON-SELL (Draft Layers)'!DB247="X","X"," ") | CT46: =IF('PFM NON-SELL (Draft Layers)'!DC247="X","X"," ") | ... DL46: =IF('PFM NON-SELL (Draft Layers)'!DU247="X","X"," ") | DO46: =COUNTIF(AW46:DN46,"x") -> 4
A47: ARIS | B47: CLEARWATER | C47: ASY-05688-04;A0 | D47: ASY, DN, LC, FACEPLATE | E47: 32.38 | F47: =E47*G47 -> 32865.7 | G47: =SUM(M47:X47) -> 1015 | H47: =ROUNDUP(G47/12,0) -> 85 | I47: =J47*E47 -> 20658.44 | J47: =SUM(Y47:AC47) -> 638 | K47: =ROUNDUP(J47/5,0) -> 128 | L47: 0 | M47: 0 | N47: 0 | O47: 0 | P47: 0 | Q47: 145 | R47: 116 | S47: 145 | T47: 116 | U47: 116 | V47: 145 | W47: 116 | X47: 116 | Y47: 145 | Z47: 116 | AA47: 116 | AB47: 145 | AC47: 116 | AE47: 0 | AF47: 0 | AG47: 0 | AH47: 0 | AI47: 0 | AJ47: 4580.55 | AK47: 3664.44 | AL47: 4580.55 | AM47: 3664.44 | AN47: 3664.44 | AO47: 4580.55 | AP47: 3664.44 | AQ47: 3664.44 | AR47: 4580.55 | AS47: 3664.44 | AT47: 3664.44 | AU47: 4580.55 | AV47: 3664.44 | AW47: =IF('PFM NON-SELL (Draft Layers)'!AW248="X","X"," ") | AX47: =IF('PFM NON-SELL (Draft Layers)'!AX248="X","X"," ") | AY47: =IF('PFM NON-SELL (Draft Layers)'!AY248="X","X"," ") | AZ47: =IF('PFM NON-SELL (Draft Layers)'!AZ248="X","X"," ") | BA47: =IF('PFM NON-SELL (Draft Layers)'!BA248="X","X"," ") -> X | BB47: =IF('PFM NON-SELL (Draft Layers)'!BB248="X","X"," ") | BC47: =IF('PFM NON-SELL (Draft Layers)'!BC248="X","X"," ") | BD47: =IF('PFM NON-SELL (Draft Layers)'!BD248="X","X"," ") | ... BF47: =IF('PFM NON-SELL (Draft Layers)'!BF248="X","X"," ") | BI47: =IF('PFM NON-SELL (Draft Layers)'!BG248="X","X"," ") | BJ47: =IF('PFM NON-SELL (Draft Layers)'!BJ248="X","X"," ") | BK47: =IF('PFM NON-SELL (Draft Layers)'!BK248="X","X"," ") | BL47: =IF('PFM NON-SELL (Draft Layers)'!BM248="X","X"," ") | BM47: =IF('PFM NON-SELL (Draft Layers)'!BN248="X","X"," ") | BN47: =IF('PFM NON-SELL (Draft Layers)'!BO248="X","X"," ") -> X | BO47: =IF('PFM NON-SELL (Draft Layers)'!BP248="X","X"," ") -> X | BP47: =IF('PFM NON-SELL (Draft Layers)'!BQ248="X","X"," ") | BQ47: =IF('PFM NON-SELL (Draft Layers)'!BR248="X","X"," ") | BV47: =IF('PFM NON-SELL (Draft Layers)'!BW248="X","X"," ") | BX47: =IF('PFM NON-SELL (Draft Layers)'!BZ248="X","X"," ") | BY47: =IF('PFM NON-SELL (Draft Layers)'!CA248="X","X"," ") | BZ47: =IF('PFM NON-SELL (Draft Layers)'!CB248="X","X"," ") | CA47: =IF('PFM NON-SELL (Draft Layers)'!CC248="X","X"," ") | CB47: =IF('PFM NON-SELL (Draft Layers)'!CD248="X","X"," ") | CC47: =IF('PFM NON-SELL (Draft Layers)'!CE248="X","X"," ") | CD47: =IF('PFM NON-SELL (Draft Layers)'!CF248="X","X"," ") | CE47: =IF('PFM NON-SELL (Draft Layers)'!CG248="X","X"," ") | ... CH47: =IF('PFM NON-SELL (Draft Layers)'!CJ248="X","X"," ") | CM47: =IF('PFM NON-SELL (Draft Layers)'!CV248="X","X"," ") | CN47: =IF('PFM NON-SELL (Draft Layers)'!CW248="X","X"," ") -> X | CO47: =IF('PFM NON-SELL (Draft Layers)'!CX248="X","X"," ") | CP47: =IF('PFM NON-SELL (Draft Layers)'!CY248="X","X"," ") | CQ47: =IF('PFM NON-SELL (Draft Layers)'!CZ248="X","X"," ") | CR47: =IF('PFM NON-SELL (Draft Layers)'!DA248="X","X"," ") | CS47: =IF('PFM NON-SELL (Draft Layers)'!DB248="X","X"," ") | CT47: =IF('PFM NON-SELL (Draft Layers)'!DC248="X","X"," ") | ... DL47: =IF('PFM NON-SELL (Draft Layers)'!DU248="X","X"," ") | DO47: =COUNTIF(AW47:DN47,"x") -> 8
